Pole Index,Coefficients,Status
0,"[array([-560.60024649, 2468.93353473]), array([  548.88352108, -2420.72121499])]",Success
1,"[array([-456.28759748, 3043.47124519]), array([  444.9636717 , -2970.77759054])]",Success
2,[],Success
3,"[array([-424.574974  , 3257.33893005]), array([  416.03089557, -3194.22485397])]",Success
4,[],Success
5,[],Success
6,[],Success
7,"[array([-365.8860139 , 3745.30121961]), array([  361.36890261, -3701.0864911 ])]",Success
8,"[array([-348.38289076, 3940.39882776]), array([  344.16006785, -3894.58944565])]",Success
9,"[array([-264.58425007, 5164.9103842 ]), array([  262.17528877, -5119.20960171])]",Success
11,"[array([-237.34605286, 5743.79180899]), array([  235.488885  , -5699.94948879])]",Success
12,"[array([-224.62097996, 6073.04161656]), array([  223.23770122, -6036.74941917])]",Success
13,[],Success
14,[],Success
15,"[array([-224.72923484, 6075.93642018]), array([  223.20432708, -6035.83709964])]",Success
17,[],Success
19,"[array([-177.51237105, 7687.48192081]), array([  176.37991573, -7639.24218586])]",Success
21,"[array([-170.33336694, 7988.27629187]), array([  169.54234511, -7951.87891365])]",Success
22,"[array([-165.40064906, 8211.09908731]), array([  164.65109929, -8174.47745677])]",Success
23,[],Success
24,[],Success
25,"[array([-152.86586171, 8886.88033878]), array([  152.38515146, -8859.51072027])]",Success
28,"[array([-142.10032597, 9592.01885573]), array([  141.42258197, -9546.82150796])]",Success
30,[],Success
31,[],Success
10,"[array([-258.49991092, 5394.19254465]), array([  251.19536085, -5243.80741237])]",Success
16,"[array([-195.89240979, 7184.28068264]), array([  188.75347357, -6925.27782407])]",Success
18,[],Success
20,"[array([-173.58788601, 7841.84261758]), array([  172.77036064, -7805.63723659])]",Success
26,"[array([-146.18354151, 9285.80048824]), array([  145.73921464, -9258.07760211])]",Success
29,"[array([-137.05379277, 9925.44860849]), array([  136.41830378, -9879.89208993])]",Success
32,[],Success
33,[],Success
34,"[array([ -132.89779526, 10730.84764952]), array([   126.10889859, -10183.12656087])]",Success
35,"[array([ -128.03723792, 10636.17088841]), array([   127.4342368 , -10586.53627071])]",Success
36,"[array([ -127.4342368 , 10666.40577025]), array([   126.83688881, -10616.7672885 ])]",Success
38,"[array([ -120.81061596, 11250.44403052]), array([   120.25643882, -11199.14310784])]",Success
39,[],Success
40,[],Success
41,[],Success
42,"[array([ -117.78871457, 11547.51827895]), array([   117.42177154, -11511.9268496 ])]",Success
44,"[array([ -110.46567479, 12285.56189414]), array([   110.12314556, -12247.71546258])]",Success
45,"[array([ -111.36115049, 13016.70430685]), array([   104.08048092, -12166.68457182])]",Success
46,"[array([ -106.61035031, 12721.19789431]), array([   106.49752035, -12707.99764449])]",Success
47,[],Success
48,"[array([ -106.48495537, 12706.25151567]), array([   106.34087721, -12689.24266451])]",Success
49,"[array([ -104.23533062, 13033.15487423]), array([   103.90703037, -12992.34203733])]",Success
50,"[array([ -101.00203883, 13465.1252813 ]), array([   100.53298911, -13402.80076123])]",Success
58,"[array([  -88.46062292, 15324.85775277]), array([    88.32347467, -15301.1917129 ])]",Success
59,[],Success
27,"[array([-146.95072091, 9702.42564726]), array([  139.8473628, -9235.0252531])]",Success
37,"[array([ -123.40126472, 11012.93681765]), array([   123.02389082, -10979.63664841])]",Success
43,"[array([ -118.45670372, 12147.23703652]), array([   111.74476185, -11461.7704793 ])]",Success
51,"[array([  -99.80771184, 13576.36634607]), array([    99.500138  , -13534.63812222])]",Success
52,"[array([  -99.85038446, 14544.5275422 ]), array([    93.18193844, -13573.36317655])]",Success
54,"[array([  -94.3168461 , 14379.11041306]), array([    94.16642051, -14356.34613575])]",Success
55,"[array([  -92.43339239, 14687.65303923]), array([    92.28759839, -14664.68768002])]",Success
56,"[array([  -90.95444331, 14939.94874737]), array([    90.67109614, -14893.56010831])]",Success
60,[],Success
61,[],Success
63,"[array([  -83.50687242, 16272.2899898 ]), array([    83.37639293, -16247.0274055 ])]",Success
65,"[array([  -81.716526  , 16598.37855192]), array([    81.59157718, -16573.07473826])]",Success
66,[],Success
67,[],Success
68,[],Success
70,"[array([  -79.41239728, 17064.58983408]), array([    79.28733839, -17037.75702116])]",Success
71,"[array([  -78.86345596, 17210.93944518]), array([    78.73984553, -17184.06187014])]",Success
72,"[array([  -76.9500142 , 17620.76573301]), array([    76.83089653, -17593.53834675])]",Success
74,[],Success
75,[],Success
77,"[array([  -73.08468229, 18556.04505083]), array([    72.85700416, -18498.20057218])]",Success
78,"[array([  -72.59410265, 18673.59938232]), array([    72.36900466, -18615.64131475])]",Success
82,"[array([  -69.82431143, 19428.15257709]), array([    69.63578797, -19375.64709977])]",Success
83,[],Success
92,[],Success
53,"[array([  -99.76667602, 14532.36810049]), array([    93.26945466, -13586.1826032 ])]",Success
57,"[array([  -93.58656547, 15471.26640356]), array([    87.53510334, -14471.0756924 ])]",Success
62,"[array([  -88.00560852, 16690.57058089]), array([    81.51121873, -15463.39625683])]",Success
64,"[array([  -82.22017177, 16506.77534002]), array([    81.96757523, -16456.12292891])]",Success
69,"[array([  -84.52098369, 17624.06209888]), array([    76.94235445, -16045.01756818])]",Success
73,"[array([  -79.27505089, 18819.39647063]), array([    72.06822808, -17109.16804517])]",Success
76,"[array([  -74.70122482, 18134.32082729]), array([    74.70122482, -18134.37699025])]",Success
79,"[array([  -71.66869113, 18919.04249538]), array([    71.55792036, -18889.80670541])]",Success
80,"[array([  -73.90861662, 20226.93350015]), array([    67.06120067, -18353.50151781])]",Success
81,"[array([  -70.30821757, 19346.85835666]), array([    69.9832181 , -19257.42694644])]",Success
84,[],Success
85,"[array([  -69.7729753 , 19413.87725316]), array([    69.6983512 , -19393.11256074])]",Success
86,"[array([  -69.30445456, 19575.94998769]), array([    69.19633529, -19545.41398828])]",Success
87,"[array([  -68.95403367, 19700.97840208]), array([    68.73989071, -19639.78379993])]",Success
90,"[array([  -66.39191982, 20447.41309204]), array([    66.18509141, -20383.67650112])]",Success
91,"[array([  -69.47802521, 21631.9195592 ]), array([    62.79744586, -19551.98597333])]",Success
93,[],Success
94,[],Success
95,[],Success
96,"[array([  -64.8266418 , 20916.25941449]), array([    64.72503264, -20883.42057753])]",Success
102,[],Success
103,[],Success
104,[],Success
105,[],Success
106,[],Success
89,"[array([  -67.9095886, 19981.1209429]), array([    67.69603644, -19918.20913414])]",Success
97,"[array([  -63.89037737, 21217.1646146 ]), array([    63.79132252, -21184.21133134])]",Success
98,"[array([  -63.47941597, 21410.76637058]), array([    63.38145391, -21377.76222668])]",Success
99,"[array([  -65.99771736, 22955.36471438]), array([    59.15707805, -20577.39620451])]",Success
107,"[array([  -60.77412365, 22390.12766289]), array([    60.58301005, -22319.71737791])]",Success
108,"[array([  -60.29858277, 22490.86606723]), array([    60.20436624, -22455.65735204])]",Success
109,"[array([  -60.11044367, 22585.29759014]), array([    60.01681369, -22550.1156279 ])]",Success
110,"[array([  -63.52827142, 23947.97416383]), array([    56.78190632, -21404.85746919])]",Success
112,"[array([  -58.57557508, 23132.80946487]), array([    58.57557508, -23132.76209006])]",Success
113,"[array([  -61.80255076, 24575.44202048]), array([    55.26836037, -21977.17110378])]",Success
114,[],Success
115,[],Success
116,"[array([  -57.69724208, 23528.65511144]), array([    57.60666556, -23491.66974703])]",Success
117,"[array([  -60.86535616, 24971.11959031]), array([    54.344068  , -22295.85434437])]",Success
118,"[array([  -57.10002134, 23767.04221507]), array([    57.01052287, -23729.73506653])]",Success
121,"[array([  -55.28564534, 24570.70787977]), array([    55.11421698, -24494.42623348])]",Success
122,"[array([  -55.02635711, 24644.01589903]), array([    54.94064627, -24605.51276519])]",Success
123,"[array([  -54.68431875, 24835.56460265]), array([    54.69116971, -24838.66861557])]",Success
124,[],Success
125,[],Success
126,"[array([  -54.6048519 , 24799.51365532]), array([    54.51784913, -24759.85821105])]",Success
127,"[array([  -54.60316658, 24873.56483767]), array([    54.51784913, -24834.63315566])]",Success
134,[],Success
135,[],Success
136,[],Success
88,"[array([  -71.79142847, 20892.58187315]), array([    64.89255246, -18885.18532809])]",Success
100,"[array([  -62.10628286, 21858.63652737]), array([    62.01073473, -21824.9952354 ])]",Success
101,"[array([  -65.91040759, 23308.3691473 ]), array([    58.27968023, -20609.80464494])]",Success
111,"[array([  -58.89678948, 22991.23809096]), array([    58.89678948, -22991.17067933])]",Success
119,"[array([  -59.37105758, 25773.81758085]), array([    52.80346271, -22922.87955861])]",Success
120,"[array([  -55.50199781, 24407.19057374]), array([    55.41568055, -24369.10957352])]",Success
128,"[array([  -57.47774286, 26626.53266282]), array([    51.03481003, -23641.85396113])]",Success
129,"[array([  -53.88449043, 25173.0805348 ]), array([    53.79949912, -25133.26760815])]",Success
131,"[array([  -52.8630006, 25654.4229717]), array([    52.78040216, -25614.23293123])]",Success
132,"[array([  -55.95567342, 27355.99528424]), array([    49.60082555, -24249.05821773])]",Success
133,"[array([  -52.19243592, 26039.99747588]), array([    52.1111393 , -25999.39621276])]",Success
138,"[array([  -50.8883391 , 26630.44411713]), array([    50.80895012, -26588.74983494])]",Success
141,"[array([  -49.94441289, 27104.02913519]), array([    49.86673884, -27061.67780664])]",Success
142,"[array([  -49.59315941, 27327.37588682]), array([    49.51603163, -27284.71529624])]",Success
143,"[array([  -49.37000705, 27455.70658904]), array([    49.34542991, -27441.93205957])]",Success
144,"[array([  -49.37000705, 27478.56258334]), array([    49.21718635, -27393.29375956])]",Success
145,[],Success
146,[],Success
154,[],Success
155,[],Success
156,[],Success
157,[],Success
158,[],Success
159,[],Success
160,[],Success
130,"[array([  -56.59344006, 27079.16476732]), array([    50.23086396, -24034.77955047])]",Success
137,"[array([  -54.40236429, 28203.98266391]), array([    48.17125649, -24974.14087576])]",Success
139,"[array([  -50.42035769, 26824.34835733]), array([    50.42035769, -26824.16377333])]",Success
140,"[array([  -53.68148074, 28739.77276702]), array([    47.28706906, -25316.8721122 ])]",Success
147,"[array([  -49.33401242, 27435.7181706 ]), array([    49.29271272, -27412.54586351])]",Success
148,"[array([  -49.28567707, 27431.67648813]), array([    49.30260101, -27440.92906561])]",Success
149,"[array([  -51.43959598, 29845.17656856]), array([    45.49847305, -26398.52049161])]",Success
150,"[array([  -48.21648804, 28199.02116347]), array([    48.06744171, -28111.74746715])]",Success
152,"[array([  -47.36053414, 28653.08575059]), array([    47.28664875, -28608.27422917])]",Success
153,"[array([  -47.28664875, 28688.66304464]), array([    47.21299354, -28643.82168897])]",Success
161,"[array([  -46.90943402, 28897.96446482]), array([    46.83579284, -28852.43469978])]",Success
162,"[array([  -50.12784614, 31082.61951364]), array([    43.72384817, -27111.9486091 ])]",Success
165,"[array([  -46.24739003, 29291.11548163]), array([    46.24739003, -29290.95166807])]",Success
166,"[array([  -46.13150542, 29365.71354528]), array([    46.13150542, -29365.56722888])]",Success
167,"[array([  -45.80933796, 29631.75288795]), array([    45.73809482, -29585.54659643])]",Success
169,"[array([  -45.06097081, 30120.20887851]), array([    44.99078239, -30073.17584907])]",Success
170,"[array([  -44.96034664, 30171.37130356]), array([    44.85394045, -30099.76996015])]",Success
171,[],Success
172,[],Success
173,[],Success
174,[],Success
175,"[array([  -44.91081865, 30138.15268558]), array([    44.87713967, -30115.36587842])]",Success
178,"[array([  -44.36058387, 30559.7685167 ]), array([    44.29170098, -30512.1108456 ])]",Success
185,"[array([  -46.83658729, 33801.41817102]), array([    40.25231342, -29049.23195527])]",Success
189,[],Success
151,"[array([  -51.15216774, 30442.05938204]), array([    44.68379769, -26593.60351053])]",Success
163,"[array([  -46.59771613, 29091.30320332]), array([    46.5249072 , -29045.66650223])]",Success
164,"[array([  -49.92700561, 31385.82544745]), array([    43.3136759 , -27228.38640749])]",Success
176,"[array([  -44.87713967, 30227.66897352]), array([    44.8069094 , -30180.22692868])]",Success
177,"[array([  -44.7368986 , 30325.16401702]), array([    44.66710625, -30277.70574126])]",Success
179,"[array([  -47.67092608, 33043.78696719]), array([    41.16720032, -28535.98648454])]",Success
180,"[array([  -44.0437904 , 30759.01653492]), array([    43.97550546, -30711.11779886])]",Success
183,"[array([  -43.58492763, 31119.26424414]), array([    43.51693242, -31070.52891453])]",Success
184,"[array([  -43.51693242, 31175.44721967]), array([    43.44914904, -31126.73236839])]",Success
186,"[array([  -46.56538452, 34002.06960702]), array([    40.03815577, -29235.72851993])]",Success
187,"[array([  -42.98375612, 31489.04438645]), array([    42.90780576, -31433.16522525])]",Success
188,[],Success
190,[],Success
192,"[array([  -42.98266759, 31599.48482163]), array([    42.91540207, -31549.89596014])]",Success
194,"[array([  -42.33169328, 32011.77042719]), array([    42.26585861, -31961.78653055])]",Success
196,"[array([  -41.96172899, 32276.20922847]), array([    41.89626607, -32225.63078455])]",Success
197,"[array([  -41.95343894, 32389.22353058]), array([    41.82253897, -32287.9808148 ])]",Success
200,"[array([  -41.53728794, 32703.96030932]), array([    41.47268874, -32652.97609024])]",Success
202,"[array([  -41.34148601, 32753.18140556]), array([    41.34148601, -32752.9852578 ])]",Success
203,"[array([  -41.35494242, 32868.46677393]), array([    41.33007808, -32848.6152495 ])]",Success
204,[],Success
205,[],Success
206,[],Success
207,[],Success
208,[],Success
168,"[array([  -48.63931888, 32163.88828586]), array([    42.23385142, -27929.55138308])]",Success
181,"[array([  -47.20049673, 33436.03239446]), array([    40.64297476, -28790.8551234 ])]",Success
182,"[array([  -43.67697598, 31037.37876016]), array([    43.60915459, -30989.01748819])]",Success
191,"[array([  -42.9792348 , 31485.72490562]), array([    42.98266759, -31488.06464107])]",Success
193,"[array([  -42.76067695, 31779.45499365]), array([    42.69386339, -31729.69459064])]",Success
195,"[array([  -45.356203  , 34705.59274075]), array([    39.12054557, -29934.04629969])]",Success
198,"[array([  -41.65915327, 32467.41366788]), array([    41.65915327, -32467.1793717 ])]",Success
199,"[array([  -41.53728794, 32646.47064952]), array([    41.47268874, -32595.49966073])]",Success
201,"[array([  -44.61636052, 35286.48003493]), array([    38.54698586, -30486.17054048])]",Success
209,"[array([  -41.24931078, 32784.58347158]), array([    41.24784522, -32783.19447762])]",Success
210,"[array([  -41.20073636, 32866.61614142]), array([    41.13636021, -32815.0039786 ])]",Success
211,"[array([  -41.13636021, 32946.82920202]), array([    41.07218492, -32895.20454908])]",Success
214,"[array([  -40.61401917, 33448.3759705 ]), array([    40.55055976, -33395.96961082])]",Success
215,"[array([  -40.45169692, 33525.50206581]), array([    40.38849114, -33472.936929  ])]",Success
216,"[array([  -40.0180696 , 33888.58554267]), array([    39.95592974, -33835.79693097])]",Success
217,"[array([  -42.62356311, 36278.1901734 ]), array([    37.45895619, -31882.99712353])]",Success
218,"[array([  -43.46586583, 37215.90056151]), array([    36.63551548, -31368.50566   ])]",Success
219,"[array([  -39.75947417, 34111.15542608]), array([    39.697927  , -34058.17364759])]",Success
220,[],Success
221,[],Success
222,[],Success
233,"[array([  -41.05231355, 37981.60459878]), array([    35.79379304, -33116.37452169])]",Success
234,[],Success
235,[],Success
237,[],Success
212,"[array([  -40.91127667, 33068.85887094]), array([    40.91127667, -33068.64753557])]",Success
213,"[array([  -43.71742962, 35922.07276243]), array([    37.8629849 , -31112.11874854])]",Success
223,[],Success
224,[],Success
225,[],Success
226,"[array([  -39.61088894, 34180.3603954 ]), array([    39.5488029 , -34126.50110596])]",Success
227,"[array([  -43.13185684, 37377.48827538]), array([    36.46262464, -31597.8942824 ])]",Success
228,"[array([  -39.00329939, 34764.05376609]), array([    38.94273526, -34709.82967178])]",Success
229,"[array([  -38.82890526, 34951.60938137]), array([    38.7083186 , -34842.82439153])]",Success
230,"[array([  -41.82731622, 37860.39652101]), array([    35.96423866, -32553.78686432])]",Success
232,"[array([  -38.62027807, 35151.06885635]), array([    38.56030869, -35096.31986682])]",Success
236,[],Success
238,"[array([  -38.13170895, 35541.23880697]), array([    38.07212816, -35485.44754625])]",Success
239,"[array([  -38.13170895, 35580.71614687]), array([    38.07212816, -35524.90147042])]",Success
240,"[array([  -41.05006348, 38470.30626389]), array([    35.37356271, -33152.0112397 ])]",Success
241,"[array([  -37.98986081, 35762.99782545]), array([    37.93050165, -35706.97486915])]",Success
242,"[array([  -37.74849783, 35984.1678961 ]), array([    37.63071781, -35871.67029727])]",Success
245,"[array([  -37.50999672, 36173.5794554 ]), array([    37.45138735, -36116.87669765])]",Success
246,"[array([  -37.23523326, 36397.87686833]), array([    37.23523326, -36397.68649341])]",Success
247,"[array([  -37.17723445, 36523.76369989]), array([    37.11941605, -36466.76270637])]",Success
248,"[array([  -37.11941605, 36536.81999116]), array([    37.0617772 , -36479.84315431])]",Success
253,[],Success
254,[],Success
255,[],Success
256,[],Success
231,"[array([  -38.64133382, 35058.27574817]), array([    38.64133382, -35058.07384555])]",Success
243,"[array([  -40.91931873, 39226.92572203]), array([    34.76069478, -33325.08554609])]",Success
244,"[array([  -37.60853049, 36095.28896883]), array([    37.5496752 , -36038.62609259])]",Success
249,"[array([  -40.67219777, 40334.70818541]), array([    33.89349815, -33616.22076826])]",Success
250,"[array([  -36.90646999, 36715.42726154]), array([    36.90646999, -36715.22535886])]",Success
251,"[array([  -36.82980192, 36791.65019697]), array([    36.77270145, -36734.3605695 ])]",Success
252,"[array([-3.67727015e+01,  3.67872776e+04]), array([ 3.68553218e+01, -3.68697383e+04])]",Success
257,[],Success
258,[],Success
259,"[array([-3.68746255e+01,  3.68891122e+04]), array([ 3.67548066e+01, -3.67690983e+04])]",Success
260,"[array([-3.67343998e+01,  3.68812939e+04]), array([ 3.67343998e+01, -3.68810768e+04])]",Success
261,"[array([-4.10372054e+01,  4.12949321e+04]), array([ 3.31543523e+01, -3.33624054e+04])]",Success
262,"[array([-3.66197839e+01,  3.70488498e+04]), array([ 3.65627437e+01, -3.69909482e+04])]",Success
263,"[array([-4.02229123e+01,  4.11525833e+04]), array([ 3.3185333e+01, -3.3952238e+04])]",Success
264,"[array([-3.62826896e+01,  3.73467626e+04]), array([ 3.62262624e+01, -3.72884436e+04])]",Success
266,"[array([-3.60775325e+01,  3.75605728e+04]), array([ 3.60215984e+01, -3.75020531e+04])]",Success
267,"[array([-3.59685876e+01,  3.76762430e+04]), array([ 3.59126489e+01, -3.76174116e+04])]",Success
269,"[array([-4.02360552e+01,  4.25636798e+04]), array([ 3.22001623e+01, -3.40627506e+04])]",Success
270,"[array([-3.57359363e+01,  3.79826383e+04]), array([ 3.56801860e+01, -3.79231957e+04])]",Success
271,"[array([-3.56261109e+01,  3.80495191e+04]), array([ 3.55706185e+01, -3.79900206e+04])]",Success
272,"[array([-3.55339110e+01,  3.81711327e+04]), array([ 3.55212962e+01, -3.81573761e+04])]",Success
273,[],Success
274,[],Success
275,[],Success
277,"[array([-3.53979073e+01,  3.82947666e+04]), array([ 3.53426843e+01, -3.82347988e+04])]",Success
265,"[array([-3.62269429e+01,  3.74488435e+04]), array([ 3.61706024e+01, -3.73904038e+04])]",Success
268,"[array([-3.94295250e+01,  4.15833669e+04]), array([ 3.28391615e+01, -3.46337717e+04])]",Success
276,"[array([-3.55903759e+01,  3.82317061e+04]), array([ 3.54817296e+01, -3.81148660e+04])]",Success
278,"[array([-3.52904293e+01,  3.84984144e+04]), array([ 3.51806612e+01, -3.83784342e+04])]",Success
279,"[array([-3.51885675e+01,  3.85441338e+04]), array([ 3.51336712e+01, -3.84838152e+04])]",Success
281,"[array([-3.84395931e+01,  4.22397615e+04]), array([ 3.23091408e+01, -3.55032864e+04])]",Success
283,"[array([-3.83449724e+01,  4.25346476e+04]), array([ 3.20912859e+01, -3.55978367e+04])]",Success
284,"[array([-3.48939547e+01,  3.87860551e+04]), array([ 3.48939547e+01, -3.87857940e+04])]",Success
285,"[array([-3.48592788e+01,  3.88616091e+04]), array([ 3.48592788e+01, -3.88613862e+04])]",Success
286,"[array([-3.48251063e+01,  3.89788581e+04]), array([ 3.47707770e+01, -3.89178613e+04])]",Success
287,"[array([-3.47027388e+01,  3.90655665e+04]), array([ 3.46486847e+01, -3.90044473e+04])]",Success
288,"[array([-3.46152509e+01,  3.91689681e+04]), array([ 3.45614169e+01, -3.91078151e+04])]",Success
289,"[array([-3.45685385e+01,  3.92691969e+04]), array([ 3.44610158e+01, -3.91467812e+04])]",Success
290,"[array([-3.78776635e+01,  4.31994264e+04]), array([ 3.16097477e+01, -3.60529623e+04])]",Success
291,"[array([-3.43643553e+01,  3.93926681e+04]), array([ 3.43108283e+01, -3.93310012e+04])]",Success
292,"[array([-3.43643553e+01,  3.94730576e+04]), array([ 3.43108283e+01, -3.94113418e+04])]",Success
293,"[array([-3.43386991e+01,  3.95822434e+04]), array([ 3.42270455e+01, -3.94533077e+04])]",Success
294,[],Success
295,[],Success
296,[],Success
297,[],Success
298,[],Success
299,[],Success
300,"[array([-3.43037330e+01,  3.95420108e+04]), array([ 3.42535423e+01, -3.94838952e+04])]",Success
301,"[array([-3.42910234e+01,  3.96210059e+04]), array([ 3.42374437e+01, -3.95589165e+04])]",Success
280,"[array([-3.51361906e+01,  3.85920402e+04]), array([ 3.50813759e+01, -3.85316086e+04])]",Success
282,"[array([-3.50813759e+01,  3.86905147e+04]), array([ 3.5026732e+01, -3.8630056e+04])]",Success
302,"[array([-3.41840312e+01,  3.96352819e+04]), array([ 3.41307850e+01, -3.95732753e+04])]",Success
305,"[array([-3.39193141e+01,  3.98880540e+04]), array([ 3.38665624e+01, -3.98257066e+04])]",Success
306,"[array([-3.76392605e+01,  4.43160587e+04]), array([ 3.08151453e+01, -3.62817959e+04])]",Success
307,"[array([-3.38254334e+01,  4.00752878e+04]), array([ 3.37727458e+01, -4.00125958e+04])]",Success
308,"[array([-3.38089096e+01,  4.01752540e+04]), array([ 3.37562478e+01, -4.01124826e+04])]",Success
310,"[array([-3.35913975e+01,  4.03666061e+04]), array([ 3.35389928e+01, -4.03033679e+04])]",Success
311,"[array([-3.70831731e+01,  4.49195541e+04]), array([ 3.04366869e+01, -3.68683010e+04])]",Success
312,"[array([-3.34013645e+01,  4.05853778e+04]), array([ 3.34013645e+01, -4.05851549e+04])]",Success
313,"[array([-3.32973104e+01,  4.06141755e+04]), array([ 3.32973104e+01, -4.06138649e+04])]",Success
314,"[array([-3.32339520e+01,  4.08841246e+04]), array([ 3.31366469e+01, -4.07641858e+04])]",Success
315,[],Success
316,[],Success
317,[],Success
318,[],Success
319,"[array([-3.32537859e+01,  4.09085031e+04]), array([ 3.31408632e+01, -4.07693624e+04])]",Success
320,"[array([-3.31648440e+01,  4.09052091e+04]), array([ 3.31131048e+01, -4.08411689e+04])]",Success
321,"[array([-3.30442048e+01,  4.10707105e+04]), array([ 3.29926538e+01, -4.10064121e+04])]",Success
323,"[array([-3.29060121e+01,  4.11852873e+04]), array([ 3.28546767e+01, -4.11207719e+04])]",Success
324,"[array([-3.29420227e+01,  4.12487223e+04]), array([ 3.28905508e+01, -4.11840897e+04])]",Success
325,"[array([-3.27934039e+01,  4.13501445e+04]), array([ 3.27934039e+01, -4.13499541e+04])]",Success
331,"[array([-3.24993893e+01,  4.17973986e+04]), array([ 3.24486882e+01, -4.17320047e+04])]",Success
335,[],Success
336,[],Success
303,"[array([-3.74883505e+01,  4.37795968e+04]), array([ 3.11688857e+01, -3.64002030e+04])]",Success
304,"[array([-3.40581342e+01,  3.98894284e+04]), array([ 3.40050014e+01, -3.98270110e+04])]",Success
309,"[array([-3.73592152e+01,  4.46449399e+04]), array([ 3.06101109e+01, -3.65803086e+04])]",Success
322,"[array([-3.66013892e+01,  4.55773888e+04]), array([ 3.00412540e+01, -3.74106694e+04])]",Success
326,"[array([-3.64874734e+01,  4.62388862e+04]), array([ 2.95816522e+01, -3.74874938e+04])]",Success
327,"[array([-3.65311891e+01,  4.65114347e+04]), array([ 2.94307608e+01, -3.74712191e+04])]",Success
328,"[array([-3.26047348e+01,  4.16215966e+04]), array([ 3.25538694e+01, -4.15564387e+04])]",Success
329,"[array([-3.25538694e+01,  4.16209713e+04]), array([ 3.25031624e+01, -4.15558717e+04])]",Success
330,"[array([-3.25388603e+01,  4.16771642e+04]), array([ 3.24881767e+01, -4.16120152e+04])]",Success
332,"[array([-3.24554064e+01,  4.18631256e+04]), array([ 3.24047740e+01, -4.17976292e+04])]",Success
333,"[array([-3.23310543e+01,  4.19459219e+04]), array([ 3.22806944e+01, -4.18803162e+04])]",Success
334,"[array([-3.59632491e+01,  4.67098470e+04]), array([ 2.92582366e+01, -3.80010190e+04])]",Success
337,"[array([-3.21172849e+01,  4.23058510e+04]), array([ 3.20668653e+01, -4.22393112e+04])]",Success
338,"[array([-3.19734643e+01,  4.23550861e+04]), array([ 3.19734643e+01, -4.23548364e+04])]",Success
340,"[array([-3.18946869e+01,  4.24716355e+04]), array([ 3.18946869e+01, -4.24713801e+04])]",Success
342,"[array([-3.48559686e+01,  4.74449036e+04]), array([ 2.87897372e+01, -3.91874923e+04])]",Success
343,"[array([-3.13173650e+01,  4.34101456e+04]), array([ 3.12687356e+01, -4.33425719e+04])]",Success
346,[],Success
347,[],Success
348,[],Success
349,"[array([-3.11398166e+01,  4.36035955e+04]), array([ 3.10911606e+01, -4.35352450e+04])]",Success
351,"[array([-3.1026885e+01,  4.3758446e+04]), array([ 3.09299259e+01, -4.36214076e+04])]",Success
352,"[array([-3.09647764e+01,  4.37889280e+04]), array([ 3.09163940e+01, -4.37202497e+04])]",Success
363,[],Success
364,[],Success
339,"[array([-3.55224494e+01,  4.71092390e+04]), array([ 2.90454216e+01, -3.85193281e+04])]",Success
341,"[array([-3.52429414e+01,  4.71220347e+04]), array([ 2.89262834e+01, -3.86759572e+04])]",Success
344,"[array([-3.12897616e+01,  4.34048849e+04]), array([ 3.12411750e+01, -4.33372814e+04])]",Success
345,"[array([-3.44508847e+01,  4.80251218e+04]), array([ 2.84573079e+01, -3.96716119e+04])]",Success
350,"[array([-3.48811259e+01,  4.90310821e+04]), array([ 2.79442589e+01, -3.92806188e+04])]",Success
353,"[array([-3.09647764e+01,  4.38814506e+04]), array([ 3.09163940e+01, -4.38127043e+04])]",Success
354,"[array([-3.44561532e+01,  4.89280363e+04]), array([ 2.79347909e+01, -3.96674729e+04])]",Success
356,"[array([-3.44118863e+01,  4.91486874e+04]), array([ 2.78502978e+01, -3.97771536e+04])]",Success
357,"[array([-3.40996071e+01,  4.92511339e+04]), array([ 2.77330609e+01, -4.00555933e+04])]",Success
358,"[array([-3.06363657e+01,  4.43541934e+04]), array([ 3.05885711e+01, -4.42848107e+04])]",Success
359,"[array([-3.05409253e+01,  4.44808507e+04]), array([ 3.04934278e+01, -4.44114747e+04])]",Success
360,"[array([-3.03806630e+01,  4.45735526e+04]), array([ 3.03806630e+01, -4.45732689e+04])]",Success
362,"[array([-3.02332350e+01,  4.49243111e+04]), array([ 3.01444717e+01, -4.47921693e+04])]",Success
365,[],Success
366,"[array([-3.02407601e+01,  4.49355060e+04]), array([ 3.02017390e+01, -4.48773406e+04])]",Success
367,"[array([-3.02017390e+01,  4.49020107e+04]), array([ 3.01545488e+01, -4.48315549e+04])]",Success
368,"[array([-3.36077664e+01,  5.01087877e+04]), array([ 2.72855134e+01, -4.06821430e+04])]",Success
369,"[array([-3.00568560e+01,  4.50824137e+04]), array([ 3.00568560e+01, -4.50821851e+04])]",Success
370,"[array([-3.00439596e+01,  4.52027070e+04]), array([ 2.99505102e+01, -4.50618355e+04])]",Success
371,"[array([-3.00060025e+01,  4.52620622e+04]), array([ 2.99126713e+01, -4.51210062e+04])]",Success
375,"[array([-2.97758081e+01,  4.54954283e+04]), array([ 2.97293560e+01, -4.54241507e+04])]",Success
377,"[array([-2.96913899e+01,  4.55702811e+04]), array([ 2.96913899e+01, -4.55699761e+04])]",Success
378,"[array([-2.96786144e+01,  4.57105047e+04]), array([ 2.96323860e+01, -4.56390351e+04])]",Success
387,[],Success
388,[],Success
355,"[array([-3.08093920e+01,  4.39793382e+04]), array([ 3.08093920e+01, -4.39791153e+04])]",Success
361,"[array([-3.37047184e+01,  4.96831130e+04]), array([ 2.75159989e+01, -4.05612928e+04])]",Success
372,"[array([-2.99592642e+01,  4.52622145e+04]), array([ 2.99126713e+01, -4.51915472e+04])]",Success
373,"[array([-2.99001602e+01,  4.52722991e+04]), array([ 2.99001602e+01, -4.52720210e+04])]",Success
376,"[array([-2.97631696e+01,  4.55100984e+04]), array([ 2.97631696e+01, -4.55098373e+04])]",Success
379,"[array([-2.96538015e+01,  4.57382784e+04]), array([ 2.96076117e+01, -4.56667656e+04])]",Success
380,"[array([-2.95902949e+01,  4.57884256e+04]), array([ 2.95902949e+01, -4.57882028e+04])]",Success
382,"[array([-2.95533012e+01,  4.59687044e+04]), array([ 2.94612348e+01, -4.58252333e+04])]",Success
383,"[array([-3.28232586e+01,  5.11413914e+04]), array([ 2.67414384e+01, -4.16651951e+04])]",Success
384,"[array([-2.94789407e+01,  4.60785374e+04]), array([ 2.94329517e+01, -4.60064265e+04])]",Success
385,"[array([-3.26410416e+01,  5.11009657e+04]), array([ 2.67231191e+01, -4.18359884e+04])]",Success
386,"[array([-2.94079355e+01,  4.61264367e+04]), array([ 2.93621288e+01, -4.60543193e+04])]",Success
389,[],Success
390,[],Success
391,[],Success
392,[],Success
393,[],Success
394,"[array([-2.93655755e+01,  4.63166428e+04]), array([ 2.92739513e+01, -4.61719066e+04])]",Success
395,"[array([-3.11733461e+01,  4.96183810e+04]), array([ 2.73850771e+01, -4.35883685e+04])]",Success
396,"[array([-2.91339683e+01,  4.64693813e+04]), array([ 2.90886589e+01, -4.63967604e+04])]",Success
399,"[array([-2.90436746e+01,  4.66523665e+04]), array([ 2.90436746e+01, -4.66521111e+04])]",Success
403,"[array([-3.23088260e+01,  5.29326884e+04]), array([ 2.58652118e+01, -4.23760264e+04])]",Success
404,"[array([-2.87183960e+01,  4.71828299e+04]), array([ 2.86736633e+01, -4.71090288e+04])]",Success
408,[],Success
409,[],Success
374,"[array([-3.32522818e+01,  5.06406672e+04]), array([ 2.70527038e+01, -4.12010500e+04])]",Success
381,"[array([-2.95656691e+01,  4.58461687e+04]), array([ 2.95195448e+01, -4.57743821e+04])]",Success
397,"[array([-3.24755718e+01,  5.18994589e+04]), array([ 2.64122402e+01, -4.22125128e+04])]",Success
398,"[array([-2.90556262e+01,  4.65960657e+04]), array([ 2.90556262e+01, -4.65957720e+04])]",Success
400,"[array([-2.89744015e+01,  4.67807532e+04]), array([ 2.89291996e+01, -4.67074704e+04])]",Success
402,"[array([-2.88571365e+01,  4.69864704e+04]), array([ 2.88121176e+01, -4.69128666e+04])]",Success
405,"[array([-2.86621904e+01,  4.73290679e+04]), array([ 2.86176147e+01, -4.72551862e+04])]",Success
406,"[array([-2.85831938e+01,  4.74363534e+04]), array([ 2.85388099e+01, -4.73624138e+04])]",Success
407,"[array([-3.20750325e+01,  5.33301661e+04]), array([ 2.57048862e+01, -4.27402804e+04])]",Success
410,[],Success
411,[],Success
412,"[array([-2.84744714e+01,  4.76175369e+04]), array([ 2.84744714e+01, -4.76173140e+04])]",Success
413,"[array([-2.84744714e+01,  4.76884851e+04]), array([ 2.83857659e+01, -4.75396183e+04])]",Success
414,"[array([-2.83738018e+01,  4.77538858e+04]), array([ 2.83296059e+01, -4.76791953e+04])]",Success
423,"[array([-2.79599559e+01,  4.84853578e+04]), array([ 2.79163366e+01, -4.84094157e+04])]",Success
424,"[array([-2.79270634e+01,  4.85733238e+04]), array([ 2.78834955e+01, -4.84972826e+04])]",Success
425,"[array([-2.78724635e+01,  4.86624230e+04]), array([ 2.78290485e+01, -4.85863554e+04])]",Success
427,"[array([-2.77316383e+01,  4.87487293e+04]), array([ 2.77747668e+01, -4.88242627e+04])]",Success
428,[],Success
429,[],Success
430,[],Success
431,[],Success
432,[],Success
433,[],Success
435,"[array([-2.77079205e+01,  4.89522151e+04]), array([ 2.76646944e+01, -4.88755828e+04])]",Success
401,"[array([-3.24407263e+01,  5.26492860e+04]), array([ 2.59708061e+01, -4.21495236e+04])]",Success
415,"[array([-3.18992220e+01,  5.38789761e+04]), array([ 2.54386201e+01, -4.29673756e+04])]",Success
416,"[array([-2.82711254e+01,  4.78377327e+04]), array([ 2.82711254e+01, -4.78374006e+04])]",Success
417,"[array([-2.82598650e+01,  4.79286192e+04]), array([ 2.82157089e+01, -4.78533962e+04])]",Success
418,"[array([-2.82157089e+01,  4.79986151e+04]), array([ 2.81716907e+01, -4.79233941e+04])]",Success
419,"[array([-2.82044715e+01,  4.81390786e+04]), array([ 2.81604708e+01, -4.80637531e+04])]",Success
420,"[array([-3.17112883e+01,  5.42279578e+04]), array([ 2.52713208e+01, -4.32156868e+04])]",Success
421,"[array([-2.81260535e+01,  4.81530915e+04]), array([ 2.81260535e+01, -4.81528304e+04])]",Success
422,"[array([-3.15915346e+01,  5.44339763e+04]), array([ 2.51668887e+01, -4.33638190e+04])]",Success
426,"[array([-3.08570797e+01,  5.41889771e+04]), array([ 2.51992230e+01, -4.42538015e+04])]",Success
434,[],Success
436,"[array([-2.76542390e+01,  4.91253763e+04]), array([ 2.76111638e+01, -4.90486258e+04])]",Success
437,"[array([-1.89320013e+01,  3.37484375e+04]), array([ 4.90128477e+01, -8.73738954e+04])]",Success
440,"[array([-2.75062118e+01,  4.92727837e+04]), array([ 2.74632333e+01, -4.91954603e+04])]",Success
441,"[array([-2.74525897e+01,  4.93598702e+04]), array([ 2.74097619e+01, -4.92825638e+04])]",Success
443,"[array([-3.14578653e+01,  5.68969768e+04]), array([ 2.41350289e+01, -4.36521929e+04])]",Success
444,"[array([-3.11297923e+01,  5.67794529e+04]), array([ 2.41977086e+01, -4.41353744e+04])]",Success
445,"[array([-2.71984727e+01,  4.99081324e+04]), array([ 2.71561734e+01, -4.98302397e+04])]",Success
446,"[array([-3.07021590e+01,  5.66869999e+04]), array([ 2.41779502e+01, -4.46408294e+04])]",Success
447,[],Success
448,[],Success
449,[],Success
450,"[array([-3.04103702e+01,  5.67856093e+04]), array([ 2.41156362e+01, -4.50311119e+04])]",Success
451,"[array([-2.69416873e+01,  5.03541084e+04]), array([ 2.68996566e+01, -5.02752891e+04])]",Success
452,"[array([-2.68692403e+01,  5.05420115e+04]), array([ 2.68273879e+01, -5.04630544e+04])]",Success
438,"[array([-4.30409610e+01,  7.67456487e+04]), array([ 2.00956085e+01, -3.58348077e+04])]",Success
439,"[array([-2.7549325e+01,  4.9261297e+04]), array([ 2.75062118e+01, -4.91839534e+04])]",Success
442,"[array([-2.74316643e+01,  4.94422306e+04]), array([ 2.73888023e+01, -4.93646807e+04])]",Success
453,"[array([-2.67614567e+01,  5.05989477e+04]), array([ 2.67614567e+01, -5.05986539e+04])]",Success
454,"[array([-2.67614567e+01,  5.06916620e+04]), array([ 2.67196420e+01, -5.06121599e+04])]",Success
455,"[array([-2.67614567e+01,  5.07305644e+04]), array([ 2.67196420e+01, -5.06510398e+04])]",Success
457,"[array([-2.66926668e+01,  5.08777443e+04]), array([ 2.66092522e+01, -5.07184581e+04])]",Success
458,"[array([-2.65378514e+01,  5.07671047e+04]), array([ 2.66626376e+01, -5.10055242e+04])]",Success
459,"[array([-2.6620912e+01,  5.0937914e+04]), array([ 2.65793168e+01, -5.08580271e+04])]",Success
460,"[array([-2.97801198e+01,  5.71014520e+04]), array([ 2.39837072e+01, -4.59872813e+04])]",Success
461,"[array([-2.65197930e+01,  5.10640079e+04]), array([ 2.65197930e+01, -5.10637085e+04])]",Success
462,"[array([-2.63994073e+01,  5.12931224e+04]), array([ 2.63994073e+01, -5.12928174e+04])]",Success
463,"[array([-2.83450923e+01,  5.53877838e+04]), array([ 2.45602614e+01, -4.79917679e+04])]",Success
464,[],Success
465,[],Success
466,[],Success
467,[],Success
468,[],Success
469,[],Success
470,"[array([-2.63004288e+01,  5.16492558e+04]), array([ 2.62593985e+01, -5.15684542e+04])]",Success
471,"[array([-2.62507746e+01,  5.16088205e+04]), array([ 2.62507746e+01, -5.16085537e+04])]",Success
486,[],Success
487,[],Success
490,[],Success
491,[],Success
456,"[array([-2.99260147e+01,  5.69516122e+04]), array([ 2.40334099e+01, -4.57375808e+04])]",Success
472,"[array([-2.81475346e+01,  5.54278239e+04]), array([ 2.46653654e+01, -4.85768208e+04])]",Success
473,"[array([-3.30741258e+01,  6.53249656e+04]), array([ 2.16500746e+01, -4.27642504e+04])]",Success
474,"[array([-2.60987930e+01,  5.18225851e+04]), array([ 2.60987930e+01, -5.18222419e+04])]",Success
476,"[array([-3.03067506e+01,  6.06403962e+04]), array([ 2.27300630e+01, -4.54800157e+04])]",Success
477,"[array([-2.60080847e+01,  5.21441710e+04]), array([ 2.59676995e+01, -5.20629211e+04])]",Success
478,"[array([-2.59581874e+01,  5.22687916e+04]), array([ 2.59179421e+01, -5.21874685e+04])]",Success
480,"[array([-3.05401327e+01,  6.20205345e+04]), array([ 2.23082910e+01, -4.53034707e+04])]",Success
482,"[array([-2.58045398e+01,  5.25970459e+04]), array([ 2.57643458e+01, -5.25148496e+04])]",Success
484,"[array([-2.96212087e+01,  6.08109442e+04]), array([ 2.26109910e+01, -4.64190119e+04])]",Success
485,"[array([-2.56113250e+01,  5.28662889e+04]), array([ 2.55789405e+01, -5.27990629e+04])]",Success
488,[],Success
489,[],Success
492,"[array([-2.55974278e+01,  5.28375982e+04]), array([ 2.55705407e+01, -5.27817214e+04])]",Success
493,"[array([-2.56104947e+01,  5.30626833e+04]), array([ 2.55307112e+01, -5.28971126e+04])]",Success
494,"[array([-2.55342566e+01,  5.31362445e+04]), array([ 2.54944837e+01, -5.30532084e+04])]",Success
495,"[array([-2.54833157e+01,  5.31640343e+04]), array([ 2.54833157e+01, -5.31637732e+04])]",Success
496,"[array([-2.90201460e+01,  6.06194058e+04]), array([ 2.26518362e+01, -4.73167465e+04])]",Success
499,"[array([-2.53281784e+01,  5.35417411e+04]), array([ 2.52886649e+01, -5.34579107e+04])]",Success
500,"[array([-2.85187480e+01,  6.05863771e+04]), array([ 2.26238113e+01, -4.80626917e+04])]",Success
501,"[array([-2.52617893e+01,  5.37244135e+04]), array([ 2.52224407e+01, -5.36404612e+04])]",Success
506,[],Success
507,[],Success
508,[],Success
509,[],Success
475,"[array([-2.60987930e+01,  5.19612034e+04]), array([ 2.60581407e+01, -5.18799594e+04])]",Success
481,"[array([-2.58139634e+01,  5.25636499e+04]), array([ 2.57737547e+01, -5.24815056e+04])]",Success
483,"[array([-2.57455365e+01,  5.27589126e+04]), array([ 2.57054968e+01, -5.26766245e+04])]",Success
497,"[array([-2.90819667e+01,  6.09731720e+04]), array([ 2.25254514e+01, -4.72267300e+04])]",Success
498,"[array([-2.54042965e+01,  5.34550249e+04]), array([ 2.53250320e+01, -5.32879396e+04])]",Success
502,"[array([-2.51636416e+01,  5.38709149e+04]), array([ 2.51636416e+01, -5.38706481e+04])]",Success
503,"[array([-2.76475517e+01,  5.93276708e+04]), array([ 2.30264609e+01, -4.94117522e+04])]",Success
504,"[array([-2.86297027e+01,  6.16406571e+04]), array([ 2.23248236e+01, -4.80679447e+04])]",Success
505,"[array([-2.50951810e+01,  5.41070314e+04]), array([ 2.50170029e+01, -5.39381692e+04])]",Success
510,[],Success
511,[],Success
512,[],Success
513,"[array([-2.49801806e+01,  5.42835325e+04]), array([ 2.49412100e+01, -5.41985448e+04])]",Success
514,"[array([-2.49412100e+01,  5.43441928e+04]), array([ 2.49023608e+01, -5.42591988e+04])]",Success
518,"[array([-2.94319110e+01,  6.47983641e+04]), array([ 2.13906217e+01, -4.70948620e+04])]",Success
520,"[array([-2.47507559e+01,  5.49296865e+04]), array([ 2.46735304e+01, -5.47580383e+04])]",Success
521,"[array([-2.46179737e+01,  5.49939551e+04]), array([ 2.46179737e+01, -5.49936445e+04])]",Success
522,"[array([-2.46392520e+01,  5.51328145e+04]), array([ 2.45626136e+01, -5.49610182e+04])]",Success
523,"[array([-2.45750619e+01,  5.50896614e+04]), array([ 2.45750619e+01, -5.50893508e+04])]",Success
524,"[array([-2.45242646e+01,  5.53870380e+04]), array([ 2.44861242e+01, -5.53006625e+04])]",Success
525,"[array([-2.74585293e+01,  6.20569049e+04]), array([ 2.20979457e+01, -4.99423370e+04])]",Success
526,"[array([-2.65680231e+01,  6.01634296e+04]), array([ 2.26306038e+01, -5.12468627e+04])]",Success
529,[],Success
530,[],Success
531,[],Success
479,"[array([-2.97102222e+01,  6.01325654e+04]), array([ 2.28540170e+01, -4.62571161e+04])]",Success
515,"[array([-2.86149904e+01,  6.25759441e+04]), array([ 2.20664836e+01, -4.82594675e+04])]",Success
516,"[array([-2.48505457e+01,  5.44959441e+04]), array([ 2.48505457e+01, -5.44956447e+04])]",Success
517,"[array([-2.48331749e+01,  5.45776428e+04]), array([ 2.47944336e+01, -5.44921581e+04])]",Success
519,"[array([-2.47207322e+01,  5.47737715e+04]), array([ 2.47207322e+01, -5.47734721e+04])]",Success
527,"[array([-2.84417173e+01,  6.44735563e+04]), array([ 2.14281603e+01, -4.85760858e+04])]",Success
528,"[array([-2.44142897e+01,  5.54520325e+04]), array([ 2.43764381e+01, -5.53656981e+04])]",Success
532,"[array([-2.85819431e+01,  6.52301960e+04]), array([ 2.11934136e+01, -4.83690073e+04])]",Success
533,"[array([-2.43359554e+01,  5.58403133e+04]), array([ 2.42979305e+01, -5.57528430e+04])]",Success
534,"[array([-2.42979305e+01,  5.58149063e+04]), array([ 2.42600242e+01, -5.57275296e+04])]",Success
535,"[array([-2.42350942e+01,  5.58571409e+04]), array([ 2.41973448e+01, -5.57697521e+04])]",Success
536,"[array([-2.80245662e+01,  6.49113412e+04]), array([ 2.12005268e+01, -4.91050906e+04])]",Success
537,"[array([-2.41771999e+01,  5.60499318e+04]), array([ 2.41771999e+01, -5.60496650e+04])]",Success
538,"[array([-2.41149623e+01,  5.61566477e+04]), array([ 2.41149623e+01, -5.61563371e+04])]",Success
539,"[array([-2.40865659e+01,  5.63454522e+04]), array([ 2.40490479e+01, -5.62574173e+04])]",Success
542,"[array([-2.39532407e+01,  5.66001503e+04]), array([ 2.39158722e+01, -5.65115104e+04])]",Success
543,"[array([-2.39158722e+01,  5.65943063e+04]), array([ 2.39158722e+01, -5.65939631e+04])]",Success
544,"[array([-2.39449542e+01,  5.67145779e+04]), array([ 2.39075986e+01, -5.66258358e+04])]",Success
545,"[array([-2.39075986e+01,  5.66519694e+04]), array([ 2.38703593e+01, -5.65633807e+04])]",Success
546,"[array([-2.38670956e+01,  5.69277897e+04]), array([ 2.38299195e+01, -5.68388859e+04])]",Success
547,[],Success
548,[],Success
549,[],Success
550,[],Success
551,"[array([-2.73471562e+01,  6.54236777e+04]), array([ 2.10101600e+01, -5.02633316e+04])]",Success
540,"[array([-2.70910095e+01,  6.37479274e+04]), array([ 2.15212495e+01, -5.06418108e+04])]",Success
541,"[array([-2.80511175e+01,  6.60902821e+04]), array([ 2.09143026e+01, -4.92758068e+04])]",Success
552,"[array([-2.38065381e+01,  5.70894456e+04]), array([ 2.37693404e+01, -5.70000235e+04])]",Success
553,"[array([-2.37612833e+01,  5.70799449e+04]), array([ 2.37242142e+01, -5.69906329e+04])]",Success
554,"[array([-2.37369593e+01,  5.72513579e+04]), array([ 2.36630124e+01, -5.70727383e+04])]",Success
555,"[array([-2.36686744e+01,  5.72443058e+04]), array([ 2.36318073e+01, -5.71547945e+04])]",Success
556,"[array([-2.36686744e+01,  5.73046743e+04]), array([ 2.36318073e+01, -5.72151071e+04])]",Success
557,"[array([-2.69212436e+01,  6.53447030e+04]), array([ 2.09926041e+01, -5.09551263e+04])]",Success
558,"[array([-2.36421755e+01,  5.74568756e+04]), array([ 2.35685239e+01, -5.72775777e+04])]",Success
559,"[array([-2.35976507e+01,  5.74793779e+04]), array([ 2.35608943e+01, -5.73895386e+04])]",Success
560,"[array([-2.35976507e+01,  5.75491456e+04]), array([ 2.35608943e+01, -5.74592358e+04])]",Success
561,"[array([-2.71248984e+01,  6.63760279e+04]), array([ 2.07447641e+01, -5.07646867e+04])]",Success
562,"[array([-2.35098867e+01,  5.76653208e+04]), array([ 2.34732098e+01, -5.75750574e+04])]",Success
564,"[array([-2.34862464e+01,  5.77647973e+04]), array([ 2.34496064e+01, -5.76743786e+04])]",Success
565,"[array([-2.34337418e+01,  5.78090084e+04]), array([ 2.33972406e+01, -5.77186175e+04])]",Success
566,"[array([-2.34182698e+01,  5.79310798e+04]), array([ 2.33454292e+01, -5.77505416e+04])]",Success
567,"[array([-2.33588678e+01,  5.79404871e+04]), array([ 2.33225398e+01, -5.78499882e+04])]",Success
568,"[array([-2.66879865e+01,  6.64405853e+04]), array([ 2.06795033e+01, -5.14826752e+04])]",Success
569,"[array([-2.3268984e+01,  5.8202861e+04]), array([ 2.33026823e+01, -5.82868629e+04])]",Success
570,"[array([-2.33242570e+01,  5.83882921e+04]), array([ 2.32275253e+01, -5.81458579e+04])]",Success
571,[],Success
572,[],Success
573,"[array([-2.32453351e+01,  5.81437368e+04]), array([ 2.32467651e+01, -5.81469311e+04])]",Success
575,"[array([-2.63848720e+01,  6.62026479e+04]), array([ 2.06889734e+01, -5.19106521e+04])]",Success
577,"[array([-2.31514694e+01,  5.85199693e+04]), array([ 2.31514694e+01, -5.85196643e+04])]",Success
563,"[array([-2.75069973e+01,  6.75602183e+04]), array([ 2.04433798e+01, -5.02110597e+04])]",Success
574,"[array([-2.32662963e+01,  5.82433152e+04]), array([ 2.32104420e+01, -5.81031044e+04])]",Success
576,"[array([-2.60438317e+01,  6.56756009e+04]), array([ 2.08204545e+01, -5.25034278e+04])]",Success
578,"[array([-2.31426499e+01,  5.86685550e+04]), array([ 2.31065460e+01, -5.85767646e+04])]",Success
579,"[array([-2.30915036e+01,  5.87945850e+04]), array([ 2.30555355e+01, -5.87027352e+04])]",Success
581,"[array([-2.30464137e+01,  5.87967026e+04]), array([ 2.30105159e+01, -5.87047733e+04])]",Success
583,"[array([-2.29867528e+01,  5.89092686e+04]), array([ 2.29509479e+01, -5.88171258e+04])]",Success
585,"[array([-2.29509479e+01,  5.91275830e+04]), array([ 2.29152544e+01, -5.90353521e+04])]",Success
586,"[array([-2.29152544e+01,  5.91226637e+04]), array([ 2.28796717e+01, -5.90305016e+04])]",Success
587,"[array([-2.64448066e+01,  6.82662164e+04]), array([ 2.02054284e+01, -5.21622208e+04])]",Success
588,"[array([-2.28501193e+01,  5.93163698e+04]), array([ 2.28146927e+01, -5.92240443e+04])]",Success
590,"[array([-2.28458578e+01,  5.94071129e+04]), array([ 2.27747976e+01, -5.92219837e+04])]",Success
591,"[array([-2.28235438e+01,  5.94570463e+04]), array([ 2.27525530e+01, -5.92717617e+04])]",Success
592,"[array([-2.27879931e+01,  5.94171582e+04]), array([ 2.27879931e+01, -5.94168476e+04])]",Success
593,"[array([-2.27879931e+01,  5.95253471e+04]), array([ 2.27525530e+01, -5.94324976e+04])]",Success
594,[],Success
595,[],Success
596,[],Success
597,[],Success
598,[],Success
599,[],Success
600,"[array([-2.77056642e+01,  7.26003769e+04]), array([ 1.92146284e+01, -5.03503604e+04])]",Success
601,"[array([-2.26776222e+01,  5.97151178e+04]), array([ 2.26776222e+01, -5.97148128e+04])]",Success
603,"[array([-2.26704781e+01,  5.98001853e+04]), array([ 2.25999634e+01, -5.96137954e+04])]",Success
610,"[array([-2.24754705e+01,  6.04178343e+04]), array([ 2.24404074e+01, -6.03233150e+04])]",Success
580,"[array([-2.58602540e+01,  6.59036836e+04]), array([ 2.08632796e+01, -5.31737535e+04])]",Success
582,"[array([-2.72622995e+01,  6.97887313e+04]), array([ 1.98504765e+01, -5.08167251e+04])]",Success
584,"[array([-2.29509479e+01,  5.90201952e+04]), array([ 2.29509479e+01, -5.90198846e+04])]",Success
589,"[array([-2.76250276e+01,  7.17665459e+04]), array([ 1.94655824e+01, -5.05739336e+04])]",Success
602,"[array([-2.26704781e+01,  5.97790564e+04]), array([ 2.26351659e+01, -5.96855969e+04])]",Success
604,"[array([-2.67942704e+01,  7.09408108e+04]), array([ 1.95194819e+01, -5.16797260e+04])]",Success
605,"[array([-2.25991414e+01,  5.99951942e+04]), array([ 2.25639950e+01, -5.99015379e+04])]",Success
606,"[array([-2.25847296e+01,  6.00579081e+04]), array([ 2.25496056e+01, -5.99642303e+04])]",Success
607,"[array([-2.25847296e+01,  6.01100569e+04]), array([ 2.25496056e+01, -6.00162981e+04])]",Success
608,"[array([-2.66093840e+01,  7.11149099e+04]), array([ 1.94466965e+01, -5.19737427e+04])]",Success
609,"[array([-2.24688382e+01,  6.02854561e+04]), array([ 2.24338400e+01, -6.01912078e+04])]",Success
611,"[array([-2.65551776e+01,  7.16167977e+04]), array([ 1.93356004e+01, -5.21462115e+04])]",Success
612,"[array([-2.24051699e+01,  6.05567385e+04]), array([ 2.23702709e+01, -6.04621058e+04])]",Success
614,"[array([-2.23137082e+01,  6.07114143e+04]), array([ 2.22789516e+01, -6.06165026e+04])]",Success
615,"[array([-2.22771227e+01,  6.08964963e+04]), array([ 2.22424231e+01, -6.08013344e+04])]",Success
616,"[array([-2.22424231e+01,  6.08528020e+04]), array([ 2.22131238e+01, -6.07722591e+04])]",Success
617,[],Success
618,[],Success
619,[],Success
620,[],Success
621,[],Success
622,"[array([-2.22258727e+01,  6.08075350e+04]), array([ 2.22245772e+01, -6.08036061e+04])]",Success
627,"[array([-2.20838580e+01,  6.13774295e+04]), array([ 2.20494595e+01, -6.12814803e+04])]",Success
628,"[array([-2.59424196e+01,  7.23246581e+04]), array([ 1.91320956e+01, -5.33380747e+04])]",Success
629,"[array([-2.20016649e+01,  6.16049760e+04]), array([ 2.19673944e+01, -6.15086724e+04])]",Success
613,"[array([-2.64719968e+01,  7.19419604e+04]), array([ 1.92750340e+01, -5.23838619e+04])]",Success
623,"[array([-2.62328291e+01,  7.21719505e+04]), array([ 1.91878453e+01, -5.27898038e+04])]",Success
624,"[array([-2.62002788e+01,  7.23917436e+04]), array([ 1.91124510e+01, -5.28078024e+04])]",Success
625,"[array([-2.21537459e+01,  6.13023131e+04]), array([ 2.21192385e+01, -6.12065953e+04])]",Success
626,"[array([-2.21054321e+01,  6.13483200e+04]), array([ 2.20710535e+01, -6.12525973e+04])]",Success
630,"[array([-2.57432566e+01,  7.22583035e+04]), array([ 1.90975789e+01, -5.36044330e+04])]",Success
631,"[array([-2.19553771e+01,  6.17342653e+04]), array([ 2.19553771e+01, -6.17340042e+04])]",Success
632,"[array([-2.19557534e+01,  6.18462518e+04]), array([ 2.18872487e+01, -6.16529466e+04])]",Success
633,"[array([-2.19420604e+01,  6.19369426e+04]), array([ 2.18735984e+01, -6.17433927e+04])]",Success
634,"[array([-2.19011059e+01,  6.18697753e+04]), array([ 2.18669389e+01, -6.17728762e+04])]",Success
635,"[array([-2.19285376e+01,  6.19636930e+04]), array([ 2.18601178e+01, -6.17700596e+04])]",Success
636,"[array([-2.55156139e+01,  7.22032909e+04]), array([ 1.91106030e+01, -5.40784572e+04])]",Success
637,"[array([-2.18602201e+01,  6.20169018e+04]), array([ 2.18261168e+01, -6.19198114e+04])]",Success
638,"[array([-2.18192087e+01,  6.21118111e+04]), array([ 2.17852224e+01, -6.20147180e+04])]",Success
639,[],Success
640,[],Success
641,[],Success
642,[],Success
643,[],Success
644,"[array([-2.49126033e+01,  7.13949433e+04]), array([ 1.92882898e+01, -5.52777831e+04])]",Success
645,"[array([-2.17127010e+01,  6.24888935e+04]), array([ 2.16788806e+01, -6.23912512e+04])]",Success
646,"[array([-2.16723677e+01,  6.24513386e+04]), array([ 2.16723677e+01, -6.24509898e+04])]",Success
651,"[array([-2.16001593e+01,  6.26762068e+04]), array([ 2.16001593e+01, -6.26758635e+04])]",Success
653,"[array([-2.15607692e+01,  6.29360128e+04]), array([ 2.14937062e+01, -6.27399072e+04])]",Success
654,"[array([-2.15348581e+01,  6.29533942e+04]), array([ 2.15348581e+01, -6.29531274e+04])]",Success
647,"[array([-2.58070791e+01,  7.44049967e+04]), array([ 1.87118713e+01, -5.39523720e+04])]",Success
648,"[array([-2.16946400e+01,  6.25996125e+04]), array([ 2.16269500e+01, -6.24039568e+04])]",Success
649,"[array([-2.65490373e+01,  7.69324291e+04]), array([ 1.81871358e+01, -5.27016418e+04])]",Success
650,"[array([-2.16001593e+01,  6.26409026e+04]), array([ 2.16001593e+01, -6.26405594e+04])]",Success
652,"[array([-2.16271311e+01,  6.28759278e+04]), array([ 2.15933915e+01, -6.27776119e+04])]",Success
655,"[array([-2.15620588e+01,  6.30902013e+04]), array([ 2.14614583e+01, -6.27955387e+04])]",Success
656,"[array([-2.15153620e+01,  6.30952828e+04]), array([ 2.14484402e+01, -6.28986817e+04])]",Success
657,"[array([-2.55792538e+01,  7.50523219e+04]), array([ 1.84815252e+01, -5.42268044e+04])]",Success
658,"[array([-2.14506499e+01,  6.31936928e+04]), array([ 2.14172377e+01, -6.30949145e+04])]",Success
659,"[array([-2.14319786e+01,  6.33195941e+04]), array([ 2.13985433e+01, -6.32205096e+04])]",Success
660,"[array([-2.53933000e+01,  7.50995418e+04]), array([ 1.84554267e+01, -5.45809927e+04])]",Success
661,"[array([-2.53000588e+01,  7.50932442e+04]), array([ 1.84217117e+01, -5.46772829e+04])]",Success
662,[],Success
663,[],Success
664,"[array([-2.13081526e+01,  6.36958838e+04]), array([ 2.12417721e+01, -6.34971116e+04])]",Success
665,"[array([-2.50178851e+01,  7.51554283e+04]), array([ 1.84164134e+01, -5.53246534e+04])]",Success
666,"[array([-2.12259256e+01,  6.40169631e+04]), array([ 2.11928118e+01, -6.39168289e+04])]",Success
668,"[array([-2.50518222e+01,  7.58841111e+04]), array([ 1.82655469e+01, -5.53284622e+04])]",Success
670,"[array([-2.50679000e+01,  7.63144055e+04]), array([ 1.81456649e+01, -5.52406853e+04])]",Success
671,"[array([-2.10822984e+01,  6.42737686e+04]), array([ 2.10494087e+01, -6.41731191e+04])]",Success
672,"[array([-2.49181409e+01,  7.62508700e+04]), array([ 1.81680785e+01, -5.55952428e+04])]",Success
678,"[array([-2.08924625e+01,  6.49510286e+04]), array([ 2.08275791e+01, -6.47489636e+04])]",Success
681,"[array([-2.08695183e+01,  6.50029388e+04]), array([ 2.08236455e+01, -6.48597228e+04])]",Success
682,[],Success
683,[],Success
667,"[array([-2.11622596e+01,  6.40238767e+04]), array([ 2.11292966e+01, -6.39238053e+04])]",Success
669,"[array([-2.11574565e+01,  6.41975694e+04]), array([ 2.11244495e+01, -6.40971534e+04])]",Success
673,"[array([-2.10573060e+01,  6.44884458e+04]), array([ 2.10244552e+01, -6.43875760e+04])]",Success
674,"[array([-2.09729802e+01,  6.44453777e+04]), array([ 2.09729802e+01, -6.44449908e+04])]",Success
675,"[array([-2.46688421e+01,  7.60196342e+04]), array([ 1.81682688e+01, -5.59871281e+04])]",Success
676,"[array([-2.09495122e+01,  6.47173705e+04]), array([ 2.09495122e+01, -6.47171037e+04])]",Success
677,"[array([-2.09250560e+01,  6.49417031e+04]), array([ 2.08599703e+01, -6.47393970e+04])]",Success
679,"[array([-2.08924625e+01,  6.49597265e+04]), array([ 2.08599703e+01, -6.48585016e+04])]",Success
680,"[array([-2.45961197e+01,  7.65110623e+04]), array([ 1.81046960e+01, -5.63192502e+04])]",Success
684,"[array([-2.46065506e+01,  7.65434536e+04]), array([ 1.80680798e+01, -5.62052546e+04])]",Success
685,"[array([-2.08292183e+01,  6.48774745e+04]), array([ 2.08142824e+01, -6.48305527e+04])]",Success
686,"[array([-2.08468047e+01,  6.50569818e+04]), array([ 2.08142824e+01, -6.49551487e+04])]",Success
687,"[array([-2.08079913e+01,  6.50328456e+04]), array([ 2.07755801e+01, -6.49311264e+04])]",Success
688,"[array([-2.08079913e+01,  6.51249650e+04]), array([ 2.08079913e+01, -6.51246600e+04])]",Success
689,"[array([-2.07692406e+01,  6.50525489e+04]), array([ 2.08341445e+01, -6.52555327e+04])]",Success
690,"[array([-2.08282849e+01,  6.52940295e+04]), array([ 2.07633993e+01, -6.50903931e+04])]",Success
691,"[array([-2.44921895e+01,  7.71386085e+04]), array([ 1.79719715e+01, -5.66035544e+04])]",Success
694,"[array([-2.07010311e+01,  6.57123220e+04]), array([ 2.06044477e+01, -6.54053875e+04])]",Success
698,"[array([-2.05962946e+01,  6.58084012e+04]), array([ 2.05642131e+01, -6.57055120e+04])]",Success
699,"[array([-2.44449220e+01,  7.83778086e+04]), array([ 1.76856550e+01, -5.67058467e+04])]",Success
704,"[array([-2.05093809e+01,  6.63245194e+04]), array([ 2.04454887e+01, -6.61176346e+04])]",Success
705,"[array([-2.04647166e+01,  6.63137757e+04]), array([ 2.04308279e+01, -6.62036525e+04])]",Success
706,[],Success
707,[],Success
709,"[array([-2.04927887e+01,  6.64046865e+04]), array([ 2.04149302e+01, -6.61521007e+04])]",Success
692,"[array([-2.07558105e+01,  6.55589762e+04]), array([ 2.06911506e+01, -6.53544763e+04])]",Success
693,"[array([-2.06731116e+01,  6.55421628e+04]), array([ 2.06731116e+01, -6.55418903e+04])]",Success
695,"[array([-2.41928942e+01,  7.69180149e+04]), array([ 1.79803167e+01, -5.71663010e+04])]",Success
696,"[array([-2.06390217e+01,  6.57178012e+04]), array([ 2.06068737e+01, -6.56151295e+04])]",Success
697,"[array([-2.44469781e+01,  7.79711961e+04]), array([ 1.77766333e+01, -5.66971849e+04])]",Success
700,"[array([-2.05489935e+01,  6.59747459e+04]), array([ 2.05169857e+01, -6.58716358e+04])]",Success
701,"[array([-2.05312943e+01,  6.60379554e+04]), array([ 2.04993141e+01, -6.59347468e+04])]",Success
702,"[array([-2.05254679e+01,  6.61056338e+04]), array([ 2.04934967e+01, -6.60023580e+04])]",Success
703,"[array([-2.42770053e+01,  7.83389156e+04]), array([ 1.76767966e+01, -5.70407159e+04])]",Success
708,[],Success
710,"[array([-2.40012699e+01,  7.79892981e+04]), array([ 1.77245150e+01, -5.75936212e+04])]",Success
711,"[array([-2.03692927e+01,  6.63588908e+04]), array([ 2.04010701e+01, -6.64620685e+04])]",Success
712,"[array([-2.03453064e+01,  6.64099971e+04]), array([ 2.03770464e+01, -6.65132546e+04])]",Success
714,"[array([-2.03430957e+01,  6.66069995e+04]), array([ 2.03114086e+01, -6.65029045e+04])]",Success
716,"[array([-2.03044815e+01,  6.69647818e+04]), array([ 2.02412276e+01, -6.67559024e+04])]",Success
718,"[array([-2.36235161e+01,  7.82571404e+04]), array([ 1.76453202e+01, -5.84539544e+04])]",Success
720,"[array([-2.41450897e+01,  8.05033288e+04]), array([ 1.72464927e+01, -5.75027001e+04])]",Success
722,"[array([-2.01347068e+01,  6.73967203e+04]), array([ 2.00720794e+01, -6.71867400e+04])]",Success
723,"[array([-2.39424371e+01,  8.03569679e+04]), array([ 1.72899747e+01, -5.80300867e+04])]",Success
725,"[array([-2.00717995e+01,  6.77135294e+04]), array([ 2.00043572e+01, -6.74856915e+04])]",Success
726,[],Success
727,[],Success
728,[],Success
729,[],Success
731,"[array([-2.00242585e+01,  6.76708619e+04]), array([ 1.99930194e+01, -6.75649510e+04])]",Success
713,"[array([-2.03806336e+01,  6.65968828e+04]), array([ 2.03488385e+01, -6.64926856e+04])]",Success
715,"[array([-2.39061335e+01,  7.84119599e+04]), array([ 1.76303691e+01, -5.78288151e+04])]",Success
717,"[array([-2.02499789e+01,  6.69938989e+04]), array([ 2.02184368e+01, -6.68892395e+04])]",Success
719,"[array([-2.40206946e+01,  7.98004140e+04]), array([ 1.73554348e+01, -5.76578889e+04])]",Success
721,"[array([-2.01406032e+01,  6.72999737e+04]), array([ 2.01092315e+01, -6.71947994e+04])]",Success
724,"[array([-2.00464458e+01,  6.74837688e+04]), array([ 2.00464458e+01, -6.74833819e+04])]",Success
730,"[array([-2.00772495e+01,  6.77319127e+04]), array([ 2.00266981e+01, -6.75610878e+04])]",Success
732,"[array([-2.00242585e+01,  6.77693628e+04]), array([ 1.99930194e+01, -6.76633364e+04])]",Success
733,"[array([-2.33963423e+01,  7.93196866e+04]), array([ 1.74119718e+01, -5.90309810e+04])]",Success
734,"[array([-2.00051940e+01,  6.80179177e+04]), array([ 1.99427753e+01, -6.78054708e+04])]",Success
736,"[array([-2.41516541e+01,  8.24531283e+04]), array([ 1.68774439e+01, -5.76188277e+04])]",Success
737,"[array([-1.99401007e+01,  6.81616155e+04]), array([ 1.98779820e+01, -6.79489695e+04])]",Success
739,"[array([-1.98478309e+01,  6.84538385e+04]), array([ 1.98169152e+01, -6.83469432e+04])]",Success
740,"[array([-1.98005243e+01,  6.84519786e+04]), array([ 1.97697304e+01, -6.83451702e+04])]",Success
742,"[array([-1.98049016e+01,  6.86056032e+04]), array([ 1.97431078e+01, -6.83912080e+04])]",Success
743,"[array([-1.97683914e+01,  6.86274384e+04]), array([ 1.97375515e+01, -6.85200351e+04])]",Success
744,"[array([-2.41109672e+01,  8.40571892e+04]), array([ 1.66238774e+01, -5.79554732e+04])]",Success
745,"[array([-1.97296915e+01,  6.89347680e+04]), array([ 1.96682283e+01, -6.87197515e+04])]",Success
746,"[array([-2.40445896e+01,  8.40696569e+04]), array([ 1.66097494e+01, -5.80742013e+04])]",Success
747,"[array([-1.96876653e+01,  6.90555553e+04]), array([ 1.96427991e+01, -6.88978962e+04])]",Success
748,[],Success
749,[],Success
750,[],Success
751,[],Success
756,"[array([-2.30319553e+01,  8.16081141e+04]), array([ 1.69315995e+01, -5.99926564e+04])]",Success
735,"[array([-2.33569014e+01,  7.96285742e+04]), array([ 1.73826191e+01, -5.92620935e+04])]",Success
738,"[array([-2.32490776e+01,  7.99050627e+04]), array([ 1.73104545e+01, -5.94965555e+04])]",Success
741,"[array([-2.40222671e+01,  8.30840607e+04]), array([ 1.68219590e+01, -5.81845842e+04])]",Success
752,"[array([-1.96945904e+01,  6.90798026e+04]), array([ 1.96088580e+01, -6.87787749e+04])]",Success
753,"[array([-1.96315662e+01,  6.89788693e+04]), array([ 1.96009398e+01, -6.88708796e+04])]",Success
754,"[array([-2.34781338e+01,  8.26989886e+04]), array([ 1.67925155e+01, -5.91494137e+04])]",Success
755,"[array([-1.96098930e+01,  6.92090826e+04]), array([ 1.95488030e+01, -6.89931353e+04])]",Success
757,"[array([-1.95771620e+01,  6.94461736e+04]), array([ 1.95161739e+01, -6.92295259e+04])]",Success
758,"[array([-1.95414104e+01,  6.94606074e+04]), array([ 1.95109721e+01, -6.93521057e+04])]",Success
760,"[array([-1.95150014e+01,  6.96264667e+04]), array([ 1.94846042e+01, -6.95177448e+04])]",Success
763,"[array([-1.94595101e+01,  6.97341579e+04]), array([ 1.94291520e+01, -6.96250281e+04])]",Success
764,"[array([-1.94595101e+01,  6.97808062e+04]), array([ 1.94291520e+01, -6.96716418e+04])]",Success
765,"[array([-2.35998559e+01,  8.48521158e+04]), array([ 1.64512223e+01, -5.91496197e+04])]",Success
766,"[array([-1.94026896e+01,  6.98101678e+04]), array([ 1.94026896e+01, -6.98098628e+04])]",Success
768,"[array([-1.93812434e+01,  7.00250145e+04]), array([ 1.93510545e+01, -6.99156337e+04])]",Success
770,"[array([-2.34339149e+01,  8.50715154e+04]), array([ 1.63975410e+01, -5.95301072e+04])]",Success
771,"[array([-1.93179093e+01,  7.02828644e+04]), array([ 1.92578225e+01, -7.00639070e+04])]",Success
772,[],Success
773,[],Success
774,[],Success
775,[],Success
776,[],Success
777,[],Success
778,[],Success
779,"[array([-1.92692108e+01,  7.04182411e+04]), array([ 1.92091821e+01, -7.01984888e+04])]",Success
759,"[array([-2.27438471e+01,  8.10154208e+04]), array([ 1.70423923e+01, -6.07074410e+04])]",Success
761,"[array([-1.94846042e+01,  6.95392278e+04]), array([ 1.94543016e+01, -6.94306903e+04])]",Success
767,"[array([-1.93918394e+01,  6.98813935e+04]), array([ 1.93616341e+01, -6.97721601e+04])]",Success
769,"[array([-2.19407805e+01,  7.95092342e+04]), array([ 1.72413644e+01, -6.24792648e+04])]",Success
780,"[array([-1.92692108e+01,  7.04390587e+04]), array([ 1.92391496e+01, -7.03288674e+04])]",Success
781,"[array([-2.33063540e+01,  8.53535222e+04]), array([ 1.63298825e+01, -5.98037270e+04])]",Success
782,"[array([-1.91990731e+01,  7.04825680e+04]), array([ 1.91990731e+01, -7.04821811e+04])]",Success
783,"[array([-1.92239208e+01,  7.06329001e+04]), array([ 1.91641263e+01, -7.04128539e+04])]",Success
785,"[array([-1.91618836e+01,  7.07576514e+04]), array([ 1.91320365e+01, -7.06470913e+04])]",Success
786,"[array([-2.30817290e+01,  8.52570443e+04]), array([ 1.63508387e+01, -6.03969934e+04])]",Success
787,"[array([-2.30934818e+01,  8.58433619e+04]), array([ 1.62328188e+01, -6.03410474e+04])]",Success
788,"[array([-1.90891838e+01,  7.10141458e+04]), array([ 1.90594499e+01, -7.09031862e+04])]",Success
789,"[array([-1.90937803e+01,  7.11137624e+04]), array([ 1.90342981e+01, -7.08918815e+04])]",Success
791,"[array([-2.31316624e+01,  8.63902141e+04]), array([ 1.61554468e+01, -6.03368926e+04])]",Success
792,"[array([-1.90383507e+01,  7.12672433e+04]), array([ 1.90086960e+01, -7.11559276e+04])]",Success
793,"[array([-2.31504030e+01,  8.67534782e+04]), array([ 1.60741270e+01, -6.02356459e+04])]",Success
794,"[array([-1.89866030e+01,  7.14088209e+04]), array([ 1.89570288e+01, -7.12972465e+04])]",Success
795,"[array([-2.26040629e+01,  8.51190680e+04]), array([ 1.62797669e+01, -6.13041501e+04])]",Success
796,"[array([-1.89963281e+01,  7.15785047e+04]), array([ 1.89371495e+01, -7.13552142e+04])]",Success
797,"[array([-2.31073854e+01,  8.74030801e+04]), array([ 1.59927431e+01, -6.04942489e+04])]",Success
798,[],Success
799,[],Success
801,"[array([-1.89004467e+01,  7.18174354e+04]), array([ 1.88709608e+01, -7.17050938e+04])]",Success
802,"[array([-2.30539798e+01,  8.77980535e+04]), array([ 1.58742253e+01, -6.04545403e+04])]",Success
803,"[array([-1.88754460e+01,  7.19150112e+04]), array([ 1.88459991e+01, -7.18025174e+04])]",Success
762,"[array([-2.36080434e+01,  8.43874472e+04]), array([ 1.65193849e+01, -5.90508897e+04])]",Success
784,"[array([-1.91721267e+01,  7.06308397e+04]), array([ 1.91422636e+01, -7.05204390e+04])]",Success
790,"[array([-1.90937803e+01,  7.11494278e+04]), array([ 1.90342981e+01, -7.09274359e+04])]",Success
800,"[array([-1.89300248e+01,  7.17772026e+04]), array([ 1.88709608e+01, -7.15529116e+04])]",Success
804,"[array([-1.88210846e+01,  7.20096117e+04]), array([ 1.87917683e+01, -7.18971015e+04])]",Success
805,"[array([-1.88161638e+01,  7.20481697e+04]), array([ 1.87868551e+01, -7.19355613e+04])]",Success
806,"[array([-2.2502166e+01,  8.6240796e+04]), array([ 1.60815480e+01, -6.16331511e+04])]",Success
807,"[array([-1.87619021e+01,  7.21689081e+04]), array([ 1.87619021e+01, -7.21685594e+04])]",Success
809,"[array([-1.87616550e+01,  7.23622029e+04]), array([ 1.87324312e+01, -7.22491816e+04])]",Success
811,"[array([-1.87511276e+01,  7.24060711e+04]), array([ 1.87218747e+01, -7.22928111e+04])]",Success
812,"[array([-1.87218747e+01,  7.24625301e+04]), array([ 1.86927129e+01, -7.23493526e+04])]",Success
813,"[array([-2.33355104e+01,  9.03952353e+04]), array([ 1.55368553e+01, -6.01860536e+04])]",Success
814,"[array([-1.86770633e+01,  7.24777483e+04]), array([ 1.86770633e+01, -7.24774051e+04])]",Success
815,"[array([-1.87355204e+01,  7.27095339e+04]), array([ 1.85900583e+01, -7.21445982e+04])]",Success
816,"[array([-1.86865668e+01,  7.27987799e+04]), array([ 1.86283532e+01, -7.25717260e+04])]",Success
819,"[array([-2.32187579e+01,  9.09154311e+04]), array([ 1.54391224e+01, -6.04537105e+04])]",Success
820,"[array([-1.85878065e+01,  7.30212505e+04]), array([ 1.85375701e+01, -7.28235617e+04])]",Success
821,[],Success
822,[],Success
823,[],Success
824,[],Success
825,[],Success
826,"[array([-1.85471686e+01,  7.28616675e+04]), array([ 1.85537024e+01, -7.28869590e+04])]",Success
827,"[array([-1.85779045e+01,  7.30886756e+04]), array([ 1.85489218e+01, -7.29744272e+04])]",Success
828,"[array([-1.85779045e+01,  7.31350943e+04]), array([ 1.85200294e+01, -7.29069164e+04])]",Success
808,"[array([-1.87665836e+01,  7.23265620e+04]), array([ 1.87082117e+01, -7.21012097e+04])]",Success
810,"[array([-2.25514078e+01,  8.70117888e+04]), array([ 1.59839100e+01, -6.16746154e+04])]",Success
817,"[array([-2.28374446e+01,  8.91297888e+04]), array([ 1.56951163e+01, -6.12559878e+04])]",Success
818,"[array([-1.86333596e+01,  7.27714621e+04]), array([ 1.86043357e+01, -7.26577653e+04])]",Success
829,"[array([-2.28749978e+01,  9.01421887e+04]), array([ 1.55394292e+01, -6.12359100e+04])]",Success
830,"[array([-1.85452486e+01,  7.32711766e+04]), array([ 1.84874753e+01, -7.30426129e+04])]",Success
831,"[array([-2.31126371e+01,  9.14229442e+04]), array([ 1.53784472e+01, -6.08304608e+04])]",Success
832,"[array([-2.33154073e+01,  9.23991539e+04]), array([ 1.52631790e+01, -6.04878489e+04])]",Success
833,"[array([-1.84678191e+01,  7.34183305e+04]), array([ 1.84390531e+01, -7.33036261e+04])]",Success
834,"[array([-1.84631774e+01,  7.34835158e+04]), array([ 1.84344186e+01, -7.33687480e+04])]",Success
835,"[array([-1.84346205e+01,  7.36114179e+04]), array([ 1.84059062e+01, -7.34964508e+04])]",Success
836,"[array([-1.84346205e+01,  7.36261662e+04]), array([ 1.84059062e+01, -7.35111761e+04])]",Success
838,"[array([-1.83963764e+01,  7.37274467e+04]), array([ 1.83677216e+01, -7.36122608e+04])]",Success
840,"[array([-1.83630431e+01,  7.37264619e+04]), array([ 1.83630431e+01, -7.37261132e+04])]",Success
842,"[array([-1.83196023e+01,  7.37470828e+04]), array([ 1.83481820e+01, -7.38617484e+04])]",Success
847,"[array([-1.83060463e+01,  7.41963558e+04]), array([ 1.82490181e+01, -7.39648718e+04])]",Success
848,"[array([-1.83060463e+01,  7.41993789e+04]), array([ 1.82490181e+01, -7.39678855e+04])]",Success
849,"[array([-1.82966180e+01,  7.43548192e+04]), array([ 1.82396192e+01, -7.41228797e+04])]",Success
851,"[array([-1.82297090e+01,  7.42668699e+04]), array([ 1.82034201e+01, -7.41593498e+04])]",Success
852,[],Success
853,[],Success
854,[],Success
855,[],Success
856,[],Success
857,"[array([-1.82696961e+01,  7.44296708e+04]), array([ 1.82225776e+01, -7.42374250e+04])]",Success
837,"[array([-2.26685335e+01,  9.06556448e+04]), array([ 1.54181540e+01, -6.16597085e+04])]",Success
839,"[array([-1.83963764e+01,  7.37680618e+04]), array([ 1.83391559e+01, -7.35382258e+04])]",Success
841,"[array([-2.24982322e+01,  9.03547210e+04]), array([ 1.54509485e+01, -6.20519260e+04])]",Success
843,"[array([-1.83768511e+01,  7.39972059e+04]), array([ 1.83196023e+01, -7.37663805e+04])]",Success
844,"[array([-2.21458297e+01,  8.94239572e+04]), array([ 1.55666973e+01, -6.28573918e+04])]",Success
845,"[array([-1.83109044e+01,  7.39523955e+04]), array([ 1.83109044e+01, -7.39521287e+04])]",Success
850,"[array([-2.23044486e+01,  9.06721476e+04]), array([ 1.53672382e+01, -6.24707306e+04])]",Success
858,"[array([-1.82397300e+01,  7.44589004e+04]), array([ 1.82112749e+01, -7.43424762e+04])]",Success
859,"[array([-1.82069043e+01,  7.44428794e+04]), array([ 1.81785446e+01, -7.43265790e+04])]",Success
860,"[array([-2.22870161e+01,  9.11786210e+04]), array([ 1.53369861e+01, -6.27456403e+04])]",Success
861,"[array([-1.81935435e+01,  7.45755919e+04]), array([ 1.81368658e+01, -7.43428884e+04])]",Success
862,"[array([-1.81651605e+01,  7.45130874e+04]), array([ 1.81368658e+01, -7.43966014e+04])]",Success
863,"[array([-1.81651605e+01,  7.45475127e+04]), array([ 1.81651605e+01, -7.45471695e+04])]",Success
864,"[array([-1.81935435e+01,  7.47028318e+04]), array([ 1.81368658e+01, -7.44697700e+04])]",Success
865,"[array([-1.74127616e+01,  7.18010026e+04]), array([ 1.89158176e+01, -7.79984938e+04])]",Success
866,"[array([-1.82042508e+01,  7.50662083e+04]), array([ 1.80066853e+01, -7.42511542e+04])]",Success
870,"[array([-1.81005588e+01,  7.49749320e+04]), array([ 1.80442585e+01, -7.47413422e+04])]",Success
871,"[array([-1.80960421e+01,  7.50432968e+04]), array([ 1.80397558e+01, -7.48095324e+04])]",Success
872,"[array([-1.80726037e+01,  7.49905815e+04]), array([ 1.80726037e+01, -7.49902765e+04])]",Success
876,"[array([-1.79992346e+01,  7.51891636e+04]), array([ 1.79711984e+01, -7.50716245e+04])]",Success
878,"[array([-1.80464124e+01,  7.54973874e+04]), array([ 1.79341485e+01, -7.50274262e+04])]",Success
879,"[array([-1.80134321e+01,  7.54189500e+04]), array([ 1.79573155e+01, -7.51836573e+04])]",Success
880,"[array([-1.79951823e+01,  7.55840682e+04]), array([ 1.79391226e+01, -7.53482993e+04])]",Success
886,[],Success
887,[],Success
846,"[array([-2.23994079e+01,  9.05464928e+04]), array([ 1.54235082e+01, -6.23474774e+04])]",Success
867,"[array([-2.21647176e+01,  9.14593323e+04]), array([ 1.52819895e+01, -6.30587338e+04])]",Success
868,"[array([-1.81380970e+01,  7.49529385e+04]), array([ 1.80815920e+01, -7.47191357e+04])]",Success
869,"[array([-2.22382799e+01,  9.19271771e+04]), array([ 1.52141312e+01, -6.28909372e+04])]",Success
873,"[array([-1.80027917e+01,  7.48786619e+04]), array([ 1.80871798e+01, -7.52293088e+04])]",Success
874,"[array([-1.80499985e+01,  7.52018871e+04]), array([ 1.79938554e+01, -7.49677818e+04])]",Success
877,"[array([-2.23540421e+01,  9.34353232e+04]), array([ 1.50191220e+01, -6.27767257e+04])]",Success
881,"[array([-1.79627730e+01,  7.55054756e+04]), array([ 1.79069012e+01, -7.52702356e+04])]",Success
882,"[array([-1.79580119e+01,  7.55148673e+04]), array([ 1.79300399e+01, -7.53968971e+04])]",Success
883,"[array([-2.19990443e+01,  9.26560468e+04]), array([ 1.50792925e+01, -6.35112459e+04])]",Success
884,"[array([-1.79445975e+01,  7.57027756e+04]), array([ 1.78887823e+01, -7.54669600e+04])]",Success
885,[],Success
888,"[array([-2.19681015e+01,  9.28526081e+04]), array([ 1.50292909e+01, -6.35239988e+04])]",Success
889,"[array([-1.78855675e+01,  7.57375551e+04]), array([ 1.78855675e+01, -7.57372119e+04])]",Success
890,"[array([-1.79092116e+01,  7.58830318e+04]), array([ 1.78812721e+01, -7.57643857e+04])]",Success
891,"[array([-1.79092116e+01,  7.58893842e+04]), array([ 1.78534196e+01, -7.56526260e+04])]",Success
892,"[array([-1.78487080e+01,  7.57511956e+04]), array([ 1.78487080e+01, -7.57507706e+04])]",Success
893,"[array([-1.78722620e+01,  7.58862273e+04]), array([ 1.78444236e+01, -7.57676788e+04])]",Success
894,"[array([-1.78722620e+01,  7.59094195e+04]), array([ 1.78166718e+01, -7.56729231e+04])]",Success
895,"[array([-2.17255261e+01,  9.25202151e+04]), array([ 1.50561617e+01, -6.41177639e+04])]",Success
897,"[array([-1.78283207e+01,  7.61473589e+04]), array([ 1.77727807e+01, -7.59097589e+04])]",Success
898,"[array([-1.78236359e+01,  7.62654759e+04]), array([ 1.77681106e+01, -7.60275461e+04])]",Success
899,"[array([-1.77915785e+01,  7.61379537e+04]), array([ 1.77915785e+01, -7.61376105e+04])]",Success
900,"[array([-1.79032996e+01,  7.66188899e+04]), array([ 1.76538728e+01, -7.55510626e+04])]",Success
912,"[array([-1.76769985e+01,  7.68828371e+04]), array([ 1.76219299e+01, -7.66430222e+04])]",Success
875,"[array([-2.20160963e+01,  9.18008007e+04]), array([ 1.52084876e+01, -6.34155997e+04])]",Success
896,"[array([-1.78556668e+01,  7.60699415e+04]), array([ 1.78000417e+01, -7.58326971e+04])]",Success
901,"[array([-1.77928857e+01,  7.64356825e+04]), array([ 1.77374561e+01, -7.61972606e+04])]",Success
902,"[array([-2.13543363e+01,  9.18376470e+04]), array([ 1.51354538e+01, -6.50928236e+04])]",Success
903,"[array([-2.19931858e+01,  9.47496736e+04]), array([ 1.48053087e+01, -6.37835251e+04])]",Success
905,"[array([-1.77341387e+01,  7.65521563e+04]), array([ 1.76789781e+01, -7.63137368e+04])]",Success
906,"[array([-1.77346555e+01,  7.66322001e+04]), array([ 1.76794074e+01, -7.63931278e+04])]",Success
907,"[array([-2.17696766e+01,  9.41832234e+04]), array([ 1.48455517e+01, -6.42271622e+04])]",Success
908,"[array([-1.77127599e+01,  7.67745665e+04]), array([ 1.76575800e+01, -7.65350889e+04])]",Success
909,"[array([-2.19162413e+01,  9.50150689e+04]), array([ 1.47727468e+01, -6.40451632e+04])]",Success
910,"[array([-1.76908662e+01,  7.68073852e+04]), array([ 1.76357545e+01, -7.65677672e+04])]",Success
911,"[array([-1.76632674e+01,  7.67130868e+04]), array([ 1.76357545e+01, -7.65932122e+04])]",Success
913,"[array([-1.76453252e+01,  7.68077473e+04]), array([ 1.76178402e+01, -7.66877252e+04])]",Success
914,"[array([-1.76323774e+01,  7.69398487e+04]), array([ 1.76049126e+01, -7.68196590e+04])]",Success
915,"[array([-1.76049126e+01,  7.68509461e+04]), array([ 1.76049126e+01, -7.68505592e+04])]",Success
916,"[array([-1.7659928e+01,  7.7103077e+04]), array([ 1.75502390e+01, -7.66237902e+04])]",Success
917,"[array([-2.14353232e+01,  9.36968413e+04]), array([ 1.49132958e+01, -6.51883713e+04])]",Success
918,"[array([-2.19481837e+01,  9.60474249e+04]), array([ 1.46062993e+01, -6.39184655e+04])]",Success
919,"[array([-1.75986408e+01,  7.70238302e+04]), array([ 1.75625442e+01, -7.68654117e+04])]",Success
920,[],Success
921,[],Success
922,[],Success
924,"[array([-2.19674988e+01,  9.61319040e+04]), array([ 1.46343124e+01, -6.40411374e+04])]",Success
925,"[array([-1.76351617e+01,  7.71836039e+04]), array([ 1.7552057e+01, -7.6819542e+04])]",Success
928,"[array([-1.75364828e+01,  7.72981314e+04]), array([ 1.75091674e+01, -7.71773454e+04])]",Success
904,"[array([-1.77341387e+01,  7.65215517e+04]), array([ 1.77065154e+01, -7.64020517e+04])]",Success
923,"[array([-2.14637056e+01,  9.38208412e+04]), array([ 1.48608781e+01, -6.49591081e+04])]",Success
926,"[array([-2.15555781e+01,  9.47767615e+04]), array([ 1.47277641e+01, -6.47555199e+04])]",Success
927,"[array([-1.75728506e+01,  7.73839729e+04]), array([ 1.75181065e+01, -7.71425968e+04])]",Success
929,"[array([-1.75596995e+01,  7.74367730e+04]), array([ 1.75049963e+01, -7.71952324e+04])]",Success
930,"[array([-1.75506585e+01,  7.74486860e+04]), array([ 1.74959835e+01, -7.72070702e+04])]",Success
931,"[array([-1.75465330e+01,  7.74546046e+04]), array([ 1.74918709e+01, -7.72129704e+04])]",Success
932,"[array([-1.75287159e+01,  7.75842932e+04]), array([ 1.74741093e+01, -7.73422930e+04])]",Success
933,"[array([-1.75077758e+01,  7.76170366e+04]), array([ 1.74532344e+01, -7.73748963e+04])]",Success
934,"[array([-2.13732768e+01,  9.48286232e+04]), array([ 1.47363119e+01, -6.53820613e+04])]",Success
936,"[array([-1.7490536e+01,  7.7687597e+04]), array([ 1.74360484e+01, -7.74452369e+04])]",Success
937,"[array([-1.74769730e+01,  7.76804747e+04]), array([ 1.74497079e+01, -7.75589863e+04])]",Success
938,"[array([-1.74769730e+01,  7.77285388e+04]), array([ 1.74225276e+01, -7.74860512e+04])]",Success
939,"[array([-1.74519917e+01,  7.77485162e+04]), array([ 1.73976241e+01, -7.75059282e+04])]",Success
941,"[array([-2.13049435e+01,  9.50298345e+04]), array([ 1.47085513e+01, -6.56066348e+04])]",Success
942,"[array([-1.74162097e+01,  7.77813552e+04]), array([ 1.73890816e+01, -7.76598166e+04])]",Success
945,"[array([-1.74032708e+01,  7.78449970e+04]), array([ 1.73761629e+01, -7.77233592e+04])]",Success
946,"[array([-1.74304634e+01,  7.79862581e+04]), array([ 1.73761629e+01, -7.77430057e+04])]",Success
947,"[array([-1.74084559e+01,  7.80123005e+04]), array([ 1.73542240e+01, -7.77689288e+04])]",Success
949,"[array([-1.73502620e+01,  7.78512324e+04]), array([ 1.74044815e+01, -7.80941737e+04])]",Success
950,"[array([-1.73732805e+01,  7.80160043e+04]), array([ 1.73462193e+01, -7.78941765e+04])]",Success
959,[],Success
960,[],Success
961,[],Success
962,[],Success
935,"[array([-1.74905360e+01,  7.76613454e+04]), array([ 1.74632497e+01, -7.75398869e+04])]",Success
940,"[array([-1.74478030e+01,  7.77849322e+04]), array([ 1.74205833e+01, -7.76632427e+04])]",Success
943,"[array([-1.74120316e+01,  7.77877977e+04]), array([ 1.74120316e+01, -7.77874545e+04])]",Success
944,"[array([-1.74621463e+01,  7.80259437e+04]), array([ 1.73805475e+01, -7.76610350e+04])]",Success
948,"[array([-1.74044815e+01,  7.80366125e+04]), array([ 1.73502620e+01, -7.77931651e+04])]",Success
951,"[array([-1.73688199e+01,  7.80792025e+04]), array([ 1.73417657e+01, -7.79572381e+04])]",Success
952,"[array([-1.73919074e+01,  7.82363993e+04]), array([ 1.72838832e+01, -7.77500732e+04])]",Success
953,"[array([-1.73377271e+01,  7.79932123e+04]), array([ 1.73377271e+01, -7.79927873e+04])]",Success
954,"[array([-1.73647750e+01,  7.81502641e+04]), array([ 1.73377271e+01, -7.80281890e+04])]",Success
955,"[array([-2.01549831e+01,  9.07705530e+04]), array([ 1.51781046e+01, -6.83562338e+04])]",Success
956,"[array([-1.73482396e+01,  7.81714222e+04]), array([ 1.72942793e+01, -7.79278519e+04])]",Success
958,"[array([-1.73393178e+01,  7.83759066e+04]), array([ 1.72853012e+01, -7.81314022e+04])]",Success
963,[],Success
964,[],Success
965,"[array([-2.1765615e+01,  9.8596212e+04]), array([ 1.42950942e+01, -6.47551903e+04])]",Success
966,"[array([-1.73104657e+01,  7.84452005e+04]), array([ 1.72565390e+01, -7.82004421e+04])]",Success
967,"[array([-1.73027553e+01,  7.85700622e+04]), array([ 1.72488526e+01, -7.83249911e+04])]",Success
969,"[array([-1.72593089e+01,  7.85667781e+04]), array([ 1.72324252e+01, -7.84440161e+04])]",Success
970,"[array([-1.72593089e+01,  7.87003912e+04]), array([ 1.72056252e+01, -7.84552518e+04])]",Success
971,"[array([-1.72427442e+01,  7.86690208e+04]), array([ 1.72158863e+01, -7.85461377e+04])]",Success
975,"[array([-1.71920249e+01,  7.88309514e+04]), array([ 1.71652460e+01, -7.87077779e+04])]",Success
977,"[array([-2.12131881e+01,  9.74880339e+04]), array([ 1.43541651e+01, -6.59663100e+04])]",Success
978,"[array([-1.71631127e+01,  7.89927190e+04]), array([ 1.71631127e+01, -7.89924140e+04])]",Success
979,"[array([-1.71899300e+01,  7.91383373e+04]), array([ 1.71363789e+01, -7.88914959e+04])]",Success
980,"[array([-1.71504600e+01,  7.90362262e+04]), array([ 1.71237459e+01, -7.89127330e+04])]",Success
957,"[array([-2.12623740e+01,  9.59577932e+04]), array([ 1.46126433e+01, -6.59500390e+04])]",Success
968,"[array([-2.15291560e+01,  9.78470282e+04]), array([ 1.43714106e+01, -6.53163499e+04])]",Success
972,"[array([-1.72427442e+01,  7.86873224e+04]), array([ 1.72158863e+01, -7.85644108e+04])]",Success
973,"[array([-2.13628544e+01,  9.76085160e+04]), array([ 1.43622831e+01, -6.56222970e+04])]",Success
974,"[array([-1.72130879e+01,  7.87429326e+04]), array([ 1.71595479e+01, -7.84975846e+04])]",Success
976,"[array([-1.72065821e+01,  7.89753994e+04]), array([ 1.71529791e+01, -7.87290275e+04])]",Success
981,"[array([-1.71606620e+01,  7.92085785e+04]), array([ 1.71072020e+01, -7.89615183e+04])]",Success
982,"[array([-2.10655972e+01,  9.73126052e+04]), array([ 1.43654138e+01, -6.63608514e+04])]",Success
983,"[array([-1.71444556e+01,  7.92500750e+04]), array([ 1.70910461e+01, -7.90028474e+04])]",Success
984,"[array([-1.71008467e+01,  7.91901464e+04]), array([ 1.70742099e+01, -7.90663753e+04])]",Success
985,"[array([-2.09945045e+01,  9.72832229e+04]), array([ 1.43632128e+01, -6.65552949e+04])]",Success
987,"[array([-1.71153927e+01,  7.94383299e+04]), array([ 1.70355386e+01, -7.90673168e+04])]",Success
988,"[array([-1.70843727e+01,  7.93143920e+04]), array([ 1.70577615e+01, -7.91904655e+04])]",Success
989,"[array([-1.7102829e+01,  7.9464987e+04]), array([ 1.70495492e+01, -7.92170899e+04])]",Success
994,"[array([-1.70262531e+01,  7.95802125e+04]), array([ 1.69997325e+01, -7.94558719e+04])]",Success
995,"[array([-1.70528566e+01,  7.97898138e+04]), array([ 1.69997325e+01, -7.95409429e+04])]",Success
996,[],Success
997,[],Success
998,[],Success
999,[],Success
1000,[],Success
1001,[],Success
1002,[],Success
1003,[],Success
1004,"[array([-1.70201742e+01,  7.98494155e+04]), array([ 1.69671518e+01, -7.96003207e+04])]",Success
986,"[array([-1.70969288e+01,  7.92275604e+04]), array([ 1.70702980e+01, -7.91037691e+04])]",Success
990,"[array([-1.70787319e+01,  7.95300333e+04]), array([ 1.70255272e+01, -7.92819335e+04])]",Success
991,"[array([-1.70520881e+01,  7.94484517e+04]), array([ 1.70255272e+01, -7.93243164e+04])]",Success
992,"[array([-2.08994043e+01,  9.74800531e+04]), array([ 1.43443418e+01, -6.69059793e+04])]",Success
993,"[array([-1.70660593e+01,  7.96502390e+04]), array([ 1.70128940e+01, -7.94017647e+04])]",Success
1005,"[array([-2.04664446e+01,  9.61250342e+04]), array([ 1.44789209e+01, -6.80032463e+04])]",Success
1006,"[array([-1.69784140e+01,  7.98649592e+04]), array([ 1.69519679e+01, -7.97402133e+04])]",Success
1008,"[array([-1.69849070e+01,  7.99978694e+04]), array([ 1.69319945e+01, -7.97483122e+04])]",Success
1009,"[array([-1.69584095e+01,  7.99796709e+04]), array([ 1.69319945e+01, -7.98547463e+04])]",Success
1010,"[array([-1.69584095e+01,  7.99935022e+04]), array([ 1.69056617e+01, -7.97443025e+04])]",Success
1011,"[array([-1.69294380e+01,  8.00108224e+04]), array([ 1.69030681e+01, -7.98857729e+04])]",Success
1012,"[array([-2.11487519e+01,  1.00013793e+05]), array([ 1.40717377e+01, -6.65460424e+04])]",Success
1013,"[array([-1.69132924e+01,  8.01262420e+04]), array([ 1.68869477e+01, -8.00010891e+04])]",Success
1014,"[array([-2.10513018e+01,  9.97435913e+04]), array([ 1.40797668e+01, -6.67113295e+04])]",Success
1015,"[array([-1.69278130e+01,  8.03251934e+04]), array([ 1.68488341e+01, -7.99500806e+04])]",Success
1016,"[array([-1.68975296e+01,  8.02752489e+04]), array([ 1.68712095e+01, -8.01498639e+04])]",Success
1019,"[array([-2.07448171e+01,  9.88890672e+04]), array([ 1.41281695e+01, -6.73477773e+04])]",Success
1020,"[array([-1.68715370e+01,  8.05698184e+04]), array([ 1.68189777e+01, -8.03184794e+04])]",Success
1021,"[array([-1.68715370e+01,  8.05858908e+04]), array([ 1.68189777e+01, -8.03345399e+04])]",Success
1022,"[array([-2.05869029e+01,  9.85343065e+04]), array([ 1.41754759e+01, -6.78473059e+04])]",Success
1023,"[array([-1.68170618e+01,  8.06130101e+04]), array([ 1.67908670e+01, -8.04870608e+04])]",Success
1031,"[array([-1.67492792e+01,  8.10228162e+04]), array([ 1.66971819e+01, -8.07705292e+04])]",Success
1033,[],Success
1035,[],Success
1036,[],Success
1007,"[array([-2.09903105e+01,  9.88043622e+04]), array([ 1.4194492e+01, -6.6816693e+04])]",Success
1017,"[array([-1.68252197e+01,  8.00175070e+04]), array([ 1.69305419e+01, -8.05180931e+04])]",Success
1018,"[array([-1.71180637e+01,  8.14127018e+04]), array([ 1.66440250e+01, -7.91578577e+04])]",Success
1024,"[array([-1.68132762e+01,  8.06053537e+04]), array([ 1.68132762e+01, -8.06050487e+04])]",Success
1025,"[array([-1.68201153e+01,  8.07540626e+04]), array([ 1.67677161e+01, -8.05021115e+04])]",Success
1026,"[array([-2.07415679e+01,  9.95845330e+04]), array([ 1.40717304e+01, -6.75618111e+04])]",Success
1027,"[array([-1.67999962e+01,  8.07919498e+04]), array([ 1.67476597e+01, -8.05399188e+04])]",Success
1028,"[array([-1.67999962e+01,  8.08273473e+04]), array([ 1.67737871e+01, -8.07009497e+04])]",Success
1029,"[array([-2.09083955e+01,  1.00633666e+05]), array([ 1.39570329e+01, -6.71759483e+04])]",Success
1030,"[array([-1.67879709e+01,  8.09183557e+04]), array([ 1.67356719e+01, -8.06659690e+04])]",Success
1032,"[array([-2.04890992e+01,  9.91775730e+04]), array([ 1.41081205e+01, -6.82902014e+04])]",Success
1034,[],Success
1037,"[array([-2.04718134e+01,  9.90938832e+04]), array([ 1.40991205e+01, -6.82466599e+04])]",Success
1038,"[array([-1.67509155e+01,  8.12177073e+04]), array([ 1.66467108e+01, -8.07120466e+04])]",Success
1039,"[array([-1.67247422e+01,  8.11402494e+04]), array([ 1.66726402e+01, -8.08870952e+04])]",Success
1040,"[array([-2.05400966e+01,  9.98419675e+04]), array([ 1.39887455e+01, -6.79977706e+04])]",Success
1041,"[array([-1.66970801e+01,  8.13483109e+04]), array([ 1.66450643e+01, -8.10945467e+04])]",Success
1042,"[array([-1.66970801e+01,  8.13687075e+04]), array([ 1.66450643e+01, -8.11148798e+04])]",Success
1043,"[array([-1.66851180e+01,  8.14531648e+04]), array([ 1.66331394e+01, -8.11990740e+04])]",Success
1044,"[array([-1.66735697e+01,  8.14929540e+04]), array([ 1.66216271e+01, -8.12387774e+04])]",Success
1045,"[array([-1.66735697e+01,  8.15221905e+04]), array([ 1.66216271e+01, -8.12678846e+04])]",Success
1053,"[array([-1.65838590e+01,  8.20078116e+04]), array([ 1.65321958e+01, -8.17520311e+04])]",Success
1060,[],Success
1061,[],Success
1062,[],Success
1046,"[array([-2.02349253e+01,  9.91562721e+04]), array([ 1.40683452e+01, -6.89386826e+04])]",Success
1047,"[array([-2.05528519e+01,  1.00904041e+05]), array([ 1.38805440e+01, -6.81466859e+04])]",Success
1048,"[array([-1.66230053e+01,  8.17229943e+04]), array([ 1.65712202e+01, -8.14680628e+04])]",Success
1049,"[array([-2.08051715e+01,  1.02413407e+05]), array([ 1.37534834e+01, -6.77020865e+04])]",Success
1050,"[array([-1.66036975e+01,  8.17844781e+04]), array([ 1.65519726e+01, -8.15293170e+04])]",Success
1051,"[array([-1.65657205e+01,  8.18244027e+04]), array([ 1.65399172e+01, -8.16965665e+04])]",Success
1052,"[array([-1.65838590e+01,  8.19936143e+04]), array([ 1.65064848e+01, -8.16106792e+04])]",Success
1054,"[array([-2.06116575e+01,  1.02170524e+05]), array([ 1.37589506e+01, -6.82025512e+04])]",Success
1055,"[array([-1.65498362e+01,  8.20919785e+04]), array([ 1.64982790e+01, -8.18358594e+04])]",Success
1056,"[array([-1.65122882e+01,  8.20357099e+04]), array([ 1.64865682e+01, -8.19075064e+04])]",Success
1057,"[array([-2.06726109e+01,  1.02851559e+05]), array([ 1.36749054e+01, -6.80361958e+04])]",Success
1058,"[array([-1.64810482e+01,  8.23377668e+04]), array([ 1.64553768e+01, -8.22091691e+04])]",Success
1059,"[array([-1.64769454e+01,  8.23737511e+04]), array([ 1.64256952e+01, -8.21171479e+04])]",Success
1063,"[array([-2.03815210e+01,  1.02074362e+05]), array([ 1.37203728e+01, -6.87140187e+04])]",Success
1064,"[array([-1.64456663e+01,  8.26455977e+04]), array([ 1.63944337e+01, -8.23877921e+04])]",Success
1065,"[array([-1.64420562e+01,  8.27128792e+04]), array([ 1.63908349e+01, -8.24549021e+04])]",Success
1067,"[array([-1.63940688e+01,  8.26149957e+04]), array([ 1.63685328e+01, -8.24859280e+04])]",Success
1069,"[array([-1.63785029e+01,  8.27316191e+04]), array([ 1.63529912e+01, -8.26023316e+04])]",Success
1070,"[array([-1.63745273e+01,  8.27723364e+04]), array([ 1.63490218e+01, -8.26430236e+04])]",Success
1071,"[array([-1.63849839e+01,  8.29776963e+04]), array([ 1.63339403e+01, -8.27188562e+04])]",Success
1072,"[array([-1.63774300e+01,  8.30033324e+04]), array([ 1.63264100e+01, -8.27444124e+04])]",Success
1073,"[array([-1.63483065e+01,  8.29257041e+04]), array([ 1.63228418e+01, -8.27961524e+04])]",Success
1079,"[array([-1.62308104e+01,  8.27207478e+04]), array([ 1.63834512e+01, -8.34983411e+04])]",Success
1080,"[array([-1.63834512e+01,  8.35010476e+04]), array([ 1.62308104e+01, -8.27227459e+04])]",Success
1082,"[array([-1.63207255e+01,  8.33013921e+04]), array([ 1.62445791e+01, -8.29123554e+04])]",Success
1066,"[array([-2.02916351e+01,  1.02221247e+05]), array([ 1.37041290e+01, -6.90368153e+04])]",Success
1068,"[array([-2.16672125e+01,  1.09235311e+05]), array([ 1.31029901e+01, -6.60585658e+04])]",Success
1074,"[array([-2.03387119e+01,  1.03238334e+05]), array([ 1.35855209e+01, -6.89592260e+04])]",Success
1075,"[array([-1.63335092e+01,  8.29617343e+04]), array([ 1.63080676e+01, -8.28321266e+04])]",Success
1076,"[array([-1.63335092e+01,  8.30360870e+04]), array([ 1.62827052e+01, -8.27773855e+04])]",Success
1077,"[array([-1.63515006e+01,  8.31962100e+04]), array([ 1.62752106e+01, -8.28077402e+04])]",Success
1078,"[array([-2.03552737e+01,  1.03596673e+05]), array([ 1.35701825e+01, -6.90644098e+04])]",Success
1081,"[array([-1.63462666e+01,  8.34036954e+04]), array([ 1.62445791e+01, -8.28845122e+04])]",Success
1083,"[array([-1.63097577e+01,  8.33631335e+04]), array([ 1.62589485e+01, -8.31031308e+04])]",Success
1084,"[array([-2.03248981e+01,  1.04059132e+05]), array([ 1.35235703e+01, -6.92382599e+04])]",Success
1085,"[array([-1.62724031e+01,  8.34776522e+04]), array([ 1.62217102e+01, -8.32172546e+04])]",Success
1086,"[array([-2.04109210e+01,  1.04880818e+05]), array([ 1.34317028e+01, -6.90180536e+04])]",Success
1087,"[array([-1.62614236e+01,  8.35769325e+04]), array([ 1.62107650e+01, -8.33162637e+04])]",Success
1088,"[array([-1.62212043e+01,  8.35733186e+04]), array([ 1.61959376e+01, -8.34427582e+04])]",Success
1089,"[array([-1.62173028e+01,  8.37059551e+04]), array([ 1.61668602e+01, -8.34452082e+04])]",Success
1090,"[array([-2.01800813e+01,  1.04242690e+05]), array([ 1.34450092e+01, -6.94515347e+04])]",Success
1091,[],Success
1092,"[array([-2.02028939e+01,  1.04360466e+05]), array([ 1.34540621e+01, -6.94983251e+04])]",Success
1093,"[array([-2.01689709e+01,  1.04450890e+05]), array([ 1.34459806e+01, -6.96336334e+04])]",Success
1095,"[array([-1.61799534e+01,  8.40097082e+04]), array([ 1.61044637e+01, -8.36173668e+04])]",Success
1096,"[array([-1.61760770e+01,  8.40120938e+04]), array([ 1.61256843e+01, -8.37500312e+04])]",Success
1099,"[array([-1.61434470e+01,  8.40833044e+04]), array([ 1.60931559e+01, -8.38209818e+04])]",Success
1101,"[array([-1.61396678e+01,  8.41364870e+04]), array([ 1.61144889e+01, -8.40049268e+04])]",Success
1102,"[array([-1.99024805e+01,  1.03801500e+05]), array([ 1.34848399e+01, -7.03299646e+04])]",Success
1104,"[array([-1.60814675e+01,  8.42679996e+04]), array([ 1.60564185e+01, -8.41363572e+04])]",Success
1094,"[array([-1.61659002e+01,  8.37783325e+04]), array([ 1.61407197e+01, -8.36474147e+04])]",Success
1097,"[array([-2.00590233e+01,  1.04244178e+05]), array([ 1.34596307e+01, -6.99477171e+04])]",Success
1098,"[array([-1.61725875e+01,  8.40501160e+04]), array([ 1.60971322e+01, -8.36575860e+04])]",Success
1100,"[array([-1.6143447e+01,  8.4136879e+04]), array([ 1.60931559e+01, -8.38744277e+04])]",Success
1103,"[array([-1.99750739e+01,  1.04310826e+05]), array([ 1.3446762e+01, -7.0219523e+04])]",Success
1105,"[array([-1.98191854e+01,  1.03937401e+05]), array([ 1.34542773e+01, -7.05578573e+04])]",Success
1106,"[array([-1.60922583e+01,  8.45900666e+04]), array([ 1.60171777e+01, -8.41950555e+04])]",Success
1107,"[array([-1.99848448e+01,  1.05141504e+05]), array([ 1.33491506e+01, -7.02311732e+04])]",Success
1108,"[array([-1.60378389e+01,  8.44475217e+04]), array([ 1.60128579e+01, -8.43155997e+04])]",Success
1109,"[array([-1.61964113e+01,  8.54999470e+04]), array([ 1.58220720e+01, -8.35234137e+04])]",Success
1110,"[array([-2.00470760e+01,  1.05849998e+05]), array([ 1.32782703e+01, -7.01099579e+04])]",Success
1111,"[array([-1.60338984e+01,  8.47351676e+04]), array([ 1.59839485e+01, -8.44708524e+04])]",Success
1112,"[array([-1.60338984e+01,  8.47671593e+04]), array([ 1.59839485e+01, -8.45027445e+04])]",Success
1113,"[array([-1.60124714e+01,  8.47909082e+04]), array([ 1.59625883e+01, -8.45263813e+04])]",Success
1114,"[array([-1.60124714e+01,  8.48124146e+04]), array([ 1.59625883e+01, -8.45478207e+04])]",Success
1115,"[array([-1.98220149e+01,  1.05126001e+05]), array([ 1.33437262e+01, -7.07681208e+04])]",Success
1116,"[array([-1.98468732e+01,  1.05417423e+05]), array([ 1.33172777e+01, -7.07350616e+04])]",Success
1117,"[array([-1.59618658e+01,  8.49891309e+04]), array([ 1.59370031e+01, -8.48564033e+04])]",Success
1118,"[array([-1.59789491e+01,  8.51553707e+04]), array([ 1.59043972e+01, -8.47577220e+04])]",Success
1119,[],Success
1120,[],Success
1121,[],Success
1122,[],Success
1123,"[array([-1.59470685e+01,  8.52273572e+04]), array([ 1.59221901e+01, -8.50941334e+04])]",Success
1124,"[array([-1.95352911e+01,  1.04449902e+05]), array([ 1.33649043e+01, -7.14584462e+04])]",Success
1125,"[array([-1.59334718e+01,  8.52673151e+04]), array([ 1.58838348e+01, -8.50013421e+04])]",Success
1126,"[array([-1.98605400e+01,  1.06353451e+05]), array([ 1.32146005e+01, -7.07645765e+04])]",Success
1127,"[array([-1.59194641e+01,  8.52811253e+04]), array([ 1.58698707e+01, -8.50150712e+04])]",Success
1128,"[array([-1.99547813e+01,  1.07105317e+05]), array([ 1.31484993e+01, -7.05730765e+04])]",Success
1129,"[array([-1.58941532e+01,  8.55221487e+04]), array([ 1.58446387e+01, -8.52553819e+04])]",Success
1130,"[array([-1.51756850e+01,  8.17182522e+04]), array([ 1.66139035e+01, -8.94624330e+04])]",Success
1131,"[array([-1.55910202e+01,  8.40771593e+04]), array([ 1.61354685e+01, -8.70128768e+04])]",Success
1132,"[array([-1.58799436e+01,  8.57204083e+04]), array([ 1.58058537e+01, -8.53201234e+04])]",Success
1133,"[array([-1.58410078e+01,  8.56399772e+04]), array([ 1.58163333e+01, -8.55062740e+04])]",Success
1134,"[array([-1.58339362e+01,  8.56907530e+04]), array([ 1.57846860e+01, -8.54238325e+04])]",Success
1135,"[array([-1.58378910e+01,  8.58371781e+04]), array([ 1.57885518e+01, -8.55694299e+04])]",Success
1137,"[array([-1.58061363e+01,  8.57780028e+04]), array([ 1.57569726e+01, -8.55107728e+04])]",Success
1138,"[array([-1.96351422e+01,  1.06652583e+05]), array([ 1.31580953e+01, -7.14709129e+04])]",Success
1139,"[array([-1.57460103e+01,  8.57083265e+04]), array([ 1.57952165e+01, -8.59757830e+04])]",Success
1140,"[array([-1.57952165e+01,  8.59836211e+04]), array([ 1.57215219e+01, -8.55820320e+04])]",Success
1141,"[array([-1.44522330e+01,  7.88006165e+04]), array([ 1.72981351e+01, -9.43174392e+04])]",Success
1143,"[array([-1.57562353e+01,  8.60213383e+04]), array([ 1.57316929e+01, -8.58870030e+04])]",Success
1144,"[array([-1.57529239e+01,  8.60744552e+04]), array([ 1.57283867e+01, -8.59400753e+04])]",Success
1145,"[array([-1.57461806e+01,  8.61404492e+04]), array([ 1.56972034e+01, -8.58721299e+04])]",Success
1147,"[array([-1.57391935e+01,  8.62507914e+04]), array([ 1.56902380e+01, -8.59821289e+04])]",Success
1149,"[array([-2.06507655e+01,  1.13374196e+05]), array([ 1.25969669e+01, -6.91587355e+04])]",Success
1150,[],Success
1151,[],Success
1152,[],Success
1153,[],Success
1136,"[array([-1.95303473e+01,  1.05886375e+05]), array([ 1.32500003e+01, -7.18366985e+04])]",Success
1142,"[array([-5.97404546e+00,  3.25910607e+04])]",Success
1146,"[array([-1.57671748e+01,  8.63176875e+04]), array([ 1.56936110e+01, -8.59146159e+04])]",Success
1148,"[array([-1.88494395e+01,  1.03388840e+05]), array([ 1.34459335e+01, -7.37519070e+04])]",Success
1154,"[array([-1.98975164e+01,  1.09546522e+05]), array([ 1.28823664e+01, -7.09241241e+04])]",Success
1155,"[array([-1.56905707e+01,  8.65269838e+04]), array([ 1.56416904e+01, -8.62571248e+04])]",Success
1156,"[array([-1.57892535e+01,  8.71047456e+04]), array([ 1.55448379e+01, -8.57560344e+04])]",Success
1157,"[array([-1.56591761e+01,  8.65703132e+04]), array([ 1.56347849e+01, -8.64350846e+04])]",Success
1158,"[array([-1.95240980e+01,  1.07994298e+05]), array([ 1.30160654e+01, -7.19962551e+04])]",Success
1159,"[array([-1.56486734e+01,  8.67322770e+04]), array([ 1.55999995e+01, -8.64621169e+04])]",Success
1160,"[array([-1.58864986e+01,  8.81264111e+04]), array([ 1.53748169e+01, -8.52876434e+04])]",Success
1163,"[array([-1.56498377e+01,  8.69670015e+04]), array([ 1.55524826e+01, -8.64255754e+04])]",Success
1164,"[array([-1.56291057e+01,  8.70326439e+04]), array([ 1.55560725e+01, -8.66255715e+04])]",Success
1165,"[array([-1.55077617e+01,  8.63885426e+04]), array([ 1.56781767e+01, -8.73375250e+04])]",Success
1168,"[array([-1.56118908e+01,  8.71855020e+04]), array([ 1.55631797e+01, -8.69132117e+04])]",Success
1170,"[array([-1.45051119e+01,  8.12686189e+04]), array([ 1.67479192e+01, -9.38341533e+04])]",Success
1171,"[array([-1.55946978e+01,  8.73751506e+04]), array([ 1.55218254e+01, -8.69665540e+04])]",Success
1172,"[array([-1.89726595e+01,  1.06600178e+05]), array([ 1.30888913e+01, -7.35411842e+04])]",Success
1180,"[array([-1.54911692e+01,  8.77681387e+04]), array([ 1.54188931e+01, -8.73582618e+04])]",Success
1182,[],Success
1183,[],Success
1184,[],Success
1185,[],Success
1187,[],Success
1188,[],Success
1162,"[array([-1.94729615e+01,  1.08154062e+05]), array([ 1.29819743e+01, -7.21030184e+04])]",Success
1166,"[array([-1.57028279e+01,  8.74775925e+04]), array([ 1.54837187e+01, -8.62566368e+04])]",Success
1167,"[array([-1.93837159e+01,  1.08166510e+05]), array([ 1.29644333e+01, -7.23451265e+04])]",Success
1169,"[array([-1.55773158e+01,  8.72335205e+04]), array([ 1.55046378e+01, -8.68260998e+04])]",Success
1173,"[array([-1.55392297e+01,  8.73493180e+04]), array([ 1.55150253e+01, -8.72129524e+04])]",Success
1174,"[array([-1.55292406e+01,  8.74836009e+04]), array([ 1.54809381e+01, -8.72111039e+04])]",Success
1175,"[array([-1.55157471e+01,  8.74296971e+04]), array([ 1.54674866e+01, -8.71573296e+04])]",Success
1176,"[array([-1.8690682e+01,  1.0539554e+05]), array([ 1.32226633e+01, -7.45634601e+04])]",Success
1177,"[array([-1.55055307e+01,  8.75777412e+04]), array([ 1.54573020e+01, -8.73049514e+04])]",Success
1179,"[array([-1.54985735e+01,  8.77186897e+04]), array([ 1.54502913e+01, -8.74450800e+04])]",Success
1181,"[array([-1.97104339e+01,  1.11848907e+05]), array([ 1.26336597e+01, -7.16910453e+04])]",Success
1186,[],Success
1189,"[array([-1.97392546e+01,  1.12012409e+05]), array([ 1.26536800e+01, -7.18047301e+04])]",Success
1190,"[array([-1.54612152e+01,  8.77835166e+04]), array([ 1.54370947e+01, -8.76462287e+04])]",Success
1191,"[array([-1.99017213e+01,  1.13128263e+05]), array([ 1.25522278e+01, -7.13514429e+04])]",Success
1192,"[array([-1.54308198e+01,  8.78012828e+04]), array([ 1.54067842e+01, -8.76640987e+04])]",Success
1193,"[array([-1.54549304e+01,  8.79734076e+04]), array([ 1.54067842e+01, -8.76990426e+04])]",Success
1194,"[array([-1.98576158e+01,  1.13142086e+05]), array([ 1.25655561e+01, -7.15942565e+04])]",Success
1196,"[array([-1.53729289e+01,  8.76885853e+04]), array([ 1.54208943e+01, -8.79617589e+04])]",Success
1198,"[array([-1.53800200e+01,  8.78886344e+04]), array([ 1.54040138e+01, -8.80254763e+04])]",Success
1199,"[array([-1.54040138e+01,  8.80320856e+04]), array([ 1.53561009e+01, -8.77578445e+04])]",Success
1201,"[array([-1.54044837e+01,  8.82525158e+04]), array([ 1.53326121e+01, -8.78403790e+04])]",Success
1202,"[array([-1.93567355e+01,  1.10991112e+05]), array([ 1.26966216e+01, -7.28020267e+04])]",Success
1203,"[array([-1.53875456e+01,  8.83357142e+04]), array([ 1.53157530e+01, -8.79231892e+04])]",Success
1206,"[array([-1.53982863e+01,  8.85353829e+04]), array([ 1.53024960e+01, -8.79842764e+04])]",Success
1161,"[array([-1.56182943e+01,  8.67164094e+04]), array([ 1.55939668e+01, -8.65809914e+04])]",Success
1178,"[array([-1.98738011e+01,  1.12318748e+05]), array([ 1.26263031e+01, -7.13608092e+04])]",Success
1195,"[array([-1.54484549e+01,  8.81045089e+04]), array([ 1.53763782e+01, -8.76931007e+04])]",Success
1197,"[array([-1.54176499e+01,  8.80407643e+04]), array([ 1.53936349e+01, -8.79032834e+04])]",Success
1200,"[array([-1.54114876e+01,  8.82027734e+04]), array([ 1.53395833e+01, -8.77909448e+04])]",Success
1204,"[array([-1.53844701e+01,  8.83846441e+04]), array([ 1.53126918e+01, -8.79718908e+04])]",Success
1205,"[array([-1.53844701e+01,  8.83922594e+04]), array([ 1.53365434e+01, -8.81165896e+04])]",Success
1207,"[array([-1.93151914e+01,  1.11224852e+05]), array([ 1.26693717e+01, -7.29556590e+04])]",Success
1208,"[array([-1.53307754e+01,  8.83745887e+04]), array([ 1.53068957e+01, -8.82365879e+04])]",Success
1209,"[array([-1.53307754e+01,  8.83985833e+04]), array([ 1.53068957e+01, -8.82605069e+04])]",Success
1210,"[array([-1.53445984e+01,  8.85649799e+04]), array([ 1.52730062e+01, -8.81513853e+04])]",Success
1211,"[array([-1.53348453e+01,  8.85961242e+04]), array([ 1.52870732e+01, -8.83197430e+04])]",Success
1212,"[array([-1.53216176e+01,  8.86645411e+04]), array([ 1.52738867e+01, -8.83879849e+04])]",Success
1215,"[array([-1.52744755e+01,  8.87107165e+04]), array([ 1.52506834e+01, -8.85721539e+04])]",Success
1216,"[array([-1.52983418e+01,  8.88717870e+04]), array([ 1.52506834e+01, -8.85946615e+04])]",Success
1219,"[array([-1.52416567e+01,  8.89126291e+04]), array([ 1.52179158e+01, -8.87737521e+04])]",Success
1220,"[array([-1.52654718e+01,  8.91033664e+04]), array([ 1.52179158e+01, -8.88254813e+04])]",Success
1222,"[array([-1.52291551e+01,  8.90921123e+04]), array([ 1.51952723e+01, -8.88935629e+04])]",Success
1223,"[array([-1.52470999e+01,  8.92048683e+04]), array([ 1.51460268e+01, -8.86130676e+04])]",Success
1224,[],Success
1225,[],Success
1226,[],Success
1227,[],Success
1228,[],Success
1230,"[array([-1.52420845e+01,  8.91755422e+04]), array([ 1.51846559e+01, -8.88391865e+04])]",Success
1213,"[array([-1.91520220e+01,  1.10909212e+05]), array([ 1.26854273e+01, -7.34611412e+04])]",Success
1214,"[array([-1.53150123e+01,  8.87957962e+04]), array([ 1.52673020e+01, -8.85188693e+04])]",Success
1217,"[array([-1.89669149e+01,  1.10297939e+05]), array([ 1.27102962e+01, -7.39140933e+04])]",Success
1218,"[array([-1.90203796e+01,  1.10868137e+05]), array([ 1.26802530e+01, -7.39122115e+04])]",Success
1221,"[array([-1.91943064e+01,  1.12096947e+05]), array([ 1.25577146e+01, -7.33387625e+04])]",Success
1229,"[array([-1.52479053e+01,  8.92017731e+04]), array([ 1.52083449e+01, -8.89700663e+04])]",Success
1231,"[array([-1.52438259e+01,  8.92277437e+04]), array([ 1.51725931e+01, -8.88104139e+04])]",Success
1232,"[array([-1.91748126e+01,  1.12412970e+05]), array([ 1.25364283e+01, -7.34956578e+04])]",Success
1233,"[array([-1.52200075e+01,  8.92319851e+04]), array([ 1.51725931e+01, -8.89536230e+04])]",Success
1234,"[array([-1.93488378e+01,  1.13657841e+05]), array([ 1.24297131e+01, -7.30137472e+04])]",Success
1235,"[array([-1.52069772e+01,  8.93402010e+04]), array([ 1.51596034e+01, -8.90615399e+04])]",Success
1236,"[array([-1.51801098e+01,  8.93792974e+04]), array([ 1.51564647e+01, -8.92397316e+04])]",Success
1237,"[array([-1.51871571e+01,  8.94669847e+04]), array([ 1.51162994e+01, -8.90491435e+04])]",Success
1238,"[array([-1.51840922e+01,  8.95098138e+04]), array([ 1.51132488e+01, -8.90918870e+04])]",Success
1239,"[array([-1.52013570e+01,  8.97544433e+04]), array([ 1.51067918e+01, -8.91957912e+04])]",Success
1240,"[array([-1.51744989e+01,  8.96687543e+04]), array([ 1.51272263e+01, -8.93891079e+04])]",Success
1242,"[array([-1.51531275e+01,  8.98385413e+04]), array([ 1.50823185e+01, -8.94183954e+04])]",Success
1245,"[array([-1.51163861e+01,  8.98127711e+04]), array([ 1.50692946e+01, -8.95325997e+04])]",Success
1246,"[array([-1.91574003e+01,  1.13894545e+05]), array([ 1.24031886e+01, -7.37391276e+04])]",Success
1247,"[array([-1.51130358e+01,  8.99614173e+04]), array([ 1.50659546e+01, -8.96808210e+04])]",Success
1248,"[array([-1.51096418e+01,  8.99742213e+04]), array([ 1.50391458e+01, -8.95540517e+04])]",Success
1260,[],Success
1261,[],Success
1262,[],Success
1263,[],Success
1241,"[array([-1.90894972e+01,  1.13003068e+05]), array([ 1.24967327e+01, -7.39775564e+04])]",Success
1243,"[array([-1.51025480e+01,  8.95831096e+04]), array([ 1.51025480e+01, -8.95826899e+04])]",Success
1244,"[array([-1.51228211e+01,  8.97960124e+04]), array([ 1.50992286e+01, -8.96556613e+04])]",Success
1250,"[array([-1.88885774e+01,  1.12874915e+05]), array([ 1.24703657e+01, -7.45206118e+04])]",Success
1251,"[array([-1.50546822e+01,  9.00119158e+04]), array([ 1.50312325e+01, -8.98714027e+04])]",Success
1252,"[array([-1.50953947e+01,  9.03949732e+04]), array([ 1.49781945e+01, -8.96928042e+04])]",Success
1254,"[array([-1.50191738e+01,  9.01806188e+04]), array([ 1.49957794e+01, -9.00397285e+04])]",Success
1255,"[array([-1.50358446e+01,  9.03715343e+04]), array([ 1.49890040e+01, -9.00896222e+04])]",Success
1256,"[array([-1.50358446e+01,  9.04608892e+04]), array([ 1.49656929e+01, -9.00384870e+04])]",Success
1257,"[array([-1.50593749e+01,  9.06692190e+04]), array([ 1.49424543e+01, -8.99649208e+04])]",Success
1258,[],Success
1259,[],Success
1264,[],Success
1265,[],Success
1266,[],Success
1267,[],Success
1268,"[array([-1.49601349e+01,  9.02590606e+04]), array([ 1.50068853e+01, -9.05407382e+04])]",Success
1269,"[array([-1.84480175e+01,  1.11391307e+05]), array([ 1.25726987e+01, -7.59172021e+04])]",Success
1271,"[array([-1.49890143e+01,  9.06070202e+04]), array([ 1.49423195e+01, -9.03243745e+04])]",Success
1272,"[array([-1.89171388e+01,  1.14469845e+05]), array([ 1.23119248e+01, -7.45012180e+04])]",Success
1275,"[array([-1.42334177e+01,  8.63458735e+04]), array([ 1.57316722e+01, -9.54345574e+04])]",Success
1276,"[array([-1.49356228e+01,  9.08462018e+04]), array([ 1.48890944e+01, -9.05627729e+04])]",Success
1277,"[array([-1.49356228e+01,  9.08685884e+04]), array([ 1.49123223e+01, -9.07264876e+04])]",Success
1278,"[array([-1.49356228e+01,  9.09013455e+04]), array([ 1.48890944e+01, -9.06177829e+04])]",Success
1279,"[array([-1.49293463e+01,  9.09623806e+04]), array([ 1.48828374e+01, -9.06786660e+04])]",Success
1249,"[array([-1.88190035e+01,  1.12351622e+05]), array([ 1.25053741e+01, -7.46582651e+04])]",Success
1253,"[array([-1.87181623e+01,  1.12269986e+05]), array([ 1.25030526e+01, -7.49922640e+04])]",Success
1270,"[array([-1.49890143e+01,  9.05361103e+04]), array([ 1.49656305e+01, -9.03946427e+04])]",Success
1273,"[array([-9.83266861e+00,  5.96017093e+04]), array([ 2.94677515e+01, -1.78622617e+05])]",Success
1280,"[array([-1.89579000e+01,  1.15521108e+05]), array([ 1.22340354e+01, -7.45487007e+04])]",Success
1281,"[array([-1.49293463e+01,  9.10097559e+04]), array([ 1.48828374e+01, -9.07259319e+04])]",Success
1282,"[array([-1.49230750e+01,  9.10927184e+04]), array([ 1.48534495e+01, -9.06673302e+04])]",Success
1283,"[array([-1.49041886e+01,  9.12428484e+04]), array([ 1.48577581e+01, -9.09582601e+04])]",Success
1285,"[array([-1.48591747e+01,  9.12091424e+04]), array([ 1.48129564e+01, -9.09249812e+04])]",Success
1286,"[array([-1.48591747e+01,  9.13006504e+04]), array([ 1.48360296e+01, -9.11581682e+04])]",Success
1287,"[array([-1.48591747e+01,  9.13653365e+04]), array([ 1.48129564e+01, -9.10807656e+04])]",Success
1288,"[array([-1.48236980e+01,  9.13556514e+04]), array([ 1.48006441e+01, -9.12131467e+04])]",Success
1292,"[array([-1.48062461e+01,  9.16237652e+04]), array([ 1.47831834e+01, -9.14807415e+04])]",Success
1293,"[array([-1.48293808e+01,  9.18090186e+04]), array([ 1.47601924e+01, -9.13803266e+04])]",Success
1294,"[array([-1.89816075e+01,  1.17612180e+05]), array([ 1.20594711e+01, -7.47220483e+04])]",Success
1296,"[array([-1.47897835e+01,  9.17336719e+04]), array([ 1.47805607e+01, -9.16762228e+04])]",Success
1297,"[array([-1.49493376e+01,  9.27405440e+04]), array([ 1.45716344e+01, -9.03969724e+04])]",Success
1298,"[array([-1.48241309e+01,  9.20276666e+04]), array([ 1.47479301e+01, -9.15544217e+04])]",Success
1299,[],Success
1300,[],Success
1301,[],Success
1302,[],Success
1303,[],Success
1304,[],Success
1305,[],Success
1274,"[array([ 6.94490154e+00, -4.20981747e+04])]",Success
1284,"[array([-1.83875116e+01,  1.12744371e+05]), array([ 1.24181630e+01, -7.61425474e+04])]",Success
1289,"[array([-1.68334561e+01,  1.03873669e+05]), array([ 1.32648573e+01, -8.18574715e+04])]",Success
1290,"[array([-1.48376017e+01,  9.15629972e+04]), array([ 1.47914505e+01, -9.12778877e+04])]",Success
1291,"[array([-3.23364826e+01,  1.99609287e+05]), array([ 9.41279790e+00, -5.81047749e+04])]",Success
1295,"[array([-1.98095143e+01,  1.22851944e+05]), array([ 1.17453808e+01, -7.28414393e+04])]",Success
1306,"[array([-1.98268716e+01,  1.22959544e+05]), array([ 1.17032238e+01, -7.25798548e+04])]",Success
1307,"[array([-1.47615069e+01,  9.15583452e+04]), array([ 1.47458378e+01, -9.14607503e+04])]",Success
1308,"[array([-1.49928948e+01,  9.30106311e+04]), array([ 1.45804800e+01, -9.04518722e+04])]",Success
1309,"[array([-1.47658066e+01,  9.16657527e+04]), array([ 1.47394572e+01, -9.15017985e+04])]",Success
1310,"[array([-1.48086565e+01,  9.20566350e+04]), array([ 1.47165343e+01, -9.14836233e+04])]",Success
1311,"[array([-1.47768470e+01,  9.20590607e+04]), array([ 1.46850653e+01, -9.14868415e+04])]",Success
1313,"[array([-1.47678847e+01,  9.20629192e+04]), array([ 1.46989832e+01, -9.16330425e+04])]",Success
1314,"[array([-1.47909956e+01,  9.22390314e+04]), array([ 1.46761587e+01, -9.15225072e+04])]",Success
1316,"[array([-1.47557201e+01,  9.22015521e+04]), array([ 1.46868754e+01, -9.17710667e+04])]",Success
1317,"[array([-1.92688286e+01,  1.20408147e+05]), array([ 1.18465822e+01, -7.40282577e+04])]",Success
1319,"[array([-1.47464854e+01,  9.24178260e+04]), array([ 1.46548923e+01, -9.18434546e+04])]",Success
1320,"[array([-1.46775812e+01,  9.22796333e+04]), array([ 1.46547189e+01, -9.21354735e+04])]",Success
1321,"[array([-1.47235204e+01,  9.25878077e+04]), array([ 1.46319277e+01, -9.20114917e+04])]",Success
1323,"[array([-1.88050911e+01,  1.18462178e+05]), array([ 1.19473260e+01, -7.52615744e+04])]",Success
1324,"[array([-1.47144688e+01,  9.26982028e+04]), array([ 1.46229324e+01, -9.21212000e+04])]",Success
1325,"[array([-1.46727840e+01,  9.26583149e+04]), array([ 1.46270744e+01, -9.23693170e+04])]",Success
1327,"[array([-1.86207919e+01,  1.17731825e+05]), array([ 1.20164905e+01, -7.59754286e+04])]",Success
1328,"[array([-1.46549306e+01,  9.27896163e+04]), array([ 1.45865562e+01, -9.23563491e+04])]",Success
1329,"[array([-1.46778648e+01,  9.29895556e+04]), array([ 1.45413265e+01, -9.21241134e+04])]",Success
1312,"[array([-1.89788076e+01,  1.18309105e+05]), array([ 1.20094615e+01, -7.48643549e+04])]",Success
1315,"[array([-1.47557201e+01,  9.21425051e+04]), array([ 1.46868754e+01, -9.17122190e+04])]",Success
1318,"[array([-1.47234799e+01,  9.21536786e+04]), array([ 1.46776837e+01, -9.18666556e+04])]",Success
1322,"[array([-1.46973719e+01,  9.25078309e+04]), array([ 1.46287994e+01, -9.20759927e+04])]",Success
1326,"[array([-1.46667261e+01,  9.26733508e+04]), array([ 1.46210354e+01, -9.23843061e+04])]",Success
1330,"[array([-1.46549306e+01,  9.28575031e+04]), array([ 1.45865562e+01, -9.24239191e+04])]",Success
1331,"[array([-1.82290233e+01,  1.15642773e+05]), array([ 1.21369404e+01, -7.69957525e+04])]",Success
1332,"[array([-2.18826935e+01,  1.38848344e+05]), array([ 1.08651889e+01, -6.89407816e+04])]",Success
1333,"[array([-1.4644507e+01,  9.3100146e+04]), array([ 1.45534059e+01, -9.25206428e+04])]",Success
1334,"[array([-1.46095986e+01,  9.30075986e+04]), array([ 1.45640859e+01, -9.27175889e+04])]",Success
1335,"[array([-1.46064212e+01,  9.30546935e+04]), array([ 1.45382731e+01, -9.26201134e+04])]",Success
1336,"[array([-1.85805813e+01,  1.18574573e+05]), array([ 1.19361844e+01, -7.61722301e+04])]",Success
1337,[],Success
1338,[],Success
1339,[],Success
1340,[],Success
1341,"[array([-1.45875986e+01,  9.32395285e+04]), array([ 1.45194323e+01, -9.28034520e+04])]",Success
1343,"[array([-1.45619215e+01,  9.32361870e+04]), array([ 1.45392040e+01, -9.30903925e+04])]",Success
1344,"[array([-1.45619215e+01,  9.32687145e+04]), array([ 1.44939810e+01, -9.28331358e+04])]",Success
1345,"[array([-1.82624282e+01,  1.17166408e+05]), array([ 1.20023691e+01, -7.70034337e+04])]",Success
1346,"[array([-1.81090188e+01,  1.16456154e+05]), array([ 1.20883580e+01, -7.77380682e+04])]",Success
1347,"[array([-1.45151739e+01,  9.33576068e+04]), array([ 1.44925646e+01, -9.32118442e+04])]",Success
1353,"[array([-1.45043461e+01,  9.38622006e+04]), array([ 1.44141169e+01, -9.32778806e+04])]",Success
1354,"[array([-1.44786027e+01,  9.38424981e+04]), array([ 1.4433498e+01, -9.3549773e+04])]",Success
1355,"[array([-1.44754805e+01,  9.38901192e+04]), array([ 1.44079432e+01, -9.34516413e+04])]",Success
1342,"[array([-1.85317605e+01,  1.18496513e+05]), array([ 1.19506096e+01, -7.64148375e+04])]",Success
1348,"[array([-1.76903914e+01,  1.14040001e+05]), array([ 1.22364368e+01, -7.88814511e+04])]",Success
1349,"[array([-1.44186042e+01,  9.29993080e+04]), array([ 1.45542024e+01, -9.38736416e+04])]",Success
1350,"[array([-1.45999703e+01,  9.42077869e+04]), array([ 1.43517483e+01, -9.26057659e+04])]",Success
1351,"[array([-1.84934358e+01,  1.19497520e+05]), array([ 1.18717452e+01, -7.67134669e+04])]",Success
1352,"[array([-1.45331862e+01,  9.39971246e+04]), array([ 1.44201754e+01, -9.32659354e+04])]",Success
1356,"[array([-1.44868109e+01,  9.40443778e+04]), array([ 1.43966907e+01, -9.34589626e+04])]",Success
1357,"[array([-1.44582885e+01,  9.40167147e+04]), array([ 1.43908315e+01, -9.35776842e+04])]",Success
1358,"[array([-1.84623100e+01,  1.20153736e+05]), array([ 1.17829520e+01, -7.66848748e+04])]",Success
1359,"[array([-1.44721459e+01,  9.42126423e+04]), array([ 1.44045190e+01, -9.37720949e+04])]",Success
1361,"[array([-1.44465295e+01,  9.42396577e+04]), array([ 1.43791273e+01, -9.37996633e+04])]",Success
1362,"[array([-1.44691375e+01,  9.44284516e+04]), array([ 1.43345409e+01, -9.35496623e+04])]",Success
1363,"[array([-1.44436584e+01,  9.43381313e+04]), array([ 1.43762696e+01, -9.38976774e+04])]",Success
1365,"[array([-1.80494615e+01,  1.18258401e+05]), array([ 1.19009998e+01, -7.79751244e+04])]",Success
1368,"[array([-1.91107321e+01,  1.25512245e+05]), array([ 1.14567290e+01, -7.52433509e+04])]",Success
1369,"[array([-1.43892553e+01,  9.45355532e+04]), array([ 1.43369578e+01, -9.41916090e+04])]",Success
1370,"[array([-1.43892553e+01,  9.45816275e+04]), array([ 1.43352061e+01, -9.42260248e+04])]",Success
1371,[],Success
1372,[],Success
1373,[],Success
1374,[],Success
1375,[],Success
1376,[],Success
1377,[],Success
1378,"[array([-1.91092500e+01,  1.25502514e+05]), array([ 1.14369040e+01, -7.51130906e+04])]",Success
1360,"[array([-1.44495332e+01,  9.42107403e+04]), array([ 1.43821170e+01, -9.37708427e+04])]",Success
1364,"[array([-1.82466247e+01,  1.19343153e+05]), array([ 1.18369129e+01, -7.74212294e+04])]",Success
1366,"[array([-1.88230098e+02,  1.23332479e+06]), array([ 7.08937342e+00, -4.64510054e+04])]",Success
1367,"[array([-1.43798259e+01,  9.43461724e+04]), array([ 1.43350986e+01, -9.40522918e+04])]",Success
1379,"[array([-1.44321688e+01,  9.48173581e+04]), array([ 1.43055229e+01, -9.39850278e+04])]",Success
1380,"[array([-1.43858264e+01,  9.45590543e+04]), array([ 1.43247170e+01, -9.41570527e+04])]",Success
1381,"[array([-1.43587633e+01,  9.46867623e+04]), array([ 1.42917706e+01, -9.42446057e+04])]",Success
1382,"[array([-1.86401795e+01,  1.22959941e+05]), array([ 1.15884092e+01, -7.64427138e+04])]",Success
1383,"[array([-1.43559618e+01,  9.47873246e+04]), array([ 1.42889822e+01, -9.43447369e+04])]",Success
1384,"[array([-1.43559618e+01,  9.48239468e+04]), array([ 1.42889822e+01, -9.43811881e+04])]",Success
1385,"[array([-1.43249620e+01,  9.47525332e+04]), array([ 1.42804054e+01, -9.44574267e+04])]",Success
1387,"[array([-1.83426400e+01,  1.21728227e+05]), array([ 1.16535197e+01, -7.73368851e+04])]",Success
1389,"[array([-1.42841029e+01,  9.48545257e+04]), array([ 1.42618535e+01, -9.47063553e+04])]",Success
1390,"[array([-1.42530738e+01,  9.48945041e+04]), array([ 1.42530738e+01, -9.48941227e+04])]",Success
1392,"[array([-1.43143425e+01,  9.54521830e+04]), array([ 1.42251566e+01, -9.48572432e+04])]",Success
1393,"[array([-1.42832706e+01,  9.53367474e+04]), array([ 1.41944167e+01, -9.47432925e+04])]",Success
1394,"[array([-1.42493345e+01,  9.53203121e+04]), array([ 1.41828524e+01, -9.48751614e+04])]",Success
1395,"[array([-1.42436213e+01,  9.54535192e+04]), array([ 1.41771658e+01, -9.50077471e+04])]",Success
1396,"[array([-1.74634437e+01,  1.17049039e+05]), array([ 1.19318294e+01, -7.99729342e+04])]",Success
1397,"[array([-1.42186487e+01,  9.53439246e+04]), array([ 1.41965012e+01, -9.51950299e+04])]",Success
1406,"[array([-1.41947109e+01,  9.58931264e+04]), array([ 1.41284836e+01, -9.54453794e+04])]",Success
1407,[],Success
1408,[],Success
1410,[],Success
1411,[],Success
1386,"[array([-1.43221350e+01,  9.48534155e+04]), array([ 1.4255417e+01, -9.4411125e+04])]",Success
1388,"[array([-1.43078315e+01,  9.50017228e+04]), array([ 1.42411801e+01, -9.45587795e+04])]",Success
1391,"[array([-1.42725307e+01,  9.50905208e+04]), array([ 1.42280680e+01, -9.47939078e+04])]",Success
1398,"[array([-1.42380906e+01,  9.55773047e+04]), array([ 1.41716610e+01, -9.51310693e+04])]",Success
1399,"[array([-1.78254467e+01,  1.19690040e+05]), array([ 1.17532945e+01, -7.89194618e+04])]",Success
1400,"[array([-1.42460192e+01,  9.57210908e+04]), array([ 1.41573970e+01, -9.51252831e+04])]",Success
1401,"[array([-1.42237598e+01,  9.56080752e+04]), array([ 1.41573970e+01, -9.51616201e+04])]",Success
1402,"[array([-1.41988063e+01,  9.55874456e+04]), array([ 1.41326628e+01, -9.51416977e+04])]",Success
1403,"[array([-1.42209919e+01,  9.57398211e+04]), array([ 1.41326628e+01, -9.51447781e+04])]",Success
1405,"[array([-1.83795328e+01,  1.23945504e+05]), array([ 1.15017304e+01, -7.75669919e+04])]",Success
1409,[],Success
1412,"[array([-1.89641097e+01,  1.28288893e+05]), array([ 1.12327688e+01, -7.59877748e+04])]",Success
1413,"[array([-1.41859850e+01,  9.60287545e+04]), array([ 1.41196954e+01, -9.55797205e+04])]",Success
1414,"[array([-1.41638194e+01,  9.59782850e+04]), array([ 1.41196954e+01, -9.56789445e+04])]",Success
1416,"[array([-1.85575193e+01,  1.25894034e+05]), array([ 1.13484579e+01, -7.69877598e+04])]",Success
1418,"[array([-1.85121957e+01,  1.25830460e+05]), array([ 1.13439395e+01, -7.71065008e+04])]",Success
1419,"[array([-1.82257901e+01,  1.24242832e+05]), array([ 1.14285612e+01, -7.79067191e+04])]",Success
1420,"[array([-1.41249873e+01,  9.62982382e+04]), array([ 1.40590854e+01, -9.58486011e+04])]",Success
1422,"[array([-1.82407002e+01,  1.24555398e+05]), array([ 1.14148503e+01, -7.79455926e+04])]",Success
1423,"[array([-1.41051624e+01,  9.64273761e+04]), array([ 1.40612211e+01, -9.61266367e+04])]",Success
1424,"[array([-1.41051624e+01,  9.64490739e+04]), array([ 1.4039353e+01, -9.5998695e+04])]",Success
1425,"[array([-1.40635161e+01,  9.63338608e+04]), array([ 1.40635161e+01, -9.63335176e+04])]",Success
1426,"[array([-1.40550314e+01,  9.64605157e+04]), array([ 1.40550314e+01, -9.64602107e+04])]",Success
1427,"[array([-1.40743296e+01,  9.66574206e+04]), array([ 1.40086640e+01, -9.62060696e+04])]",Success
1428,"[array([-1.40496872e+01,  9.65600920e+04]), array([ 1.40059868e+01, -9.62594775e+04])]",Success
1404,"[array([-1.4193243e+01,  9.5707578e+04]), array([ 1.41490960e+01, -9.54095009e+04])]",Success
1415,"[array([-1.41778998e+01,  9.61102797e+04]), array([ 1.40897014e+01, -9.55120128e+04])]",Success
1417,"[array([-1.41501084e+01,  9.61491119e+04]), array([ 1.40840893e+01, -9.57001325e+04])]",Success
1421,"[array([-1.41222251e+01,  9.63461693e+04]), array([ 1.40782306e+01, -9.60457209e+04])]",Success
1429,"[array([-1.40716399e+01,  9.67578802e+04]), array([ 1.40059868e+01, -9.63060985e+04])]",Success
1430,"[array([-1.80338166e+01,  1.24063414e+05]), array([ 1.14489497e+01, -7.87646436e+04])]",Success
1431,"[array([-1.40465047e+01,  9.67571719e+04]), array([ 1.40027462e+01, -9.64554050e+04])]",Success
1433,"[array([-1.99253265e+01,  1.37393435e+05]), array([ 1.07235349e+01, -7.39431124e+04])]",Success
1434,"[array([-1.40325083e+01,  9.68822976e+04]), array([ 1.39670378e+01, -9.64299355e+04])]",Success
1435,"[array([-1.40076833e+01,  9.67206715e+04]), array([ 1.40076833e+01, -9.67203283e+04])]",Success
1436,"[array([-1.40459786e+01,  9.70941398e+04]), array([ 1.39369260e+01, -9.63399207e+04])]",Success
1437,"[array([-1.40571886e+01,  9.72388136e+04]), array([ 1.39262210e+01, -9.63325203e+04])]",Success
1439,"[array([-1.40325197e+01,  9.71989525e+04]), array([ 1.39452256e+01, -9.65939512e+04])]",Success
1440,"[array([-1.82214430e+01,  1.26272807e+05]), array([ 1.1290869e+01, -7.8244941e+04])]",Success
1441,"[array([-1.40077343e+01,  9.71365015e+04]), array([ 1.39207298e+01, -9.65327455e+04])]",Success
1442,"[array([-1.40019214e+01,  9.72161487e+04]), array([ 1.3914953e+01, -9.6611936e+04])]",Success
1443,[],Success
1444,[],Success
1445,[],Success
1446,[],Success
1447,[],Success
1448,[],Success
1449,"[array([-1.39737990e+01,  9.72090955e+04]), array([ 1.39086024e+01, -9.67552087e+04])]",Success
1450,"[array([-1.78411902e+01,  1.24145273e+05]), array([ 1.14010667e+01, -7.93326852e+04])]",Success
1452,"[array([-1.39716845e+01,  9.74994322e+04]), array([ 1.38847689e+01, -9.68925236e+04])]",Success
1432,"[array([-1.80811313e+01,  1.24650560e+05]), array([ 1.13750914e+01, -7.84194220e+04])]",Success
1438,"[array([-1.40132598e+01,  9.69546562e+04]), array([ 1.39696048e+01, -9.66523886e+04])]",Success
1451,"[array([-1.83813985e+01,  1.28107348e+05]), array([ 1.11806754e+01, -7.79234379e+04])]",Success
1453,"[array([-1.39443781e+01,  9.74822891e+04]), array([ 1.39009376e+01, -9.71782633e+04])]",Success
1454,"[array([-1.82839028e+01,  1.27885537e+05]), array([ 1.11811335e+01, -7.82054063e+04])]",Success
1455,"[array([-1.39389067e+01,  9.75227352e+04]), array([ 1.38954833e+01, -9.72186215e+04])]",Success
1456,"[array([-1.39360067e+01,  9.76064013e+04]), array([ 1.38709864e+01, -9.71506227e+04])]",Success
1457,"[array([-1.80405910e+01,  1.26514182e+05]), array([ 1.12525908e+01, -7.89113361e+04])]",Success
1458,"[array([-1.39390647e+01,  9.77980883e+04]), array([ 1.3852352e+01, -9.7189398e+04])]",Success
1459,"[array([-1.39146366e+01,  9.76843154e+04]), array([ 1.38712888e+01, -9.73796602e+04])]",Success
1460,"[array([-1.80599884e+01,  1.26908364e+05]), array([ 1.12277103e+01, -7.88977479e+04])]",Success
1461,"[array([-1.38978422e+01,  9.77994771e+04]), array([ 1.38330000e+01, -9.73428738e+04])]",Success
1462,"[array([-1.38869764e+01,  9.79079210e+04]), array([ 1.38221849e+01, -9.74507356e+04])]",Success
1463,"[array([-1.38815499e+01,  9.79618369e+04]), array([ 1.38167837e+01, -9.75043999e+04])]",Success
1464,"[array([-1.78622738e+01,  1.26199982e+05]), array([ 1.12516478e+01, -7.94952176e+04])]",Success
1467,"[array([-1.38436827e+01,  9.81629488e+04]), array([ 1.37790932e+01, -9.77045355e+04])]",Success
1468,"[array([-1.81152074e+01,  1.28499254e+05]), array([ 1.11146003e+01, -7.88405364e+04])]",Success
1471,"[array([-1.37551358e+01,  9.79801781e+04]), array([ 1.38196130e+01, -9.84390751e+04])]",Success
1472,"[array([-1.78248246e+01,  1.27058814e+05]), array([ 1.11771340e+01, -7.96726477e+04])]",Success
1474,"[array([-1.38084747e+01,  9.84862913e+04]), array([ 1.37440495e+01, -9.80264075e+04])]",Success
1475,[],Success
1476,[],Success
1477,[],Success
1478,[],Success
1479,[],Success
1465,"[array([-1.83693457e+01,  1.29956197e+05]), array([ 1.10490585e+01, -7.81680675e+04])]",Success
1466,"[array([-1.38764514e+01,  9.82209121e+04]), array([ 1.38116082e+01, -9.77616344e+04])]",Success
1469,"[array([-1.38357599e+01,  9.82127237e+04]), array([ 1.37926579e+01, -9.79064606e+04])]",Success
1470,"[array([-1.38303734e+01,  9.83549617e+04]), array([ 1.37658460e+01, -9.78956906e+04])]",Success
1473,"[array([-1.38142390e+01,  9.84781368e+04]), array([ 1.37497869e+01, -9.80184814e+04])]",Success
1480,"[array([-1.77796722e+01,  1.27071186e+05]), array([ 1.11770816e+01, -7.98822960e+04])]",Success
1481,"[array([-1.37552456e+01,  9.85051735e+04]), array([ 1.37552456e+01, -9.85048303e+04])]",Success
1482,"[array([-1.37982980e+01,  9.88293071e+04]), array([ 1.36911683e+01, -9.80615781e+04])]",Success
1483,"[array([-1.75222552e+01,  1.25641023e+05]), array([ 1.12707089e+01, -8.08149390e+04])]",Success
1484,"[array([-1.37660610e+01,  9.87888447e+04]), array([ 1.37231760e+01, -9.84807868e+04])]",Success
1485,"[array([-1.37772846e+01,  9.89887785e+04]), array([ 1.36915784e+01, -9.83727573e+04])]",Success
1487,"[array([-1.76780821e+01,  1.27087513e+05]), array([ 1.11863849e+01, -8.04195531e+04])]",Success
1489,"[array([-1.79059132e+01,  1.29005760e+05]), array([ 1.10588722e+01, -7.96758627e+04])]",Success
1490,"[array([-1.37449938e+01,  9.91560594e+04]), array([ 1.36594884e+01, -9.85388833e+04])]",Success
1491,"[array([-1.37449938e+01,  9.91738817e+04]), array([ 1.36594884e+01, -9.85565947e+04])]",Success
1492,"[array([-1.81060480e+01,  1.30717283e+05]), array([ 1.09630878e+01, -7.91486218e+04])]",Success
1493,"[array([-1.37293007e+01,  9.92419131e+04]), array([ 1.36438929e+01, -9.86241649e+04])]",Success
1494,"[array([-1.37078487e+01,  9.91698532e+04]), array([ 1.36438929e+01, -9.87067420e+04])]",Success
1495,"[array([-1.78280074e+01,  1.29055118e+05]), array([ 1.10331819e+01, -7.98677842e+04])]",Success
1496,"[array([-1.37184959e+01,  9.93693379e+04]), array([ 1.36331553e+01, -9.87508351e+04])]",Success
1499,"[array([-1.36731741e+01,  9.94571711e+04]), array([ 1.36093801e+01, -9.89927575e+04])]",Success
1500,"[array([-1.36681981e+01,  9.95510705e+04]), array([ 1.36044274e+01, -9.90862188e+04])]",Success
1506,"[array([-1.36259727e+01,  9.97708600e+04]), array([ 1.35623990e+01, -9.93049828e+04])]",Success
1510,[],Success
1511,[],Success
1486,"[array([-1.33591576e+01,  9.60285541e+04]), array([ 1.41084694e+01, -1.01414415e+05])]",Success
1488,"[array([-1.37397972e+01,  9.89494445e+04]), array([ 1.36969941e+01, -9.86409244e+04])]",Success
1497,"[array([-1.77712772e+01,  1.28869048e+05]), array([ 1.10343069e+01, -8.00157186e+04])]",Success
1498,"[array([-1.36867239e+01,  9.94137238e+04]), array([ 1.36228667e+01, -9.89495510e+04])]",Success
1501,"[array([-1.78720877e+01,  1.30246987e+05]), array([ 1.09792096e+01, -8.00152854e+04])]",Success
1502,"[array([-1.36473658e+01,  9.95249237e+04]), array([ 1.35836922e+01, -9.90601559e+04])]",Success
1503,"[array([-1.36446691e+01,  9.95927601e+04]), array([ 1.35810081e+01, -9.91276758e+04])]",Success
1504,"[array([-1.84621315e+01,  1.34805949e+05]), array([ 1.07279953e+01, -7.83329647e+04])]",Success
1505,"[array([-1.36660222e+01,  9.98365376e+04]), array([ 1.35810081e+01, -9.92151664e+04])]",Success
1507,"[array([-1.79769176e+01,  1.31712703e+05]), array([ 1.08849002e+01, -7.97508834e+04])]",Success
1508,"[array([-1.36231329e+01,  9.99276211e+04]), array([ 1.35535060e+01, -9.94165408e+04])]",Success
1509,"[array([-1.36338846e+01,  1.00089704e+05]), array([ 1.35628181e+01, -9.95678002e+04])]",Success
1512,"[array([-1.36171844e+01,  9.98839932e+04]), array([ 1.35241243e+01, -9.92009185e+04])]",Success
1513,"[array([-1.35829683e+01,  9.97160634e+04]), array([ 1.35569581e+01, -9.95247792e+04])]",Success
1514,"[array([-1.77201607e+01,  1.30322230e+05]), array([ 1.09304006e+01, -8.03868547e+04])]",Success
1515,"[array([-1.35608803e+01,  9.98882953e+04]), array([ 1.35608803e+01, -9.98879521e+04])]",Success
1516,"[array([-1.36033244e+01,  1.00201197e+05]), array([ 1.35187003e+01, -9.95774811e+04])]",Success
1518,"[array([-1.76251566e+01,  1.29989810e+05]), array([ 1.09435796e+01, -8.07113602e+04])]",Success
1519,"[array([-1.35687228e+01,  1.00186793e+05]), array([ 1.35054162e+01, -9.97189376e+04])]",Success
1520,"[array([-1.35847684e+01,  1.00362239e+05]), array([ 1.35002597e+01, -9.97375599e+04])]",Success
1521,"[array([-1.74528034e+01,  1.29169159e+05]), array([ 1.09937177e+01, -8.13648523e+04])]",Success
1522,"[array([-1.35480238e+01,  1.00320028e+05]), array([ 1.35058181e+01, -1.00007162e+05])]",Success
1523,"[array([-1.35456021e+01,  1.00407448e+05]), array([ 1.34824034e+01, -9.99386004e+04])]",Success
1529,"[array([-1.35146831e+01,  1.00552082e+05]), array([ 1.34935994e+01, -1.00394989e+05])]",Success
1530,"[array([-1.35122335e+01,  1.00578788e+05]), array([ 1.34701394e+01, -1.00265192e+05])]",Success
1517,"[array([-1.36006300e+01,  1.00237117e+05]), array([ 1.34950351e+01, -9.94585336e+04])]",Success
1524,"[array([-1.35170289e+01,  1.00255890e+05]), array([ 1.34959743e+01, -1.00099344e+05])]",Success
1525,"[array([-1.75360410e+01,  1.30123686e+05]), array([ 1.09240911e+01, -8.10612627e+04])]",Success
1526,"[array([-1.35276696e+01,  1.00425113e+05]), array([ 1.34645546e+01, -9.99561449e+04])]",Success
1527,"[array([-1.79147542e+01,  1.33148552e+05]), array([ 1.07622218e+01, -7.99883624e+04])]",Success
1528,"[array([-1.34725813e+01,  1.00223087e+05]), array([ 1.34935994e+01, -1.00379018e+05])]",Success
1531,"[array([-1.35518933e+01,  1.00920067e+05]), array([ 1.34256334e+01, -9.99795141e+04])]",Success
1532,"[array([-1.3536665e+01,  1.0091675e+05]), array([ 1.34314032e+01, -1.00131716e+05])]",Success
1533,"[array([-1.35103489e+01,  1.00924780e+05]), array([ 1.34263032e+01, -1.00296601e+05])]",Success
1534,"[array([-1.74305833e+01,  1.30362126e+05]), array([ 1.09078872e+01, -8.15790447e+04])]",Success
1535,"[array([-1.34872096e+01,  1.01047804e+05]), array([ 1.34033079e+01, -1.00418860e+05])]",Success
1536,"[array([-1.71923204e+01,  1.29000509e+05]), array([ 1.09724236e+01, -8.23299709e+04])]",Success
1537,"[array([-1.34583633e+01,  1.01044556e+05]), array([ 1.33955716e+01, -1.00572736e+05])]",Success
1538,"[array([-1.34583633e+01,  1.01045436e+05]), array([ 1.3416437e+01, -1.0073031e+05])]",Success
1539,"[array([-1.34769924e+01,  1.01277687e+05]), array([ 1.33931542e+01, -1.00647351e+05])]",Success
1540,"[array([-1.71860824e+01,  1.29308135e+05]), array([ 1.09544877e+01, -8.24221150e+04])]",Success
1541,"[array([-1.34217292e+01,  1.01031808e+05]), array([ 1.34008231e+01, -1.00874054e+05])]",Success
1542,"[array([-1.34427006e+01,  1.01248829e+05]), array([ 1.33799820e+01, -1.00776094e+05])]",Success
1543,"[array([-1.34217292e+01,  1.01163167e+05]), array([ 1.33869658e+01, -1.00900853e+05])]",Success
1544,[],Success
1545,[],Success
1546,[],Success
1547,[],Success
1548,[],Success
1549,"[array([-1.34338779e+01,  1.01254664e+05]), array([ 1.34005504e+01, -1.01003292e+05])]",Success
1550,"[array([-1.74441881e+01,  1.31556138e+05]), array([ 1.08365411e+01, -8.17246959e+04])]",Success
1552,"[array([-1.34522579e+01,  1.01608765e+05]), array([ 1.33476525e+01, -1.00818463e+05])]",Success
1553,"[array([-1.74765388e+01,  1.32162905e+05]), array([ 1.07801263e+01, -8.15229227e+04])]",Success
1554,"[array([-1.33897224e+01,  1.01562593e+05]), array([ 1.33480099e+01, -1.01245856e+05])]",Success
1556,"[array([-1.33774889e+01,  1.01728590e+05]), array([ 1.33150745e+01, -1.01253655e+05])]",Success
1557,"[array([-1.33748777e+01,  1.01754379e+05]), array([ 1.33124755e+01, -1.01279286e+05])]",Success
1558,"[array([-1.75440351e+01,  1.33651285e+05]), array([ 1.07066981e+01, -8.15643687e+04])]",Success
1559,"[array([-1.78709050e+01,  1.36280283e+05]), array([ 1.05721443e+01, -8.06211869e+04])]",Success
1560,"[array([-1.33397216e+01,  1.01828142e+05]), array([ 1.32981648e+01, -1.01510539e+05])]",Success
1561,"[array([-1.76029316e+01,  1.34453602e+05]), array([ 1.06451644e+01, -8.13089061e+04])]",Success
1562,"[array([-1.33605975e+01,  1.02085536e+05]), array([ 1.32774834e+01, -1.01450136e+05])]",Success
1563,"[array([-1.33429421e+01,  1.02239672e+05]), array([ 1.32599378e+01, -1.01603504e+05])]",Success
1564,"[array([-1.71487804e+01,  1.31522787e+05]), array([ 1.08022102e+01, -8.28474298e+04])]",Success
1566,"[array([-1.70708148e+01,  1.31163843e+05]), array([ 1.08100718e+01, -8.30593562e+04])]",Success
1567,"[array([-1.33281594e+01,  1.02462668e+05]), array([ 1.32246799e+01, -1.01666805e+05])]",Success
1568,"[array([-1.33131985e+01,  1.02493515e+05]), array([ 1.32098351e+01, -1.01697375e+05])]",Success
1570,"[array([-1.32772818e+01,  1.02348960e+05]), array([ 1.32153349e+01, -1.01871017e+05])]",Success
1571,"[array([-1.3298060e+01,  1.0252672e+05]), array([ 1.32153349e+01, -1.01888576e+05])]",Success
1572,"[array([-1.32927119e+01,  1.02572338e+05]), array([ 1.32100201e+01, -1.01933872e+05])]",Success
1573,"[array([-1.32877475e+01,  1.02657076e+05]), array([ 1.31845817e+01, -1.01859667e+05])]",Success
1575,"[array([-1.72893547e+01,  1.33733654e+05]), array([ 1.06828920e+01, -8.26324521e+04])]",Success
1576,[],Success
1577,[],Success
1578,[],Success
1579,[],Success
1551,"[array([-1.34312059e+01,  1.01366048e+05]), array([ 1.33476525e+01, -1.00735048e+05])]",Success
1555,"[array([-1.74404333e+01,  1.32435812e+05]), array([ 1.07713871e+01, -8.17945740e+04])]",Success
1565,"[array([-1.33123208e+01,  1.02225007e+05]), array([ 1.32502104e+01, -1.01747755e+05])]",Success
1569,"[array([-1.73906704e+01,  1.33915100e+05]), array([ 1.06700600e+01, -8.21646623e+04])]",Success
1574,"[array([-1.32641768e+01,  1.02525193e+05]), array([ 1.32022910e+01, -1.02046465e+05])]",Success
1580,[],Success
1581,"[array([-1.73171056e+01,  1.33948189e+05]), array([ 1.06621545e+01, -8.24719989e+04])]",Success
1582,"[array([-1.32377012e+01,  1.02490452e+05]), array([ 1.32170496e+01, -1.02330182e+05])]",Success
1583,"[array([-1.32377012e+01,  1.02560635e+05]), array([ 1.31964623e+01, -1.02240750e+05])]",Success
1584,"[array([-1.70092896e+01,  1.31928125e+05]), array([ 1.07495256e+01, -8.33755764e+04])]",Success
1585,"[array([-1.32511292e+01,  1.02817307e+05]), array([ 1.31686960e+01, -1.02177431e+05])]",Success
1586,"[array([-1.32278429e+01,  1.02804738e+05]), array([ 1.31661267e+01, -1.02324706e+05])]",Success
1587,"[array([-1.32461959e+01,  1.02994378e+05]), array([ 1.31433528e+01, -1.02194425e+05])]",Success
1589,"[array([-1.71249783e+01,  1.33270511e+05]), array([ 1.06949928e+01, -8.32326464e+04])]",Success
1590,"[array([-1.32288404e+01,  1.03048472e+05]), array([ 1.31465459e+01, -1.02407082e+05])]",Success
1591,"[array([-1.32288404e+01,  1.03117500e+05]), array([ 1.31261320e+01, -1.02316515e+05])]",Success
1592,"[array([-1.32264997e+01,  1.03125908e+05]), array([ 1.31442197e+01, -1.02484036e+05])]",Success
1595,"[array([-1.31813335e+01,  1.03111674e+05]), array([ 1.31198343e+01, -1.02630171e+05])]",Success
1597,"[array([-1.72968202e+01,  1.35675104e+05]), array([ 1.05426175e+01, -8.26955800e+04])]",Success
1599,"[array([-1.31569245e+01,  1.03326534e+05]), array([ 1.31159372e+01, -1.03004302e+05])]",Success
1601,"[array([-1.31726358e+01,  1.03625940e+05]), array([ 1.30906910e+01, -1.02980995e+05])]",Success
1602,"[array([-1.31166938e+01,  1.03316638e+05]), array([ 1.31166938e+01, -1.03316294e+05])]",Success
1604,"[array([-1.31323321e+01,  1.03526587e+05]), array([ 1.30914214e+01, -1.03203770e+05])]",Success
1606,"[array([-1.31274793e+01,  1.03614752e+05]), array([ 1.30662313e+01, -1.03130941e+05])]",Success
1619,[],Success
1588,"[array([-1.32461959e+01,  1.03034507e+05]), array([ 1.31433528e+01, -1.02234167e+05])]",Success
1593,"[array([-1.68575456e+01,  1.31633791e+05]), array([ 1.07587648e+01, -8.40115112e+04])]",Success
1594,"[array([-1.90970479e+01,  1.49180265e+05]), array([ 9.96563776e+00, -7.78486552e+04])]",Success
1596,"[array([-1.31666773e+01,  1.03253677e+05]), array([ 1.31052464e+01, -1.02771513e+05])]",Success
1598,"[array([-1.78021812e+01,  1.39721502e+05]), array([ 1.03445107e+01, -8.11894195e+04])]",Success
1600,"[array([-1.31338495e+01,  1.03284338e+05]), array([ 1.31133918e+01, -1.03123076e+05])]",Success
1603,"[array([-1.31349163e+01,  1.03534870e+05]), array([ 1.30939976e+01, -1.03211988e+05])]",Success
1605,"[array([-1.31300616e+01,  1.03518144e+05]), array([ 1.30688016e+01, -1.03034745e+05])]",Success
1607,"[array([-1.31334632e+01,  1.03800501e+05]), array([ 1.30517620e+01, -1.03154432e+05])]",Success
1608,"[array([-1.31129422e+01,  1.03677731e+05]), array([ 1.30517620e+01, -1.03193702e+05])]",Success
1609,"[array([-1.71561577e+01,  1.35716073e+05]), array([ 1.05261745e+01, -8.32686978e+04])]",Success
1611,"[array([-1.31237745e+01,  1.03940505e+05]), array([ 1.30421336e+01, -1.03293603e+05])]",Success
1612,"[array([-1.30958046e+01,  1.03828026e+05]), array([ 1.30347044e+01, -1.03343220e+05])]",Success
1613,"[array([-1.71047243e+01,  1.35642209e+05]), array([ 1.05160789e+01, -8.33932598e+04])]",Success
1614,"[array([-1.30930637e+01,  1.03892404e+05]), array([ 1.30319764e+01, -1.03407297e+05])]",Success
1615,"[array([-1.31135537e+01,  1.04083502e+05]), array([ 1.30083624e+01, -1.03248390e+05])]",Success
1616,"[array([-1.31656650e+01,  1.04586761e+05]), array([ 1.29571612e+01, -1.02930041e+05])]",Success
1617,[],Success
1618,[],Success
1620,[],Success
1621,[],Success
1622,"[array([-1.31319186e+01,  1.04229200e+05]), array([ 1.30023452e+01, -1.03200612e+05])]",Success
1623,"[array([-1.31585649e+01,  1.04530386e+05]), array([ 1.29523603e+01, -1.02891943e+05])]",Success
1624,"[array([-1.69720583e+01,  1.34858332e+05]), array([ 1.05513553e+01, -8.38397294e+04])]",Success
1625,"[array([-1.30737887e+01,  1.03895025e+05]), array([ 1.30127912e+01, -1.03409868e+05])]",Success
1610,"[array([-1.31058417e+01,  1.03722785e+05]), array([ 1.30650135e+01, -1.03399318e+05])]",Success
1626,"[array([-1.68576991e+01,  1.34208917e+05]), array([ 1.05840744e+01, -8.42625254e+04])]",Success
1627,"[array([-1.30507533e+01,  1.03985499e+05]), array([ 1.29898633e+01, -1.03499882e+05])]",Success
1628,"[array([-1.30711770e+01,  1.04242973e+05]), array([ 1.29898633e+01, -1.03594114e+05])]",Success
1629,"[array([-1.68366657e+01,  1.34365722e+05]), array([ 1.05708686e+01, -8.43613163e+04])]",Success
1630,"[array([-1.30231446e+01,  1.03954410e+05]), array([ 1.30028593e+01, -1.03792027e+05])]",Success
1631,"[array([-1.30410086e+01,  1.04145134e+05]), array([ 1.29801641e+01, -1.03658810e+05])]",Success
1632,"[array([-1.30614171e+01,  1.04341036e+05]), array([ 1.29801641e+01, -1.03691643e+05])]",Success
1633,"[array([-1.30976182e+01,  1.04677010e+05]), array([ 1.29351671e+01, -1.03378311e+05])]",Success
1634,"[array([-1.67838587e+01,  1.34229383e+05]), array([ 1.05857586e+01, -8.46596159e+04])]",Success
1635,"[array([-1.30493246e+01,  1.04442378e+05]), array([ 1.29480100e+01, -1.03631183e+05])]",Success
1636,"[array([-1.30624364e+01,  1.04716643e+05]), array([ 1.29206735e+01, -1.03579763e+05])]",Success
1637,"[array([-1.30419944e+01,  1.04606812e+05]), array([ 1.29608622e+01, -1.03955727e+05])]",Success
1638,"[array([-1.30374871e+01,  1.04697354e+05]), array([ 1.29362644e+01, -1.03884104e+05])]",Success
1641,"[array([-1.78636656e+01,  1.44009454e+05]), array([ 1.00930796e+01, -8.13658754e+04])]",Success
1642,"[array([-1.29968908e+01,  1.04865905e+05]), array([ 1.29160392e+01, -1.04213209e+05])]",Success
1643,"[array([-1.29718448e+01,  1.04812148e+05]), array([ 1.29113229e+01, -1.04322712e+05])]",Success
1645,"[array([-1.63922588e+01,  1.32637261e+05]), array([ 1.06339525e+01, -8.60438173e+04])]",Success
1646,"[array([-1.29781343e+01,  1.05107565e+05]), array([ 1.28973994e+01, -1.04453366e+05])]",Success
1654,"[array([-2.06788496e+01,  1.68370649e+05]), array([ 9.26264261e+00, -7.54177956e+04])]",Success
1655,"[array([-1.29216073e+01,  1.05364004e+05]), array([ 1.28312856e+01, -1.04627030e+05])]",Success
1656,"[array([-1.73308981e+01,  1.41325136e+05]), array([ 1.02250301e+01, -8.33800451e+04])]",Success
1657,[],Success
1658,[],Success
1659,[],Success
1639,"[array([-1.59818038e+01,  1.28446161e+05]), array([ 1.08985861e+01, -8.75929742e+04])]",Success
1640,"[array([-1.71848814e+01,  1.38325131e+05]), array([ 1.03838734e+01, -8.35846043e+04])]",Success
1644,"[array([-1.29804115e+01,  1.04993098e+05]), array([ 1.28996624e+01, -1.04339610e+05])]",Success
1647,"[array([-1.29532621e+01,  1.04991145e+05]), array([ 1.28928270e+01, -1.04500912e+05])]",Success
1648,"[array([-1.69848526e+01,  1.37678568e+05]), array([ 1.03997592e+01, -8.43023191e+04])]",Success
1649,"[array([-1.29461227e+01,  1.05001115e+05]), array([ 1.28857209e+01, -1.04510798e+05])]",Success
1650,"[array([-1.29461227e+01,  1.05037776e+05]), array([ 1.28657120e+01, -1.04384905e+05])]",Success
1651,"[array([-1.29436923e+01,  1.05158165e+05]), array([ 1.28833018e+01, -1.04667191e+05])]",Success
1652,"[array([-1.29495880e+01,  1.05325807e+05]), array([ 1.28690307e+01, -1.04670250e+05])]",Success
1653,"[array([-1.67845573e+01,  1.36638563e+05]), array([ 1.04216458e+01, -8.48403877e+04])]",Success
1660,[],Success
1661,[],Success
1662,"[array([-1.29161752e+01,  1.05319681e+05]), array([ 1.28385054e+01, -1.04685964e+05])]",Success
1663,"[array([-1.72467309e+01,  1.40638984e+05]), array([ 1.02167809e+01, -8.33127732e+04])]",Success
1664,"[array([-1.28964981e+01,  1.05238749e+05]), array([ 1.28763788e+01, -1.05074230e+05])]",Success
1665,"[array([-1.28964981e+01,  1.05305105e+05]), array([ 1.28563221e+01, -1.04976709e+05])]",Success
1666,"[array([-1.29144516e+01,  1.05523899e+05]), array([ 1.28341129e+01, -1.04867072e+05])]",Success
1667,"[array([-1.29119930e+01,  1.05531948e+05]), array([ 1.28316696e+01, -1.04875109e+05])]",Success
1668,"[array([-1.29073090e+01,  1.05672377e+05]), array([ 1.28270147e+01, -1.05014664e+05])]",Success
1669,"[array([-1.29050835e+01,  1.05748417e+05]), array([ 1.28048887e+01, -1.04927082e+05])]",Success
1674,"[array([-1.28773287e+01,  1.05885300e+05]), array([ 1.27972209e+01, -1.05226263e+05])]",Success
1683,"[array([-1.28167592e+01,  1.06359962e+05]), array([ 1.27370282e+01, -1.05697972e+05])]",Success
1684,"[array([-1.27943144e+01,  1.06247078e+05]), array([ 1.27544567e+01, -1.05915747e+05])]",Success
1691,[],Success
1692,[],Success
1670,"[array([-1.49015234e+01,  1.22220439e+05]), array([ 1.12575716e+01, -9.23328250e+04])]",Success
1671,"[array([-1.60293303e+01,  1.31544290e+05]), array([ 1.06862202e+01, -8.76975841e+04])]",Success
1672,"[array([-1.29091437e+01,  1.05994816e+05]), array([ 1.27888721e+01, -1.05006945e+05])]",Success
1673,"[array([-1.67309779e+01,  1.37487290e+05]), array([ 1.03673062e+01, -8.51949219e+04])]",Success
1675,"[array([-1.28572078e+01,  1.05734476e+05]), array([ 1.27972209e+01, -1.05240737e+05])]",Success
1676,"[array([-1.80419970e+01,  1.48425445e+05]), array([ 9.88840220e+00, -8.13499313e+04])]",Success
1677,"[array([-1.28630944e+01,  1.05938001e+05]), array([ 1.27632257e+01, -1.05115080e+05])]",Success
1678,"[array([-1.28383545e+01,  1.05863091e+05]), array([ 1.27784555e+01, -1.05368752e+05])]",Success
1679,"[array([-1.73099289e+01,  1.43057053e+05]), array([ 1.01170238e+01, -8.36133885e+04])]",Success
1680,"[array([-1.28378773e+01,  1.06172249e+05]), array([ 1.27580149e+01, -1.05511426e+05])]",Success
1681,"[array([-1.2830892e+01,  1.0618715e+05]), array([ 1.27510731e+01, -1.05526235e+05])]",Success
1682,"[array([-1.74754466e+01,  1.44903977e+05]), array([ 1.0007307e+01, -8.2979964e+04])]",Success
1685,"[array([-1.27983185e+01,  1.06590415e+05]), array([ 1.27187022e+01, -1.05927068e+05])]",Success
1686,"[array([-1.73205235e+01,  1.44270064e+05]), array([ 1.00433502e+01, -8.36562922e+04])]",Success
1687,"[array([-1.27738861e+01,  1.06560139e+05]), array([ 1.27340921e+01, -1.06227872e+05])]",Success
1689,"[array([-1.27492144e+01,  1.06543407e+05]), array([ 1.27095589e+01, -1.06211626e+05])]",Success
1690,"[array([-1.73508416e+01,  1.45027969e+05]), array([ 9.99945985e+00, -8.35813471e+04])]",Success
1693,[],Success
1694,[],Success
1695,[],Success
1696,[],Success
1697,[],Success
1698,[],Success
1699,"[array([-1.73669967e+01,  1.45162945e+05]), array([ 9.99128894e+00, -8.35130294e+04])]",Success
1702,"[array([-1.26164118e+01,  1.05791546e+05]), array([ 1.27946657e+01, -1.07285936e+05])]",Success
1688,"[array([-1.27715190e+01,  1.06582174e+05]), array([ 1.26921928e+01, -1.05919788e+05])]",Success
1700,"[array([-1.27190199e+01,  1.06519852e+05]), array([ 1.27190199e+01, -1.06519547e+05])]",Success
1701,"[array([-1.27368220e+01,  1.06723001e+05]), array([ 1.26773967e+01, -1.06224650e+05])]",Success
1703,"[array([-1.28958893e+01,  1.08155177e+05]), array([ 1.25195116e+01, -1.04998271e+05])]",Success
1704,"[array([-1.27303293e+01,  1.06908501e+05]), array([ 1.26709343e+01, -1.06409322e+05])]",Success
1705,"[array([-1.69971984e+01,  1.42805946e+05]), array([ 1.00763094e+01, -8.46587066e+04])]",Success
1706,"[array([-1.73749947e+01,  1.46158289e+05]), array([ 9.92856842e+00, -8.35191006e+04])]",Success
1708,"[array([-1.27183486e+01,  1.07080579e+05]), array([ 1.26392298e+01, -1.06414068e+05])]",Success
1709,"[array([-1.27382833e+01,  1.07277281e+05]), array([ 1.26196037e+01, -1.06277462e+05])]",Success
1710,"[array([-1.72118471e+01,  1.45076903e+05]), array([ 9.96808813e+00, -8.40196859e+04])]",Success
1711,"[array([-1.27111799e+01,  1.07295448e+05]), array([ 1.26321057e+01, -1.06627638e+05])]",Success
1712,"[array([-1.70970315e+01,  1.44340428e+05]), array([ 1.00136745e+01, -8.45394576e+04])]",Success
1713,"[array([-1.26954568e+01,  1.07412739e+05]), array([ 1.25968896e+01, -1.06578369e+05])]",Success
1714,"[array([-1.69332406e+01,  1.43323261e+05]), array([ 1.00508330e+01, -8.50702144e+04])]",Success
1716,"[array([-1.26206418e+01,  1.07153116e+05]), array([ 1.26403308e+01, -1.07319897e+05])]",Success
1717,"[array([-1.26578834e+01,  1.07543475e+05]), array([ 1.25988264e+01, -1.07041410e+05])]",Success
1720,"[array([-1.72573513e+01,  1.46700338e+05]), array([ 9.88241487e+00, -8.40076032e+04])]",Success
1721,"[array([-1.26371420e+01,  1.07573888e+05]), array([ 1.25977740e+01, -1.07238462e+05])]",Success
1722,"[array([-1.64634497e+01,  1.40274159e+05]), array([ 1.01679922e+01, -8.66344147e+04])]",Success
1723,"[array([-1.26305528e+01,  1.07661999e+05]), array([ 1.25716233e+01, -1.07159305e+05])]",Success
1724,"[array([-1.26481834e+01,  1.07866717e+05]), array([ 1.25499832e+01, -1.07028859e+05])]",Success
1733,[],Success
1734,[],Success
1735,[],Success
1736,[],Success
1707,"[array([-1.27253483e+01,  1.07049708e+05]), array([ 1.26461859e+01, -1.06383389e+05])]",Success
1715,"[array([-1.26844140e+01,  1.07576186e+05]), array([ 1.26055063e+01, -1.06906630e+05])]",Success
1718,"[array([-1.67694268e+01,  1.42484402e+05]), array([ 1.00741706e+01, -8.55972051e+04])]",Success
1719,"[array([-1.11330093e+01,  9.46382479e+04]), array([ 1.45570104e+01, -1.23744304e+05])]",Success
1725,"[array([-1.26240909e+01,  1.07700639e+05]), array([ 1.25651915e+01, -1.07197764e+05])]",Success
1726,"[array([-1.68643415e+01,  1.43899102e+05]), array([ 1.00099375e+01, -8.54132531e+04])]",Success
1727,"[array([-1.26347092e+01,  1.07903734e+05]), array([ 1.25366137e+01, -1.07065551e+05])]",Success
1728,"[array([-1.26254793e+01,  1.08045035e+05]), array([ 1.25469382e+01, -1.07372638e+05])]",Success
1729,"[array([-1.69489103e+01,  1.45062329e+05]), array([ 9.94781910e+00, -8.51411987e+04])]",Success
1730,"[array([-1.69812962e+01,  1.45445679e+05]), array([ 9.92142151e+00, -8.49771724e+04])]",Success
1731,"[array([-1.26204749e+01,  1.08136664e+05]), array([ 1.25224898e+01, -1.07296711e+05])]",Success
1732,[],Success
1737,[],Success
1738,[],Success
1739,"[array([-1.25222897e+01,  1.07469605e+05]), array([ 1.26204268e+01, -1.08311540e+05])]",Success
1740,"[array([-1.26559932e+01,  1.08641632e+05]), array([ 1.24793979e+01, -1.07125441e+05])]",Success
1741,"[array([-1.66622338e+01,  1.43197450e+05]), array([ 1.00222403e+01, -8.61323631e+04])]",Success
1742,"[array([-1.25921173e+01,  1.08260326e+05]), array([ 1.25137838e+01, -1.07586476e+05])]",Success
1743,"[array([-1.25656219e+01,  1.08116012e+05]), array([ 1.25264766e+01, -1.07778821e+05])]",Success
1744,"[array([-1.25832108e+01,  1.08367944e+05]), array([ 1.25049326e+01, -1.07693501e+05])]",Success
1745,"[array([-1.65787045e+01,  1.42809007e+05]), array([ 1.00257752e+01, -8.63620132e+04])]",Success
1746,"[array([-1.26005555e+01,  1.08574501e+05]), array([ 1.24638053e+01, -1.07395791e+05])]",Success
1749,"[array([-1.25590516e+01,  1.08567700e+05]), array([ 1.24809238e+01, -1.07892014e+05])]",Success
1752,"[array([-1.68063831e+01,  1.45499942e+05]), array([ 9.89709227e+00, -8.56831968e+04])]",Success
1753,"[array([-1.25629469e+01,  1.08784182e+05]), array([ 1.24652568e+01, -1.07937931e+05])]",Success
1747,"[array([-1.26029320e+01,  1.08685609e+05]), array([ 1.24853307e+01, -1.07671137e+05])]",Success
1748,"[array([-1.66183997e+01,  1.43580276e+05]), array([ 9.98344161e+00, -8.62560042e+04])]",Success
1750,"[array([-1.25523359e+01,  1.08539280e+05]), array([ 1.24936802e+01, -1.08031748e+05])]",Success
1751,"[array([-1.25500350e+01,  1.08615927e+05]), array([ 1.24525969e+01, -1.07772215e+05])]",Success
1754,"[array([-1.25605833e+01,  1.08846218e+05]), array([ 1.24435592e+01, -1.07831743e+05])]",Success
1755,"[array([-1.63762923e+01,  1.42187483e+05]), array([ 1.00476875e+01, -8.72389606e+04])]",Success
1756,"[array([-1.25062509e+01,  1.08805431e+05]), array([ 1.24285723e+01, -1.08129197e+05])]",Success
1757,"[array([-1.25062509e+01,  1.08822039e+05]), array([ 1.24479013e+01, -1.08313932e+05])]",Success
1759,"[array([-1.25168834e+01,  1.09131080e+05]), array([ 1.24195514e+01, -1.08282170e+05])]",Success
1761,"[array([-1.25123321e+01,  1.09200146e+05]), array([ 1.23957576e+01, -1.08182336e+05])]",Success
1762,"[array([-1.24732311e+01,  1.08902833e+05]), array([ 1.24343737e+01, -1.08563191e+05])]",Success
1764,"[array([-1.24661978e+01,  1.09023629e+05]), array([ 1.24080351e+01, -1.08514544e+05])]",Success
1765,"[array([-1.70087417e+01,  1.48796329e+05]), array([ 9.75195582e+00, -8.53120395e+04])]",Success
1766,"[array([-1.24383754e+01,  1.08955082e+05]), array([ 1.24190010e+01, -1.08784948e+05])]",Success
1768,"[array([-1.24752302e+01,  1.09373237e+05]), array([ 1.23783728e+01, -1.08523683e+05])]",Success
1769,"[array([-1.24729322e+01,  1.09396623e+05]), array([ 1.23760926e+01, -1.08546888e+05])]",Success
1770,"[array([-1.68503249e+01,  1.47824459e+05]), array([ 9.79140499e+00, -8.58983759e+04])]",Success
1771,"[array([-1.69908572e+01,  1.49269169e+05]), array([ 9.70684364e+00, -8.52768274e+04])]",Success
1772,"[array([-1.24316880e+01,  1.09245339e+05]), array([ 1.23981492e+01, -1.08950244e+05])]",Success
1773,[],Success
1775,[],Success
1776,[],Success
1778,"[array([-1.70136734e+01,  1.49469543e+05]), array([ 9.72425423e+00, -8.54298698e+04])]",Success
1779,"[array([-1.24412487e+01,  1.09329287e+05]), array([ 1.23900934e+01, -1.08879423e+05])]",Success
1780,"[array([-1.24444275e+01,  1.09455815e+05]), array([ 1.23670127e+01, -1.08774565e+05])]",Success
1758,"[array([-1.67245711e+01,  1.45701376e+05]), array([ 9.90625155e+00, -8.63044933e+04])]",Success
1760,"[array([-1.24950313e+01,  1.08983505e+05]), array([ 1.24173017e+01, -1.08305118e+05])]",Success
1763,"[array([-1.73540606e+01,  1.51569678e+05]), array([ 9.65280277e+00, -8.43070966e+04])]",Success
1767,"[array([-1.24557377e+01,  1.09160556e+05]), array([ 1.23976238e+01, -1.08650870e+05])]",Success
1774,[],Success
1777,[],Success
1781,"[array([-1.67410298e+01,  1.47304105e+05]), array([ 9.79309010e+00, -8.61689599e+04])]",Success
1782,"[array([-1.24639329e+01,  1.09686911e+05]), array([ 1.23478093e+01, -1.08664642e+05])]",Success
1783,"[array([-1.24380501e+01,  1.09619782e+05]), array([ 1.23606750e+01, -1.08937513e+05])]",Success
1784,"[array([-1.64836859e+01,  1.45438178e+05]), array([ 9.86973490e+00, -8.70820744e+04])]",Success
1785,"[array([-1.24337036e+01,  1.09714832e+05]), array([ 1.23371686e+01, -1.08862626e+05])]",Success
1786,"[array([-1.23971440e+01,  1.09654993e+05]), array([ 1.23393035e+01, -1.09143114e+05])]",Success
1787,"[array([-1.64240830e+01,  1.45298697e+05]), array([ 9.87899389e+00, -8.73970746e+04])]",Success
1788,"[array([-1.24144477e+01,  1.09829873e+05]), array([ 1.23564363e+01, -1.09316348e+05])]",Success
1789,"[array([-1.24099626e+01,  1.09912506e+05]), array([ 1.23327622e+01, -1.09228416e+05])]",Success
1790,"[array([-1.70142457e+01,  1.50698203e+05]), array([ 9.65729414e+00, -8.55365113e+04])]",Success
1791,"[array([-1.24010535e+01,  1.09928667e+05]), array([ 1.23239085e+01, -1.09244438e+05])]",Success
1792,"[array([-1.24010535e+01,  1.09965576e+05]), array([ 1.23047720e+01, -1.09111424e+05])]",Success
1793,"[array([-1.24118388e+01,  1.10208368e+05]), array([ 1.23153237e+01, -1.09351081e+05])]",Success
1794,"[array([-1.23730518e+01,  1.09888043e+05]), array([ 1.23345064e+01, -1.09545408e+05])]",Success
1795,"[array([-1.23690014e+01,  1.09951039e+05]), array([ 1.22921753e+01, -1.09267651e+05])]",Success
1801,"[array([-1.23645698e+01,  1.10229755e+05]), array([ 1.22876518e+01, -1.09543653e+05])]",Success
1803,"[array([-1.65234631e+01,  1.47489856e+05]), array([ 9.77501900e+00, -8.72524409e+04])]",Success
1804,"[array([-1.23386714e+01,  1.10175866e+05]), array([ 1.22811037e+01, -1.09661405e+05])]",Success
1818,[],Success
1796,"[array([-1.66979705e+01,  1.48453234e+05]), array([ 9.73534811e+00, -8.65526910e+04])]",Success
1797,"[array([-1.73539598e+01,  1.54397183e+05]), array([ 9.49988674e+00, -8.45196364e+04])]",Success
1798,"[array([-1.23390503e+01,  1.09822583e+05]), array([ 1.23390503e+01, -1.09822239e+05])]",Success
1799,"[array([-1.24165326e+01,  1.10528150e+05]), array([ 1.22625291e+01, -1.09156917e+05])]",Success
1800,"[array([-1.23452501e+01,  1.10035100e+05]), array([ 1.23067914e+01, -1.09691968e+05])]",Success
1802,"[array([-1.23622745e+01,  1.10302868e+05]), array([ 1.22662941e+01, -1.09446096e+05])]",Success
1805,"[array([-1.23301061e+01,  1.10297895e+05]), array([ 1.22916946e+01, -1.09953946e+05])]",Success
1807,"[array([-1.23260848e+01,  1.10341574e+05]), array([ 1.22685758e+01, -1.09826416e+05])]",Success
1808,"[array([-1.23388424e+01,  1.10555752e+05]), array([ 1.22620844e+01, -1.09867775e+05])]",Success
1809,"[array([-1.23347607e+01,  1.10549945e+05]), array([ 1.22389939e+01, -1.09691256e+05])]",Success
1811,"[array([-1.23237374e+01,  1.10612678e+05]), array([ 1.22470734e+01, -1.09924194e+05])]",Success
1812,"[array([-1.69684771e+01,  1.52361117e+05]), array([ 9.56667483e+00, -8.58995488e+04])]",Success
1813,"[array([-1.23002211e+01,  1.10516649e+05]), array([ 1.22428328e+01, -1.10000598e+05])]",Success
1814,"[array([-1.22787016e+01,  1.10423897e+05]), array([ 1.22595759e+01, -1.10251514e+05])]",Success
1815,"[array([-1.22954513e+01,  1.10620806e+05]), array([ 1.22571477e+01, -1.10275888e+05])]",Success
1816,"[array([-1.22928115e+01,  1.10691024e+05]), array([ 1.22480815e+01, -1.10287880e+05])]",Success
1817,[],Success
1819,[],Success
1820,[],Success
1821,[],Success
1822,[],Success
1825,"[array([-1.22766369e+01,  1.10688752e+05]), array([ 1.22193586e+01, -1.10172127e+05])]",Success
1829,"[array([-1.23046959e+01,  1.11187055e+05]), array([ 1.21900559e+01, -1.10150809e+05])]",Success
1830,"[array([-1.22854397e+01,  1.11020071e+05]), array([ 1.21711566e+01, -1.09986865e+05])]",Success
1832,"[array([-1.22981212e+01,  1.11216792e+05]), array([ 1.21835424e+01, -1.10180269e+05])]",Success
1806,"[array([-1.63327003e+01,  1.46137130e+05]), array([ 9.82402770e+00, -8.79008692e+04])]",Success
1810,"[array([-1.66961650e+01,  1.49673218e+05]), array([ 9.66943544e+00, -8.66827427e+04])]",Success
1823,"[array([-1.22906072e+01,  1.10671179e+05]), array([ 1.22383919e+01, -1.10200643e+05])]",Success
1824,"[array([-1.63688492e+01,  1.47463734e+05]), array([ 9.74819801e+00, -8.78193108e+04])]",Success
1826,"[array([-1.22766369e+01,  1.10691890e+05]), array([ 1.22383919e+01, -1.10346713e+05])]",Success
1827,"[array([-1.64321290e+01,  1.48227506e+05]), array([ 9.70897113e+00, -8.75807621e+04])]",Success
1828,"[array([-1.22899393e+01,  1.10930492e+05]), array([ 1.21945206e+01, -1.10068886e+05])]",Success
1831,"[array([-1.63865018e+01,  1.48099562e+05]), array([ 9.71427517e+00, -8.77964834e+04])]",Success
1833,"[array([-1.22517779e+01,  1.10935238e+05]), array([ 1.22136104e+01, -1.10589302e+05])]",Success
1834,"[array([-1.65397248e+01,  1.49816538e+05]), array([ 9.64308680e+00, -8.73477736e+04])]",Success
1835,"[array([-1.22645215e+01,  1.11153735e+05]), array([ 1.21882259e+01, -1.10461923e+05])]",Success
1837,"[array([-1.22582686e+01,  1.11240222e+05]), array([ 1.21820118e+01, -1.10547872e+05])]",Success
1838,"[array([-1.22730590e+01,  1.11417767e+05]), array([ 1.21398630e+01, -1.10208162e+05])]",Success
1839,"[array([-1.23093872e+01,  1.11793749e+05]), array([ 1.21188394e+01, -1.10063045e+05])]",Success
1840,"[array([-1.23653905e+01,  1.12381705e+05]), array([ 1.20605426e+01, -1.09610747e+05])]",Success
1841,"[array([-1.22473794e+01,  1.11332142e+05]), array([ 1.21522911e+01, -1.10467342e+05])]",Success
1842,"[array([-1.65402652e+01,  1.50405795e+05]), array([ 9.61123520e+00, -8.73978602e+04])]",Success
1843,"[array([-1.22180682e+01,  1.11258811e+05]), array([ 1.21610633e+01, -1.10739297e+05])]",Success
1845,"[array([-1.22138676e+01,  1.11327920e+05]), array([ 1.2138005e+01, -1.1063598e+05])]",Success
1846,"[array([-1.61755524e+01,  1.47595715e+05]), array([ 9.71740273e+00, -8.86672590e+04])]",Success
1848,"[array([-1.22159876e+01,  1.11671462e+05]), array([ 1.21023505e+01, -1.10632197e+05])]",Success
1849,"[array([-1.59933318e+01,  1.46233684e+05]), array([ 9.76814260e+00, -8.93143317e+04])]",Success
1850,"[array([-1.22267391e+01,  1.11912552e+05]), array([ 1.21128254e+01, -1.10869547e+05])]",Success
1851,"[array([-1.21885306e+01,  1.11582157e+05]), array([ 1.21316634e+01, -1.11061325e+05])]",Success
1856,"[array([-1.21825259e+01,  1.11884502e+05]), array([ 1.20879411e+01, -1.11015413e+05])]",Success
1836,"[array([-1.22009869e+01,  1.10713665e+05]), array([ 1.22391150e+01, -1.11059454e+05])]",Success
1844,"[array([-1.22756102e+01,  1.11807121e+05]), array([ 1.21045877e+01, -1.10249055e+05])]",Success
1847,"[array([-1.22074872e+01,  1.11418738e+05]), array([ 1.21505316e+01, -1.10898517e+05])]",Success
1852,"[array([-1.22398965e+01,  1.12164814e+05]), array([ 1.20880839e+01, -1.10773282e+05])]",Success
1853,"[array([-1.65103718e+01,  1.51349151e+05]), array([ 9.58535732e+00, -8.78702437e+04])]",Success
1854,"[array([-1.79848130e+01,  1.65011285e+05]), array([ 9.09745799e+00, -8.34692207e+04])]",Success
1855,"[array([-1.22038190e+01,  1.11987099e+05]), array([ 1.20901189e+01, -1.10943361e+05])]",Success
1857,"[array([-1.21825259e+01,  1.11928656e+05]), array([ 1.20879411e+01, -1.11059262e+05])]",Success
1858,"[array([-1.21993870e+01,  1.12106779e+05]), array([ 1.20857282e+01, -1.11061965e+05])]",Success
1859,"[array([-1.21952122e+01,  1.12149079e+05]), array([ 1.20628610e+01, -1.10931537e+05])]",Success
1860,"[array([-1.65896490e+01,  1.52608348e+05]), array([ 9.51166914e+00, -8.74976895e+04])]",Success
1861,"[array([-1.21910401e+01,  1.12236600e+05]), array([ 1.20774590e+01, -1.11190575e+05])]",Success
1862,"[array([-1.21910401e+01,  1.12267310e+05]), array([ 1.20774590e+01, -1.11220999e+05])]",Success
1863,"[array([-1.21696773e+01,  1.12149966e+05]), array([ 1.20751922e+01, -1.11278854e+05])]",Success
1864,"[array([-1.66162902e+01,  1.53166951e+05]), array([ 9.50387625e+00, -8.76061028e+04])]",Success
1865,[],Success
1866,[],Success
1867,[],Success
1868,[],Success
1869,[],Success
1870,[],Success
1871,[],Success
1873,"[array([-1.21641363e+01,  1.12255733e+05]), array([ 1.20695473e+01, -1.11382450e+05])]",Success
1874,"[array([-1.68711281e+01,  1.55705047e+05]), array([ 9.39554351e+00, -8.67119781e+04])]",Success
1876,"[array([-1.21451001e+01,  1.12219268e+05]), array([ 1.20695473e+01, -1.11520790e+05])]",Success
1872,"[array([-1.66118815e+01,  1.53126259e+05]), array([ 9.48567155e+00, -8.74382326e+04])]",Success
1875,"[array([-1.21641363e+01,  1.12333929e+05]), array([ 1.20695473e+01, -1.11460076e+05])]",Success
1877,"[array([-1.66155544e+01,  1.53550337e+05]), array([ 9.45123497e+00, -8.73419924e+04])]",Success
1878,"[array([-1.21389932e+01,  1.12259257e+05]), array([ 1.20447463e+01, -1.11387258e+05])]",Success
1879,"[array([-1.21558376e+01,  1.12458107e+05]), array([ 1.20425845e+01, -1.11409981e+05])]",Success
1880,"[array([-1.21368144e+01,  1.12292353e+05]), array([ 1.20613132e+01, -1.11593420e+05])]",Success
1881,"[array([-1.20846264e+01,  1.12174994e+05]), array([ 1.20658030e+01, -1.11999882e+05])]",Success
1882,"[array([-1.63052209e+01,  1.51442251e+05]), array([ 9.52642057e+00, -8.84807046e+04])]",Success
1883,"[array([-1.21204694e+01,  1.12577434e+05]), array([ 1.20263663e+01, -1.11703079e+05])]",Success
1884,"[array([-1.21204694e+01,  1.12664208e+05]), array([ 1.19891330e+01, -1.11442925e+05])]",Success
1885,"[array([-1.62485679e+01,  1.51218482e+05]), array([ 9.53676734e+00, -8.87543677e+04])]",Success
1886,"[array([-1.21205500e+01,  1.12852282e+05]), array([ 1.20076257e+01, -1.11800521e+05])]",Success
1887,"[array([-1.21015820e+01,  1.12698827e+05]), array([ 1.20076257e+01, -1.11823415e+05])]",Success
1888,"[array([-1.60967357e+01,  1.50107832e+05]), array([ 9.57426656e+00, -8.92831538e+04])]",Success
1889,"[array([-1.20914446e+01,  1.12789392e+05]), array([ 1.19975669e+01, -1.11913277e+05])]",Success
1890,"[array([-1.61585947e+01,  1.50744443e+05]), array([ 9.55916867e+00, -8.91778031e+04])]",Success
1891,"[array([-1.20810367e+01,  1.12832114e+05]), array([ 1.19872399e+01, -1.11955667e+05])]",Success
1892,"[array([-1.20810367e+01,  1.12887229e+05]), array([ 1.19872399e+01, -1.12010354e+05])]",Success
1893,"[array([-1.60136182e+01,  1.49660326e+05]), array([ 9.58827823e+00, -8.96099665e+04])]",Success
1894,"[array([-1.20879114e+01,  1.13120884e+05]), array([ 1.19752911e+01, -1.12066583e+05])]",Success
1897,"[array([-1.20586609e+01,  1.13119944e+05]), array([ 1.19836459e+01, -1.12415901e+05])]",Success
1898,"[array([-1.20378868e+01,  1.12957991e+05]), array([ 1.19631173e+01, -1.12255927e+05])]",Success
1908,"[array([-1.20233782e+01,  1.13443086e+05]), array([ 1.19300290e+01, -1.12561896e+05])]",Success
1911,[],Success
1912,[],Success
1895,"[array([-1.59949559e+01,  1.49756780e+05]), array([ 9.57710406e+00, -8.96681451e+04])]",Success
1896,"[array([-1.20629406e+01,  1.12979114e+05]), array([ 1.19878990e+01, -1.12275947e+05])]",Success
1899,"[array([-1.60814112e+01,  1.50904328e+05]), array([ 9.53341086e+00, -8.94594825e+04])]",Success
1900,"[array([-1.19821978e+01,  1.12711418e+05]), array([ 1.20008908e+01, -1.12886833e+05])]",Success
1901,"[array([-1.20196422e+01,  1.13073394e+05]), array([ 1.19635630e+01, -1.12545452e+05])]",Success
1902,"[array([-1.20196422e+01,  1.13077067e+05]), array([ 1.1963563e+01, -1.1254907e+05])]",Success
1903,"[array([-1.20343806e+01,  1.13300819e+05]), array([ 1.19409459e+01, -1.12420772e+05])]",Success
1904,"[array([-1.20155768e+01,  1.13126928e+05]), array([ 1.19595166e+01, -1.12598736e+05])]",Success
1905,"[array([-1.51675921e+01,  1.42842129e+05]), array([ 9.88427914e+00, -9.30859649e+04])]",Success
1907,"[array([-1.61894088e+01,  1.52541253e+05]), array([ 9.47040539e+00, -8.92334980e+04])]",Success
1909,"[array([-1.59694815e+01,  1.50799167e+05]), array([ 9.52532616e+00, -8.99469463e+04])]",Success
1910,"[array([-1.20208460e+01,  1.13522042e+05]), array([ 1.19585870e+01, -1.12933854e+05])]",Success
1913,[],Success
1914,[],Success
1915,[],Success
1916,[],Success
1917,[],Success
1918,[],Success
1919,[],Success
1920,"[array([-1.60000127e+01,  1.51087361e+05]), array([ 9.53235069e+00, -9.00133344e+04])]",Success
1921,"[array([-1.20376271e+01,  1.13680437e+05]), array([ 1.19339694e+01, -1.12701325e+05])]",Success
1923,"[array([-1.20242391e+01,  1.13727929e+05]), array([ 1.19122120e+01, -1.12667973e+05])]",Success
1925,"[array([-1.21135406e+01,  1.14661615e+05]), array([ 1.18149017e+01, -1.11834449e+05])]",Success
1932,"[array([-1.19566044e+01,  1.13654556e+05]), array([ 1.19008193e+01, -1.13123865e+05])]",Success
1934,"[array([-1.19753158e+01,  1.13891210e+05]), array([ 1.19008193e+01, -1.13182369e+05])]",Success
1906,"[array([-1.20343806e+01,  1.13377743e+05]), array([ 1.19409459e+01, -1.12497136e+05])]",Success
1922,"[array([-1.53123044e+01,  1.44812767e+05]), array([ 9.77256626e+00, -9.24215536e+04])]",Success
1924,"[array([-1.19810487e+01,  1.13404693e+05]), array([ 1.19437246e+01, -1.13051026e+05])]",Success
1926,"[array([-1.33101244e+01,  1.26014777e+05]), array([ 1.08438920e+01, -1.02665641e+05])]",Success
1927,"[array([-1.69185976e+01,  1.60232088e+05]), array([ 9.18959800e+00, -8.70345816e+04])]",Success
1928,"[array([-1.19939354e+01,  1.13621266e+05]), array([ 1.19193231e+01, -1.12914067e+05])]",Success
1930,"[array([-1.19710387e+01,  1.13576319e+05]), array([ 1.19151862e+01, -1.13046030e+05])]",Success
1931,"[array([-1.19897727e+01,  1.13787478e+05]), array([ 1.18966844e+01, -1.12903728e+05])]",Success
1933,"[array([-1.19753158e+01,  1.13883852e+05]), array([ 1.18823398e+01, -1.12999240e+05])]",Success
1935,"[array([-1.19715360e+01,  1.13949476e+05]), array([ 1.18970630e+01, -1.13240272e+05])]",Success
1936,"[array([-1.19655802e+01,  1.13978795e+05]), array([ 1.18911442e+01, -1.13269409e+05])]",Success
1937,"[array([-1.62309189e+01,  1.54688965e+05]), array([ 9.36858185e+00, -8.92877290e+04])]",Success
1938,"[array([-1.19428677e+01,  1.13850031e+05]), array([ 1.18686884e+01, -1.13142427e+05])]",Success
1939,"[array([-1.63993512e+01,  1.56502252e+05]), array([ 9.29695581e+00, -8.87224062e+04])]",Success
1940,"[array([-1.18728465e+01,  1.13440602e+05]), array([ 1.19471679e+01, -1.14150371e+05])]",Success
1941,"[array([-1.19640277e+01,  1.14330254e+05]), array([ 1.18525616e+01, -1.13264761e+05])]",Success
1942,"[array([-1.19244964e+01,  1.14008391e+05]), array([ 1.18873485e+01, -1.13652996e+05])]",Success
1943,"[array([-1.19747690e+01,  1.14595005e+05]), array([ 1.18262447e+01, -1.13173368e+05])]",Success
1945,"[array([-1.19252863e+01,  1.14297120e+05]), array([ 1.18511011e+01, -1.13585716e+05])]",Success
1946,"[array([-1.59419623e+01,  1.52852388e+05]), array([ 9.43101235e+00, -9.04249515e+04])]",Success
1947,"[array([-1.19212907e+01,  1.14393511e+05]), array([ 1.18471303e+01, -1.13681545e+05])]",Success
1948,"[array([-1.19399761e+01,  1.14576301e+05]), array([ 1.18287341e+01, -1.13508593e+05])]",Success
1962,[],Success
1963,[],Success
1964,[],Success
1929,"[array([-1.19939354e+01,  1.13637211e+05]), array([ 1.19193231e+01, -1.12929912e+05])]",Success
1944,"[array([-1.59503229e+01,  1.52755514e+05]), array([ 9.43595837e+00, -9.03678239e+04])]",Success
1949,"[array([-1.61709062e+01,  1.55181551e+05]), array([ 9.33394220e+00, -8.95718426e+04])]",Success
1950,"[array([-1.19239954e+01,  1.14692758e+05]), array([ 1.18129023e+01, -1.13623927e+05])]",Success
1951,"[array([-1.19053350e+01,  1.14519176e+05]), array([ 1.18129023e+01, -1.13629631e+05])]",Success
1952,"[array([-1.57104456e+01,  1.51290906e+05]), array([ 9.49295341e+00, -9.14176072e+04])]",Success
1953,"[array([-1.18996177e+01,  1.14597066e+05]), array([ 1.18255920e+01, -1.13883834e+05])]",Success
1956,"[array([-1.64444603e+01,  1.58702071e+05]), array([ 9.19774896e+00, -8.87656999e+04])]",Success
1957,"[array([-1.18851108e+01,  1.14753284e+05]), array([ 1.18111754e+01, -1.14039118e+05])]",Success
1958,"[array([-1.19224266e+01,  1.15140984e+05]), array([ 1.17563247e+01, -1.13536471e+05])]",Success
1959,"[array([-1.63293068e+01,  1.57811439e+05]), array([ 9.22423212e+00, -8.91455272e+04])]",Success
1960,"[array([-1.18617867e+01,  1.14691923e+05]), array([ 1.18189117e+01, -1.14276983e+05])]",Success
1961,[],Success
1965,[],Success
1966,[],Success
1967,"[array([-1.63633649e+01,  1.58140493e+05]), array([ 9.19829799e+00, -8.88947821e+04])]",Success
1968,"[array([-1.18598036e+01,  1.14672748e+05]), array([ 1.18115219e+01, -1.14205531e+05])]",Success
1969,"[array([-1.18652930e+01,  1.14868669e+05]), array([ 1.17914809e+01, -1.14153785e+05])]",Success
1970,"[array([-1.60950839e+01,  1.55853490e+05]), array([ 9.29017711e+00, -8.99594197e+04])]",Success
1971,"[array([-1.18821074e+01,  1.15093503e+05]), array([ 1.17714045e+01, -1.14020862e+05])]",Success
1972,"[array([-1.56875468e+01,  1.52160988e+05]), array([ 9.42423519e+00, -9.14098298e+04])]",Success
1973,"[array([-1.59828910e+01,  1.55068685e+05]), array([ 9.31843832e+00, -9.04089171e+04])]",Success
1974,"[array([-1.18516573e+01,  1.15056842e+05]), array([ 1.17779301e+01, -1.14340749e+05])]",Success
1975,"[array([-1.18498248e+01,  1.15072356e+05]), array([ 1.17395939e+01, -1.14001530e+05])]",Success
1976,"[array([-1.18458796e+01,  1.15120684e+05]), array([ 1.17905251e+01, -1.14582436e+05])]",Success
1954,"[array([-1.18975620e+01,  1.14615684e+05]), array([ 1.18235492e+01, -1.13902336e+05])]",Success
1955,"[array([-1.74342053e+01,  1.67965835e+05]), array([ 8.92172948e+00, -8.59544495e+04])]",Success
1977,"[array([-1.18458796e+01,  1.15189022e+05]), array([ 1.17539085e+01, -1.14294315e+05])]",Success
1978,"[array([-1.59955621e+01,  1.55586669e+05]), array([ 9.28331396e+00, -9.02984568e+04])]",Success
1979,"[array([-1.18340597e+01,  1.15269962e+05]), array([ 1.17421804e+01, -1.14374626e+05])]",Success
1980,"[array([-1.65056111e+01,  1.60815474e+05]), array([ 9.11890215e+00, -8.88464098e+04])]",Success
1981,"[array([-1.18077145e+01,  1.15088357e+05]), array([ 1.17526241e+01, -1.14550976e+05])]",Success
1982,"[array([-1.17610173e+01,  1.14840497e+05]), array([ 1.17977705e+01, -1.15199030e+05])]",Success
1983,"[array([-1.17959522e+01,  1.15224161e+05]), array([ 1.17592047e+01, -1.14864902e+05])]",Success
1984,"[array([-1.18290023e+01,  1.15638945e+05]), array([ 1.17187942e+01, -1.14561336e+05])]",Success
1985,"[array([-1.18104906e+01,  1.15491708e+05]), array([ 1.17187942e+01, -1.14594612e+05])]",Success
1986,"[array([-1.18252648e+01,  1.15711744e+05]), array([ 1.17150915e+01, -1.14633343e+05])]",Success
1987,"[array([-1.18526844e+01,  1.16005341e+05]), array([ 1.16872981e+01, -1.14386324e+05])]",Success
1989,"[array([-1.17929805e+01,  1.15561918e+05]), array([ 1.17196183e+01, -1.14842646e+05])]",Success
1990,"[array([-1.59629624e+01,  1.56473163e+05]), array([ 9.24480768e+00, -9.06198787e+04])]",Success
1991,"[array([-1.17851683e+01,  1.15660262e+05]), array([ 1.17118546e+01, -1.14940377e+05])]",Success
1993,"[array([-1.17810206e+01,  1.15739588e+05]), array([ 1.17077327e+01, -1.15019249e+05])]",Success
1995,"[array([-1.57442199e+01,  1.54825345e+05]), array([ 9.30251805e+00, -9.14788116e+04])]",Success
1996,"[array([-1.17509400e+01,  1.15670748e+05]), array([ 1.17143327e+01, -1.15310022e+05])]",Success
1997,"[array([-1.54087038e+01,  1.51805183e+05]), array([ 9.41107316e+00, -9.27167702e+04])]",Success
1998,"[array([-1.17491366e+01,  1.15753407e+05]), array([ 1.16943195e+01, -1.15212961e+05])]",Success
2000,"[array([-1.17675234e+01,  1.15966632e+05]), array([ 1.16761606e+01, -1.15065887e+05])]",Success
2008,[],Success
2010,[],Success
2012,[],Success
1988,"[array([-1.18340774e+01,  1.15928771e+05]), array([ 1.16872981e+01, -1.14490516e+05])]",Success
1992,"[array([-1.59184108e+01,  1.56256027e+05]), array([ 9.26126485e+00, -9.09088227e+04])]",Success
1994,"[array([-1.17792107e+01,  1.15802100e+05]), array([ 1.17059341e+01, -1.15081372e+05])]",Success
1999,"[array([-1.17308073e+01,  1.15579361e+05]), array([ 1.17125350e+01, -1.15398947e+05])]",Success
2001,"[array([-1.17822581e+01,  1.16189031e+05]), array([ 1.16724855e+01, -1.15106221e+05])]",Success
2002,"[array([-1.17416751e+01,  1.15853224e+05]), array([ 1.16687455e+01, -1.15133405e+05])]",Success
2003,"[array([-1.59547178e+01,  1.57448824e+05]), array([ 9.20915698e+00, -9.08821766e+04])]",Success
2004,"[array([-1.17315368e+01,  1.15885298e+05]), array([ 1.16768018e+01, -1.15344199e+05])]",Success
2005,"[array([-1.17477604e+01,  1.16071654e+05]), array([ 1.16384789e+01, -1.14991456e+05])]",Success
2006,"[array([-1.17455275e+01,  1.16183129e+05]), array([ 1.16543356e+01, -1.15280703e+05])]",Success
2007,"[array([-1.17615058e+01,  1.16355677e+05]), array([ 1.16491243e+01, -1.15243547e+05])]",Success
2009,[],Success
2011,[],Success
2013,[],Success
2014,[],Success
2015,"[array([-1.17616774e+01,  1.16357325e+05]), array([ 1.16453292e+01, -1.15205993e+05])]",Success
2016,"[array([-1.17300377e+01,  1.16135277e+05]), array([ 1.16389660e+01, -1.15233147e+05])]",Success
2017,"[array([-1.17634787e+01,  1.16519970e+05]), array([ 1.16356148e+01, -1.15253224e+05])]",Success
2018,"[array([-1.60801200e+01,  1.59289197e+05]), array([ 9.13821455e+00, -9.05226669e+04])]",Success
2019,"[array([-1.17248677e+01,  1.16329141e+05]), array([ 1.16338361e+01, -1.15425544e+05])]",Success
2020,"[array([-1.58397262e+01,  1.57193163e+05]), array([ 9.19287175e+00, -9.12295527e+04])]",Success
2021,"[array([-1.17210053e+01,  1.16409971e+05]), array([ 1.16300037e+01, -1.15505784e+05])]",Success
2024,"[array([-1.17154674e+01,  1.16474674e+05]), array([ 1.16245088e+01, -1.15570023e+05])]",Success
2028,"[array([-1.17162191e+01,  1.16724120e+05]), array([ 1.16070618e+01, -1.15636286e+05])]",Success
2029,"[array([-1.16715975e+01,  1.16443740e+05]), array([ 1.16171422e+01, -1.15900035e+05])]",Success
2022,"[array([-1.58655843e+01,  1.57622356e+05]), array([ 9.18841201e+00, -9.12855441e+04])]",Success
2023,"[array([-1.16971620e+01,  1.16265401e+05]), array([ 1.16245088e+01, -1.15542794e+05])]",Success
2025,"[array([-1.16951716e+01,  1.16387074e+05]), array([ 1.16406063e+01, -1.15843672e+05])]",Success
2026,"[array([-1.16933118e+01,  1.16404655e+05]), array([ 1.16387552e+01, -1.15861170e+05])]",Success
2027,"[array([-1.58422137e+01,  1.57755669e+05]), array([ 9.16363341e+00, -9.12509945e+04])]",Success
2030,"[array([-1.16881377e+01,  1.16646225e+05]), array([ 1.15973913e+01, -1.15740165e+05])]",Success
2031,"[array([-1.58547395e+01,  1.58324118e+05]), array([ 9.15144892e+00, -9.13856610e+04])]",Success
2032,"[array([-1.16750388e+01,  1.16728784e+05]), array([ 1.16024103e+01, -1.16002253e+05])]",Success
2033,"[array([-1.14931806e+01,  1.14932801e+05]), array([ 1.17836875e+01, -1.17837509e+05])]",Success
2034,"[array([-1.14402979e+01,  1.14414346e+05]), array([ 1.18398003e+01, -1.18409379e+05])]",Success
2035,"[array([-1.17096926e+01,  1.17118435e+05]), array([ 1.15824134e+01, -1.15845184e+05])]",Success
2036,"[array([-1.16730426e+01,  1.16811510e+05]), array([ 1.15824134e+01, -1.15904168e+05])]",Success
2038,"[array([-1.17038285e+01,  1.17221031e+05]), array([ 1.15586647e+01, -1.15766975e+05])]",Success
2039,"[array([-1.15690257e+01,  1.16009958e+05]), array([ 1.16778254e+01, -1.17100578e+05])]",Success
2040,"[array([-1.16778254e+01,  1.17112843e+05]), array([ 1.15690257e+01, -1.16021388e+05])]",Success
2041,"[array([-1.16719490e+01,  1.17157506e+05]), array([ 1.15452767e+01, -1.15885609e+05])]",Success
2042,"[array([-1.16482839e+01,  1.17031786e+05]), array([ 1.15758218e+01, -1.16303370e+05])]",Success
2051,"[array([-1.16156376e+01,  1.17443720e+05]), array([ 1.15075852e+01, -1.16350760e+05])]",Success
2053,[],Success
2054,[],Success
2055,[],Success
2056,[],Success
2057,[],Success
2058,[],Success
2059,[],Success
2037,"[array([-1.16712092e+01,  1.16836520e+05]), array([ 1.15986044e+01, -1.16109395e+05])]",Success
2043,"[array([-1.48271981e+01,  1.49091640e+05]), array([ 9.50607081e+00, -9.55861100e+04])]",Success
2044,"[array([-1.16627234e+01,  1.17300513e+05]), array([ 1.15361512e+01, -1.16027216e+05])]",Success
2045,"[array([-1.54967881e+01,  1.55972319e+05]), array([ 9.20601274e+00, -9.26580523e+04])]",Success
2046,"[array([-1.16348716e+01,  1.17178548e+05]), array([ 1.15624930e+01, -1.16449295e+05])]",Success
2047,"[array([-1.16714019e+01,  1.17595855e+05]), array([ 1.15087972e+01, -1.15957104e+05])]",Success
2048,"[array([-1.59125583e+01,  1.60442849e+05]), array([ 9.05135776e+00, -9.12632371e+04])]",Success
2049,"[array([-1.16396824e+01,  1.17450933e+05]), array([ 1.15312382e+01, -1.16356290e+05])]",Success
2050,"[array([-1.59334144e+01,  1.61028378e+05]), array([ 9.03281155e+00, -9.12895040e+04])]",Success
2052,"[array([-1.15954021e+01,  1.17401846e+05]), array([ 1.15491260e+01, -1.16932952e+05])]",Success
2060,[],Success
2061,"[array([-1.15889962e+01,  1.17337017e+05]), array([ 1.15434369e+01, -1.16875382e+05])]",Success
2062,"[array([-1.15962247e+01,  1.17484199e+05]), array([ 1.15240864e+01, -1.16752968e+05])]",Success
2063,"[array([-1.57279870e+01,  1.59488916e+05]), array([ 9.07828660e+00, -9.20580494e+04])]",Success
2064,"[array([-1.15748154e+01,  1.17401482e+05]), array([ 1.15208116e+01, -1.16853309e+05])]",Success
2065,"[array([-1.57614508e+01,  1.59954771e+05]), array([ 9.06717487e+00, -9.20177635e+04])]",Success
2066,"[array([-1.15730678e+01,  1.17466903e+05]), array([ 1.15370146e+01, -1.17100620e+05])]",Success
2067,"[array([-1.15911790e+01,  1.17652952e+05]), array([ 1.15190722e+01, -1.16920748e+05])]",Success
2070,"[array([-1.15458573e+01,  1.17360020e+05]), array([ 1.15278731e+01, -1.17176833e+05])]",Success
2072,"[array([-1.15760942e+01,  1.17755889e+05]), array([ 1.14862177e+01, -1.16841291e+05])]",Success
2073,"[array([-1.60778978e+01,  1.63627701e+05]), array([ 8.92139082e+00, -9.07942528e+04])]",Success
2076,"[array([-1.15791693e+01,  1.18069235e+05]), array([ 1.14712889e+01, -1.16968832e+05])]",Success
2077,"[array([-1.1559033e+01,  1.1796117e+05]), array([ 1.14692889e+01, -1.17044902e+05])]",Success
2078,"[array([-1.12558281e+01,  1.14996251e+05]), array([ 1.17764326e+01, -1.20314625e+05])]",Success
2079,"[array([-1.14995519e+01,  1.17489788e+05]), array([ 1.15354880e+01, -1.17856638e+05])]",Success
2068,"[array([-1.15911790e+01,  1.17668935e+05]), array([ 1.15190722e+01, -1.16936593e+05])]",Success
2069,"[array([-1.58817479e+01,  1.61400882e+05]), array([ 9.01448787e+00, -9.16120729e+04])]",Success
2071,"[array([-1.15962285e+01,  1.17913842e+05]), array([ 1.14703779e+01, -1.16633775e+05])]",Success
2074,"[array([-1.15866990e+01,  1.18034884e+05]), array([ 1.14787484e+01, -1.16934839e+05])]",Success
2075,"[array([-1.58557433e+01,  1.61659635e+05]), array([ 8.98877908e+00, -9.16466547e+04])]",Success
2080,"[array([-1.15898152e+01,  1.18436360e+05]), array([ 1.14283472e+01, -1.16785975e+05])]",Success
2081,"[array([-1.15301191e+01,  1.17877412e+05]), array([ 1.14941998e+01, -1.17509850e+05])]",Success
2082,"[array([-1.15662637e+01,  1.18273684e+05]), array([ 1.14407384e+01, -1.16989674e+05])]",Success
2083,"[array([-1.54252146e+01,  1.57829871e+05]), array([ 9.12531262e+00, -9.33693693e+04])]",Success
2084,"[array([-1.15568223e+01,  1.18282291e+05]), array([ 1.1449150e+01, -1.1717994e+05])]",Success
2087,"[array([-1.15894061e+01,  1.18781278e+05]), array([ 1.13923682e+01, -1.16761432e+05])]",Success
2088,"[array([-1.56390006e+01,  1.60410606e+05]), array([ 9.02692313e+00, -9.25896339e+04])]",Success
2089,"[array([-1.15635310e+01,  1.18609394e+05]), array([ 1.14201074e+01, -1.17137891e+05])]",Success
2090,"[array([-1.15416671e+01,  1.18514964e+05]), array([ 1.14341360e+01, -1.17410446e+05])]",Success
2091,"[array([-1.14983340e+01,  1.18201189e+05]), array([ 1.14625136e+01, -1.17832618e+05])]",Success
2092,"[array([-1.45410749e+01,  1.49543219e+05]), array([ 9.44516544e+00, -9.71359279e+04])]",Success
2093,"[array([-1.15145288e+01,  1.18434138e+05]), array([ 1.14251302e+01, -1.17514274e+05])]",Success
2094,"[array([-1.55531226e+01,  1.60007694e+05]), array([ 9.03762527e+00, -9.29777334e+04])]",Success
2095,"[array([-1.15269171e+01,  1.18616629e+05]), array([ 1.14195235e+01, -1.17511125e+05])]",Success
2096,"[array([-1.15269171e+01,  1.18690295e+05]), array([ 1.14195235e+01, -1.17584143e+05])]",Success
2102,"[array([-1.15044070e+01,  1.18953169e+05]), array([ 1.13972231e+01, -1.17844796e+05])]",Success
2103,"[array([-1.14864033e+01,  1.18852947e+05]), array([ 1.13972231e+01, -1.17929907e+05])]",Success
2106,[],Success
2107,[],Success
2109,[],Success
2085,"[array([-1.56188521e+01,  1.59971205e+05]), array([ 9.05663168e+00, -9.27600376e+04])]",Success
2086,"[array([-1.15349957e+01,  1.18160695e+05]), array([ 1.14454383e+01, -1.17242991e+05])]",Success
2097,"[array([-1.56731531e+01,  1.61582611e+05]), array([ 8.98619659e+00, -9.26452356e+04])]",Success
2098,"[array([-1.14977211e+01,  1.18563648e+05]), array([ 1.14261956e+01, -1.17825702e+05])]",Success
2099,"[array([-1.14977211e+01,  1.18579861e+05]), array([ 1.14084530e+01, -1.17658789e+05])]",Success
2100,"[array([-1.14704097e+01,  1.18549719e+05]), array([ 1.14168930e+01, -1.17996226e+05])]",Success
2101,"[array([-1.52304195e+01,  1.57441127e+05]), array([ 9.11933191e+00, -9.42688119e+04])]",Success
2104,"[array([-1.59215004e+01,  1.64773318e+05]), array([ 8.87522574e+00, -9.18524277e+04])]",Success
2105,"[array([-1.94656227e+01,  2.01523268e+05]), array([ 8.00138193e+00, -8.28362869e+04])]",Success
2108,[],Success
2110,[],Success
2111,[],Success
2112,"[array([-1.94063483e+01,  2.00909662e+05]), array([ 7.98666903e+00, -8.26838779e+04])]",Success
2113,"[array([-1.14801800e+01,  1.19000982e+05]), array([ 1.13732218e+01, -1.17891897e+05])]",Success
2114,"[array([-1.14964874e+01,  1.19279067e+05]), array([ 1.13538953e+01, -1.17799296e+05])]",Success
2115,"[array([-1.61280806e+01,  1.67353786e+05]), array([ 8.77955468e+00, -9.11017417e+04])]",Success
2116,"[array([-1.73922770e+01,  1.80517758e+05]), array([ 8.42594776e+00, -8.74542470e+04])]",Success
2117,"[array([-1.14587615e+01,  1.18938931e+05]), array([ 1.13874784e+01, -1.18198650e+05])]",Success
2119,"[array([-1.14727880e+01,  1.19220322e+05]), array([ 1.13658987e+01, -1.18109194e+05])]",Success
2120,"[array([-1.59320691e+01,  1.65848501e+05]), array([ 8.82125419e+00, -9.18271359e+04])]",Success
2125,"[array([-1.14217389e+01,  1.19363684e+05]), array([ 1.13330608e+01, -1.18436527e+05])]",Success
2127,"[array([-1.14721714e+01,  1.20009507e+05]), array([ 1.12945836e+01, -1.18151434e+05])]",Success
2128,"[array([-1.12042400e+01,  1.17282313e+05]), array([ 1.15593665e+01, -1.20999584e+05])]",Success
2129,"[array([-1.34823665e+01,  1.41133533e+05]), array([ 9.81690479e+00, -1.02763146e+05])]",Success
2131,"[array([-1.14286350e+01,  1.19720973e+05]), array([ 1.13046033e+01, -1.18421255e+05])]",Success
2118,"[array([-1.14568143e+01,  1.18982204e+05]), array([ 1.13678639e+01, -1.18058008e+05])]",Success
2121,"[array([-1.14441623e+01,  1.19173246e+05]), array([ 1.13553101e+01, -1.18247605e+05])]",Success
2122,"[array([-1.14386957e+01,  1.19154417e+05]), array([ 1.13498859e+01, -1.18228999e+05])]",Success
2123,"[array([-1.14369006e+01,  1.19282685e+05]), array([ 1.13305109e+01, -1.18172731e+05])]",Success
2124,"[array([-1.58847337e+01,  1.65710128e+05]), array([ 8.83552295e+00, -9.21722533e+04])]",Success
2126,"[array([-1.14021981e+01,  1.19262292e+05]), array([ 1.13313770e+01, -1.18521071e+05])]",Success
2130,"[array([-1.14325396e+01,  1.19720369e+05]), array([ 1.13084655e+01, -1.18420658e+05])]",Success
2132,"[array([-1.14593799e+01,  1.20204737e+05]), array([ 1.12819901e+01, -1.18343756e+05])]",Success
2133,"[array([-1.56974582e+01,  1.64747692e+05]), array([ 8.86085231e+00, -9.29984302e+04])]",Success
2134,"[array([-1.81970814e+01,  1.91085855e+05]), array([ 8.16012618e+00, -8.56884284e+04])]",Success
2135,"[array([-1.14069233e+01,  1.19886915e+05]), array([ 1.13006476e+01, -1.18769577e+05])]",Success
2136,"[array([-1.14030356e+01,  1.19957341e+05]), array([ 1.12967961e+01, -1.18839384e+05])]",Success
2137,"[array([-1.13940564e+01,  1.20052967e+05]), array([ 1.12704000e+01, -1.18749722e+05])]",Success
2139,"[array([-1.57637407e+01,  1.66195871e+05]), array([ 8.78728470e+00, -9.26435745e+04])]",Success
2140,"[array([-1.13904145e+01,  1.20146937e+05]), array([ 1.12667976e+01, -1.18842596e+05])]",Success
2141,"[array([-1.13867749e+01,  1.20158872e+05]), array([ 1.12631975e+01, -1.18854402e+05])]",Success
2147,"[array([-1.54696838e+01,  1.63764104e+05]), array([ 8.84790451e+00, -9.36650331e+04])]",Success
2148,"[array([-1.13497395e+01,  1.20221837e+05]), array([ 1.12563157e+01, -1.19231820e+05])]",Success
2149,[],Success
2150,[],Success
2151,[],Success
2152,[],Success
2153,[],Success
2154,[],Success
2155,[],Success
2138,"[array([-1.13762253e+01,  1.19877166e+05]), array([ 1.12879006e+01, -1.18946060e+05])]",Success
2142,"[array([-1.56906315e+01,  1.65646073e+05]), array([ 8.79511186e+00, -9.28496963e+04])]",Success
2143,"[array([-1.13831377e+01,  1.20256374e+05]), array([ 1.12770836e+01, -1.19135631e+05])]",Success
2144,"[array([-1.13814215e+01,  1.20296455e+05]), array([ 1.12579022e+01, -1.18990530e+05])]",Success
2145,"[array([-1.13618748e+01,  1.20126218e+05]), array([ 1.12736615e+01, -1.19193178e+05])]",Success
2146,"[array([-1.13796834e+01,  1.20359106e+05]), array([ 1.12387585e+01, -1.18868169e+05])]",Success
2156,"[array([-1.13302799e+01,  1.20015751e+05]), array([ 1.12495288e+01, -1.19159922e+05])]",Success
2157,"[array([-1.13716225e+01,  1.20528197e+05]), array([ 1.12480179e+01, -1.19217770e+05])]",Success
2158,"[array([-1.13537986e+01,  1.20358363e+05]), array([ 1.12655109e+01, -1.19422112e+05])]",Success
2159,"[array([-1.53772621e+01,  1.63138383e+05]), array([ 8.87584616e+00, -9.41643027e+04])]",Success
2160,"[array([-1.13167038e+01,  1.20141640e+05]), array([ 1.12639043e+01, -1.19580682e+05])]",Success
2161,"[array([-1.13308043e+01,  1.20358931e+05]), array([ 1.12428322e+01, -1.19424046e+05])]",Success
2162,"[array([-1.13274330e+01,  1.20448831e+05]), array([ 1.12394871e+01, -1.19513287e+05])]",Success
2164,"[array([-1.57892443e+01,  1.68137394e+05]), array([ 8.71261912e+00, -9.27807143e+04])]",Success
2166,"[array([-1.12722517e+01,  1.20165155e+05]), array([ 1.12722517e+01, -1.20164774e+05])]",Success
2167,"[array([-1.13075326e+01,  1.20581765e+05]), array([ 1.12371903e+01, -1.19831341e+05])]",Success
2168,"[array([-1.58403898e+01,  1.69040985e+05]), array([ 8.68175213e+00, -9.26474790e+04])]",Success
2169,"[array([-1.12984213e+01,  1.20697947e+05]), array([ 1.12107006e+01, -1.19760468e+05])]",Success
2171,"[array([-1.12035852e+01,  1.19832280e+05]), array([ 1.12912502e+01, -1.20769511e+05])]",Success
2172,"[array([-1.13089481e+01,  1.20985545e+05]), array([ 1.12035852e+01, -1.19858009e+05])]",Success
2173,"[array([-1.13072885e+01,  1.20983645e+05]), array([ 1.11845738e+01, -1.19670414e+05])]",Success
2174,"[array([-1.13231081e+01,  1.21258132e+05]), array([ 1.11480987e+01, -1.19383512e+05])]",Success
2175,"[array([-1.54712219e+01,  1.65704656e+05]), array([ 8.77079002e+00, -9.39401751e+04])]",Success
2179,"[array([-1.61105071e+01,  1.72885830e+05]), array([ 8.56289737e+00, -9.18902906e+04])]",Success
2181,"[array([-1.12642517e+01,  1.21035600e+05]), array([ 1.11941786e+01, -1.20282277e+05])]",Success
2163,"[array([-1.44720331e+01,  1.54001056e+05]), array([ 9.19443015e+00, -9.78407442e+04])]",Success
2165,"[array([-1.13094307e+01,  1.20494390e+05]), array([ 1.12390765e+01, -1.19744434e+05])]",Success
2170,"[array([-1.12595933e+01,  1.20365258e+05]), array([ 1.12420550e+01, -1.20177351e+05])]",Success
2176,"[array([-1.57414616e+01,  1.68756402e+05]), array([ 8.66537187e+00, -9.28967825e+04])]",Success
2177,"[array([-1.12735971e+01,  1.20885076e+05]), array([ 1.11860691e+01, -1.19946069e+05])]",Success
2178,"[array([-1.56919894e+01,  1.68342120e+05]), array([ 8.68832706e+00, -9.32074759e+04])]",Success
2180,"[array([-1.12858026e+01,  1.21150077e+05]), array([ 1.11806554e+01, -1.20021008e+05])]",Success
2182,"[array([-1.12415002e+01,  1.20936238e+05]), array([ 1.11890515e+01, -1.20371573e+05])]",Success
2183,"[array([-1.12574454e+01,  1.21143416e+05]), array([ 1.11700429e+01, -1.20202593e+05])]",Success
2185,"[array([-1.18509186e+01,  1.27538824e+05]), array([ 1.06412834e+01, -1.14520407e+05])]",Success
2186,"[array([-1.52082613e+01,  1.63702244e+05]), array([ 8.82638970e+00, -9.50074558e+04])]",Success
2187,"[array([-1.12503263e+01,  1.21189020e+05]), array([ 1.11803398e+01, -1.20434742e+05])]",Success
2190,"[array([-1.12572815e+01,  1.21509247e+05]), array([ 1.11351095e+01, -1.20190160e+05])]",Success
2191,"[array([-1.12201967e+01,  1.21114431e+05]), array([ 1.11678474e+01, -1.20548934e+05])]",Success
2192,"[array([-1.12361150e+01,  1.21374974e+05]), array([ 1.11662170e+01, -1.20619653e+05])]",Success
2193,"[array([-1.12694796e+01,  1.21744372e+05]), array([ 1.11124745e+01, -1.20047823e+05])]",Success
2195,"[array([-1.12482643e+01,  1.21654969e+05]), array([ 1.11261901e+01, -1.20334339e+05])]",Success
2196,"[array([-1.51400688e+01,  1.63869171e+05]), array([ 8.81620712e+00, -9.54232970e+04])]",Success
2197,"[array([-1.12224996e+01,  1.21596879e+05]), array([ 1.11300591e+01, -1.20594859e+05])]",Success
2198,[],Success
2199,[],Success
2200,[],Success
2201,[],Success
2202,[],Success
2203,[],Success
2184,"[array([-1.12750903e+01,  1.21334866e+05]), array([ 1.11700429e+01, -1.20204076e+05])]",Success
2188,"[array([-1.53540693e+01,  1.65570002e+05]), array([ 8.78447973e+00, -9.47278310e+04])]",Success
2189,"[array([-1.12433946e+01,  1.21252054e+05]), array([ 1.11908554e+01, -1.20685154e+05])]",Success
2194,"[array([-1.11956203e+01,  1.21048243e+05]), array([ 1.11781816e+01, -1.20859273e+05])]",Success
2204,[],Success
2205,"[array([-1.12170479e+01,  1.21537792e+05]), array([ 1.11254439e+01, -1.20544843e+05])]",Success
2206,"[array([-1.54039291e+01,  1.66988994e+05]), array([ 8.70331355e+00, -9.43501695e+04])]",Success
2207,"[array([-1.12270016e+01,  1.21711917e+05]), array([ 1.11224023e+01, -1.20577538e+05])]",Success
2208,"[array([-1.12074797e+01,  1.21672465e+05]), array([ 1.11377598e+01, -1.20915218e+05])]",Success
2209,"[array([-1.12234657e+01,  1.21884658e+05]), array([ 1.11016606e+01, -1.20561459e+05])]",Success
2210,"[array([-1.11693119e+01,  1.21389065e+05]), array([ 1.11519142e+01, -1.21199564e+05])]",Success
2211,"[array([-1.12360890e+01,  1.22181331e+05]), array([ 1.10795491e+01, -1.20478770e+05])]",Success
2213,"[array([-1.55838943e+01,  1.69589555e+05]), array([ 8.64934399e+00, -9.41289424e+04])]",Success
2214,"[array([-1.12256010e+01,  1.22189216e+05]), array([ 1.10863687e+01, -1.20673388e+05])]",Success
2215,"[array([-1.12219582e+01,  1.22263369e+05]), array([ 1.10827711e+01, -1.20746584e+05])]",Success
2216,"[array([-1.11936330e+01,  1.22162823e+05]), array([ 1.10893445e+01, -1.21024356e+05])]",Success
2218,"[array([-1.12044578e+01,  1.22387096e+05]), array([ 1.10826702e+01, -1.21056501e+05])]",Success
2220,"[array([-1.59235689e+01,  1.74289983e+05]), array([ 8.48247192e+00, -9.28438217e+04])]",Success
2221,"[array([-1.58079250e+01,  1.73232598e+05]), array([ 8.51777080e+00, -9.33426727e+04])]",Success
2223,"[array([-1.11464551e+01,  1.22367918e+05]), array([ 1.10771148e+01, -1.21606344e+05])]",Success
2224,"[array([-1.11255534e+01,  1.22254976e+05]), array([ 1.10736457e+01, -1.21684196e+05])]",Success
2225,"[array([-1.11255534e+01,  1.22283179e+05]), array([ 1.10564506e+01, -1.21523195e+05])]",Success
2226,"[array([-1.11394757e+01,  1.22530230e+05]), array([ 1.10358526e+01, -1.21389953e+05])]",Success
2227,"[array([-1.10874220e+01,  1.21965183e+05]), array([ 1.10874220e+01, -1.21964758e+05])]",Success
2229,"[array([-1.53055060e+01,  1.68440908e+05]), array([ 8.63720908e+00, -9.50542955e+04])]",Success
2212,"[array([-1.11817219e+01,  1.21624156e+05]), array([ 1.11468879e+01, -1.21244998e+05])]",Success
2217,"[array([-1.60052188e+01,  1.74809924e+05]), array([ 8.47782373e+00, -9.25960233e+04])]",Success
2219,"[array([-1.11850895e+01,  1.22246050e+05]), array([ 1.10637010e+01, -1.20918929e+05])]",Success
2222,"[array([-1.11921101e+01,  1.22665177e+05]), array([ 1.10532933e+01, -1.21143445e+05])]",Success
2228,"[array([-1.11030582e+01,  1.22159140e+05]), array([ 1.10857637e+01, -1.21968477e+05])]",Success
2230,"[array([-1.10426175e+01,  1.21555338e+05]), array([ 1.11464665e+01, -1.22698108e+05])]",Success
2231,"[array([-1.11290229e+01,  1.22564372e+05]), array([ 1.10254971e+01, -1.21423968e+05])]",Success
2233,"[array([-1.11497824e+01,  1.23005236e+05]), array([ 1.10114905e+01, -1.21479210e+05])]",Success
2235,"[array([-1.11253553e+01,  1.22929439e+05]), array([ 1.10046150e+01, -1.21594901e+05])]",Success
2236,"[array([-1.52973635e+01,  1.69148544e+05]), array([ 8.60360810e+00, -9.51328991e+04])]",Success
2237,"[array([-1.11079447e+01,  1.22841584e+05]), array([ 1.10388440e+01, -1.22077064e+05])]",Success
2238,"[array([-1.50327664e+01,  1.66362331e+05]), array([ 8.71573611e+00, -9.64537291e+04])]",Success
2239,"[array([-1.51612515e+01,  1.67875691e+05]), array([ 8.64734164e+00, -9.57492395e+04])]",Success
2240,[],Success
2241,[],Success
2242,[],Success
2243,[],Success
2244,"[array([-1.50322999e+01,  1.66357134e+05]), array([ 8.70194915e+00, -9.63011055e+04])]",Success
2245,"[array([-1.51560516e+01,  1.67818117e+05]), array([ 8.64221801e+00, -9.56924811e+04])]",Success
2246,"[array([-1.09870058e+01,  1.21732773e+05]), array([ 1.11424823e+01, -1.23455064e+05])]",Success
2248,"[array([-1.55366353e+01,  1.72241572e+05]), array([ 8.52551829e+00, -9.45157209e+04])]",Success
2249,"[array([-1.11169231e+01,  1.23374852e+05]), array([ 1.0996087e+01, -1.2203352e+05])]",Success
2250,"[array([-1.10786777e+01,  1.23062447e+05]), array([ 1.09926631e+01, -1.22106573e+05])]",Success
2251,"[array([-1.10595137e+01,  1.22890704e+05]), array([ 1.10250604e+01, -1.22507486e+05])]",Success
2252,"[array([-1.11115994e+01,  1.23505753e+05]), array([ 1.09737811e+01, -1.21973633e+05])]",Success
2232,"[array([-1.54166780e+01,  1.69948106e+05]), array([ 8.60422345e+00, -9.48505833e+04])]",Success
2234,"[array([-1.56763504e+01,  1.73033286e+05]), array([ 8.50465478e+00, -9.38729878e+04])]",Success
2247,"[array([-1.10887193e+01,  1.22901229e+05]), array([ 1.10026267e+01, -1.21946835e+05])]",Success
2253,"[array([-1.10768213e+01,  1.23125140e+05]), array([ 1.09908211e+01, -1.22168817e+05])]",Success
2254,"[array([-1.10683386e+01,  1.23146529e+05]), array([ 1.09994842e+01, -1.22380074e+05])]",Success
2255,"[array([-1.08977941e+01,  1.21267381e+05]), array([ 1.11556283e+01, -1.24136055e+05])]",Success
2256,"[array([-1.14629957e+01,  1.27557825e+05]), array([ 1.06516090e+01, -1.18528591e+05])]",Success
2257,"[array([-1.10683386e+01,  1.23224028e+05]), array([ 1.09653773e+01, -1.22077297e+05])]",Success
2258,"[array([-1.11152287e+01,  1.23812834e+05]), array([ 1.09431664e+01, -1.21895962e+05])]",Success
2259,"[array([-1.10787943e+01,  1.23511095e+05]), array([ 1.09585593e+01, -1.22170282e+05])]",Success
2260,"[array([-1.11136332e+01,  1.23920706e+05]), array([ 1.09415956e+01, -1.22002088e+05])]",Success
2261,"[array([-1.52265679e+01,  1.69836991e+05]), array([ 8.57418389e+00, -9.56373605e+04])]",Success
2262,"[array([-1.10842247e+01,  1.23722275e+05]), array([ 1.09467459e+01, -1.22187356e+05])]",Success
2263,"[array([-1.56506854e+01,  1.74861690e+05]), array([ 8.43304554e+00, -9.42207383e+04])]",Success
2265,"[array([-1.10755269e+01,  1.23877831e+05]), array([ 1.09381561e+01, -1.22341021e+05])]",Success
2266,"[array([-1.10183505e+01,  1.23371919e+05]), array([ 1.0966943e+01, -1.2279589e+05])]",Success
2267,"[array([-1.10149341e+01,  1.23422506e+05]), array([ 1.09635425e+01, -1.22846240e+05])]",Success
2268,"[array([-1.10462688e+01,  1.23858014e+05]), array([ 1.09263868e+01, -1.22513398e+05])]",Success
2269,"[array([-1.10289820e+01,  1.23698297e+05]), array([ 1.09433532e+01, -1.22737638e+05])]",Success
2270,"[array([-1.10444584e+01,  1.23910490e+05]), array([ 1.09245961e+01, -1.22565305e+05])]",Success
2272,"[array([-1.10428458e+01,  1.23967147e+05]), array([ 1.09399622e+01, -1.22811832e+05])]",Success
2273,"[array([-1.51793991e+01,  1.70449403e+05]), array([ 8.55800871e+00, -9.60983950e+04])]",Success
2276,"[array([-1.53660261e+01,  1.72781304e+05]), array([ 8.47908426e+00, -9.53419296e+04])]",Success
2279,"[array([-1.10344380e+01,  1.24324677e+05]), array([ 1.08975767e+01, -1.22782325e+05])]",Success
2281,"[array([-1.17718039e+01,  1.32677500e+05]), array([ 1.02445582e+01, -1.15463879e+05])]",Success
2264,"[array([-1.10634155e+01,  1.23634649e+05]), array([ 1.09603402e+01, -1.22482394e+05])]",Success
2271,"[array([-1.10601815e+01,  1.24137879e+05]), array([ 1.09230010e+01, -1.22597843e+05])]",Success
2274,"[array([-1.10496790e+01,  1.24198486e+05]), array([ 1.09126287e+01, -1.22657737e+05])]",Success
2275,"[array([-1.10150947e+01,  1.23828047e+05]), array([ 1.09126287e+01, -1.22675697e+05])]",Success
2277,"[array([-1.10082786e+01,  1.23872960e+05]), array([ 1.09228106e+01, -1.22910793e+05])]",Success
2278,"[array([-1.53856068e+01,  1.73280311e+05]), array([ 8.46115801e+00, -9.52940555e+04])]",Success
2280,"[array([-8.69773137e+00,  9.80301235e+04]), array([ 1.47024413e+01, -1.65707347e+05])]",Success
2282,"[array([-1.10326012e+01,  1.24412355e+05]), array([ 1.08957627e+01, -1.22868915e+05])]",Success
2283,"[array([-1.10310276e+01,  1.24442825e+05]), array([ 1.08942087e+01, -1.22899007e+05])]",Success
2284,"[array([-1.08520184e+01,  1.22562976e+05]), array([ 1.10397106e+01, -1.24682350e+05])]",Success
2285,"[array([-1.10051033e+01,  1.24324101e+05]), array([ 1.08856681e+01, -1.22974617e+05])]",Success
2286,"[array([-1.49681342e+01,  1.69161034e+05]), array([ 8.57149563e+00, -9.68696811e+04])]",Success
2287,"[array([-1.50871341e+01,  1.70755092e+05]), array([ 8.53134381e+00, -9.65577433e+04])]",Success
2288,"[array([-1.09796749e+01,  1.24276511e+05]), array([ 1.08895686e+01, -1.23256199e+05])]",Success
2289,"[array([-1.10288723e+01,  1.24840948e+05]), array([ 1.08548041e+01, -1.22870280e+05])]",Success
2290,[],Success
2291,[],Success
2292,[],Success
2293,[],Success
2294,"[array([-1.50793438e+01,  1.70666894e+05]), array([ 8.52814949e+00, -9.65215807e+04])]",Success
2295,"[array([-1.09914749e+01,  1.24410053e+05]), array([ 1.08853088e+01, -1.23207974e+05])]",Success
2296,"[array([-1.10042853e+01,  1.24562750e+05]), array([ 1.08670287e+01, -1.23008701e+05])]",Success
2300,"[array([-1.52877622e+01,  1.73536478e+05]), array([ 8.43589767e+00, -9.57583447e+04])]",Success
2302,"[array([-1.09403048e+01,  1.24277984e+05]), array([ 1.08892614e+01, -1.23697728e+05])]",Success
2303,"[array([-1.09198743e+01,  1.24083567e+05]), array([ 1.09198743e+01, -1.24083186e+05])]",Success
2297,"[array([-1.09815930e+01,  1.24486833e+05]), array([ 1.08961996e+01, -1.23518478e+05])]",Success
2298,"[array([-1.52309921e+01,  1.72730757e+05]), array([ 8.46166225e+00, -9.59616661e+04])]",Success
2299,"[array([-1.09626204e+01,  1.24372655e+05]), array([ 1.08775069e+01, -1.23406608e+05])]",Success
2301,"[array([-1.51226675e+01,  1.71751480e+05]), array([ 8.49732411e+00, -9.65057107e+04])]",Success
2304,"[array([-1.09696636e+01,  1.24699715e+05]), array([ 1.08674618e+01, -1.23537689e+05])]",Success
2305,"[array([-1.10214888e+01,  1.25328989e+05]), array([ 1.08003787e+01, -1.22814255e+05])]",Success
2306,"[array([-1.48209276e+01,  1.68604480e+05]), array([ 8.58340836e+00, -9.76457731e+04])]",Success
2307,"[array([-1.09286552e+01,  1.24331421e+05]), array([ 1.08946095e+01, -1.23943715e+05])]",Success
2308,"[array([-1.09801245e+01,  1.24968788e+05]), array([ 1.08439369e+01, -1.23418446e+05])]",Success
2309,"[array([-1.09785339e+01,  1.25023543e+05]), array([ 1.08423660e+01, -1.23472788e+05])]",Success
2311,"[array([-1.09291208e+01,  1.24671702e+05]), array([ 1.08611324e+01, -1.23895759e+05])]",Success
2312,"[array([-1.09444941e+01,  1.24908263e+05]), array([ 1.08593892e+01, -1.23936783e+05])]",Success
2313,"[array([-1.09962004e+01,  1.25521243e+05]), array([ 1.07922523e+01, -1.23192805e+05])]",Success
2314,"[array([-1.08745372e+01,  1.24226002e+05]), array([ 1.08915021e+01, -1.24419380e+05])]",Success
2315,"[array([-1.09944139e+01,  1.25600993e+05]), array([ 1.07904990e+01, -1.23271114e+05])]",Success
2316,"[array([-1.55466447e+01,  1.77612352e+05]), array([ 8.31005173e+00, -9.49379280e+04])]",Success
2317,"[array([-1.09375479e+01,  1.25071942e+05]), array([ 1.08356453e+01, -1.23906296e+05])]",Success
2318,"[array([-1.53297306e+01,  1.75455272e+05]), array([ 8.36334222e+00, -9.57220732e+04])]",Success
2319,"[array([-1.09326448e+01,  1.25172390e+05]), array([ 1.08139960e+01, -1.23813547e+05])]",Success
2320,"[array([-1.08951378e+01,  1.24805874e+05]), array([ 1.08443052e+01, -1.24223154e+05])]",Success
2321,"[array([-1.54267439e+01,  1.76751557e+05]), array([ 8.32086900e+00, -9.53359396e+04])]",Success
2322,"[array([-1.09382972e+01,  1.25404053e+05]), array([ 1.08026284e+01, -1.23848389e+05])]",Success
2323,"[array([-1.09040615e+01,  1.25037084e+05]), array([ 1.08362291e+01, -1.24258868e+05])]",Success
2329,"[array([-1.48335782e+01,  1.70516074e+05]), array([ 8.49444220e+00, -9.76455843e+04])]",Success
2332,"[array([-1.09025421e+01,  1.25404456e+05]), array([ 1.08009656e+01, -1.24235712e+05])]",Success
2310,"[array([-1.51915664e+01,  1.73190061e+05]), array([ 8.44996437e+00, -9.63350771e+04])]",Success
2324,"[array([-1.09040615e+01,  1.25095687e+05]), array([ 1.08362291e+01, -1.24317145e+05])]",Success
2325,"[array([-1.09178067e+01,  1.25300317e+05]), array([ 1.07993188e+01, -1.23940087e+05])]",Success
2327,"[array([-1.09316881e+01,  1.25527527e+05]), array([ 1.07961013e+01, -1.23970218e+05])]",Success
2328,"[array([-1.08872428e+01,  1.25149734e+05]), array([ 1.08027145e+01, -1.24177616e+05])]",Success
2330,"[array([-1.09214257e+01,  1.25574497e+05]), array([ 1.07859661e+01, -1.24016605e+05])]",Success
2331,"[array([-1.09196575e+01,  1.25585441e+05]), array([ 1.07675261e+01, -1.23835341e+05])]",Success
2333,"[array([-1.09025421e+01,  1.25446913e+05]), array([ 1.07842199e+01, -1.24085053e+05])]",Success
2334,"[array([-1.48607266e+01,  1.71043274e+05]), array([ 8.48148789e+00, -9.76199850e+04])]",Success
2335,"[array([-1.09163178e+01,  1.25650607e+05]), array([ 1.07642328e+01, -1.23899600e+05])]",Success
2336,"[array([-1.08756710e+01,  1.25446036e+05]), array([ 1.07912326e+01, -1.24471694e+05])]",Success
2337,"[array([-1.09098176e+01,  1.25855774e+05]), array([ 1.07745020e+01, -1.24294431e+05])]",Success
2339,"[array([-1.57509659e+01,  1.81862924e+05]), array([ 8.18159713e+00, -9.44657673e+04])]",Success
2340,"[array([-1.08874231e+01,  1.25747784e+05]), array([ 1.07859875e+01, -1.24575955e+05])]",Success
2341,"[array([-1.10082028e+01,  1.27158814e+05]), array([ 1.06536441e+01, -1.23062830e+05])]",Success
2344,[],Success
2345,[],Success
2346,[],Success
2347,[],Success
2348,[],Success
2349,[],Success
2350,[],Success
2351,[],Success
2352,[],Success
2354,"[array([-1.74670223e+01,  2.02017632e+05]), array([ 7.74794172e+00, -8.96097607e+04])]",Success
2326,"[array([-1.09488763e+01,  1.25711840e+05]), array([ 1.07793891e+01, -1.23765496e+05])]",Success
2338,"[array([-1.47236309e+01,  1.69904730e+05]), array([ 8.51661003e+00, -9.82791429e+04])]",Success
2342,"[array([-1.09907848e+01,  1.26967886e+05]), array([ 1.06700092e+01, -1.23261839e+05])]",Success
2343,"[array([-1.51615580e+01,  1.75312457e+05]), array([ 8.37963415e+00, -9.68941817e+04])]",Success
2353,"[array([-1.51511039e+01,  1.75191600e+05]), array([ 8.36478630e+00, -9.67224516e+04])]",Success
2355,"[array([-1.08860406e+01,  1.25938384e+05]), array([ 1.07510199e+01, -1.24375940e+05])]",Success
2356,"[array([-1.56137196e+01,  1.80776530e+05]), array([ 8.20413198e+00, -9.49884106e+04])]",Success
2357,"[array([-1.08489695e+01,  1.25645264e+05]), array([ 1.07647384e+01, -1.24669337e+05])]",Success
2358,"[array([-1.60846671e+01,  1.86344140e+05]), array([ 8.07042086e+00, -9.34971644e+04])]",Success
2359,"[array([-1.08456625e+01,  1.25794049e+05]), array([ 1.07447726e+01, -1.24623411e+05])]",Success
2360,"[array([-1.08560436e+01,  1.25970403e+05]), array([ 1.07382261e+01, -1.24602977e+05])]",Success
2361,"[array([-1.08390545e+01,  1.25819953e+05]), array([ 1.07549004e+01, -1.24842669e+05])]",Success
2362,"[array([-1.51510865e+01,  1.75956697e+05]), array([ 8.32217130e+00, -9.66490107e+04])]",Success
2363,"[array([-1.08188227e+01,  1.25723353e+05]), array([ 1.07683461e+01, -1.25136353e+05])]",Success
2364,"[array([-1.08461312e+01,  1.26121834e+05]), array([ 1.07450803e+01, -1.24946482e+05])]",Success
2365,"[array([-1.09145611e+01,  1.26941571e+05]), array([ 1.06622985e+01, -1.24007219e+05])]",Success
2366,"[array([-1.08565496e+01,  1.26328470e+05]), array([ 1.07218947e+01, -1.24761264e+05])]",Success
2367,"[array([-1.08346864e+01,  1.26170097e+05]), array([ 1.07337421e+01, -1.24994220e+05])]",Success
2369,"[array([-1.44290757e+01,  1.68176895e+05]), array([ 8.55387035e+00, -9.96998244e+04])]",Success
2370,"[array([-1.08313933e+01,  1.26265104e+05]), array([ 1.07304797e+01, -1.25088341e+05])]",Success
2371,"[array([-1.68547046e+01,  1.96509903e+05]), array([ 7.83495340e+00, -9.13481747e+04])]",Success
2372,"[array([-1.08278765e+01,  1.26351524e+05]), array([ 1.07269957e+01, -1.25173994e+05])]",Success
2373,"[array([-1.08076476e+01,  1.26148693e+05]), array([ 1.07237373e+01, -1.25168857e+05])]",Success
2374,"[array([-1.08227633e+01,  1.26385695e+05]), array([ 1.07219301e+01, -1.25207809e+05])]",Success
2376,"[array([-1.50022566e+01,  1.75393492e+05]), array([ 8.34466512e+00, -9.75594121e+04])]",Success
2368,"[array([-1.08516953e+01,  1.26415877e+05]), array([ 1.07171006e+01, -1.24847549e+05])]",Success
2375,"[array([-1.08367720e+01,  1.26612198e+05]), array([ 1.07023624e+01, -1.25041473e+05])]",Success
2377,"[array([-1.07811609e+01,  1.26089334e+05]), array([ 1.07308600e+01, -1.25500626e+05])]",Success
2378,"[array([-1.08132203e+01,  1.26499847e+05]), array([ 1.06958675e+01, -1.25126561e+05])]",Success
2379,"[array([-1.07626124e+01,  1.25955038e+05]), array([ 1.07458482e+01, -1.25758425e+05])]",Success
2381,"[array([-1.53218432e+01,  1.79438148e+05]), array([ 8.22772012e+00, -9.63577762e+04])]",Success
2382,"[array([-1.55496456e+01,  1.82396021e+05]), array([ 8.14242669e+00, -9.55102762e+04])]",Success
2383,"[array([-1.08139607e+01,  1.26881653e+05]), array([ 1.06633018e+01, -1.25113532e+05])]",Success
2385,"[array([-1.06384669e+01,  1.25027910e+05]), array([ 1.08395088e+01, -1.27390295e+05])]",Success
2386,"[array([-1.09255367e+01,  1.28412200e+05]), array([ 1.05568836e+01, -1.24078973e+05])]",Success
2387,"[array([-1.52550902e+01,  1.79442755e+05]), array([ 8.21007839e+00, -9.65734743e+04])]",Success
2388,"[array([-1.0765362e+01,  1.2668696e+05]), array([ 1.06983924e+01, -1.25898518e+05])]",Success
2390,"[array([-1.07958957e+01,  1.27158340e+05]), array([ 1.06454885e+01, -1.25386403e+05])]",Success
2391,"[array([-1.07621057e+01,  1.26766564e+05]), array([ 1.0678549e+01, -1.2578193e+05])]",Success
2393,"[array([-1.0740321e+01,  1.2664523e+05]), array([ 1.06736110e+01, -1.25858152e+05])]",Success
2395,"[array([-1.07367681e+01,  1.26662281e+05]), array([ 1.06866743e+01, -1.26070900e+05])]",Success
2396,"[array([-1.07516768e+01,  1.26884588e+05]), array([ 1.06682011e+01, -1.25899077e+05])]",Success
2397,"[array([-1.07854341e+01,  1.27308224e+05]), array([ 1.06351726e+01, -1.25534160e+05])]",Success
2398,"[array([-1.50007020e+01,  1.77135754e+05]), array([ 8.27228095e+00, -9.76834006e+04])]",Success
2399,[],Success
2400,[],Success
2401,[],Success
2402,[],Success
2403,[],Success
2404,[],Success
2380,"[array([-1.08101117e+01,  1.26581102e+05]), array([ 1.06927927e+01, -1.25207161e+05])]",Success
2384,"[array([-1.07766780e+01,  1.26577252e+05]), array([ 1.06930082e+01, -1.25594088e+05])]",Success
2389,"[array([-1.07991622e+01,  1.27106323e+05]), array([ 1.06487094e+01, -1.25335110e+05])]",Success
2392,"[array([-1.07789742e+01,  1.26974736e+05]), array([ 1.0678549e+01, -1.2579140e+05])]",Success
2394,"[array([-1.07873337e+01,  1.27248186e+05]), array([ 1.06535373e+01, -1.25669573e+05])]",Success
2405,[],Success
2406,[],Success
2407,"[array([-1.49957798e+01,  1.77077681e+05]), array([ 8.27747498e+00, -9.77447934e+04])]",Success
2408,"[array([-1.07386960e+01,  1.26904192e+05]), array([ 1.06553211e+01, -1.25918453e+05])]",Success
2409,"[array([-1.07205670e+01,  1.26727011e+05]), array([ 1.07038422e+01, -1.26528968e+05])]",Success
2410,"[array([-1.07541738e+01,  1.27132905e+05]), array([ 1.06539796e+01, -1.25948057e+05])]",Success
2411,"[array([-1.50794788e+01,  1.78273093e+05]), array([ 8.23669012e+00, -9.73757519e+04])]",Success
2412,"[array([-1.07696108e+01,  1.27389309e+05]), array([ 1.06360342e+01, -1.25808984e+05])]",Success
2413,"[array([-1.08017211e+01,  1.27826432e+05]), array([ 1.05850199e+01, -1.25261595e+05])]",Success
2414,"[array([-1.07800386e+01,  1.27642431e+05]), array([ 1.05967612e+01, -1.25471855e+05])]",Success
2415,"[array([-1.07111758e+01,  1.26909519e+05]), array([ 1.06612015e+01, -1.26317023e+05])]",Success
2416,"[array([-1.48960878e+01,  1.76658175e+05]), array([ 8.27560434e+00, -9.81442451e+04])]",Success
2417,"[array([-1.06681579e+01,  1.26609646e+05]), array([ 1.07014959e+01, -1.27004957e+05])]",Success
2418,"[array([-1.56012696e+01,  1.85156006e+05]), array([ 8.05759690e+00, -9.56273279e+04])]",Success
2419,"[array([-1.06967580e+01,  1.27012668e+05]), array([ 1.06634348e+01, -1.26616685e+05])]",Success
2423,"[array([-1.06689009e+01,  1.26906189e+05]), array([ 1.06689009e+01, -1.26905923e+05])]",Success
2424,"[array([-1.09071220e+01,  1.29761925e+05]), array([ 1.04408633e+01, -1.24214514e+05])]",Success
2425,"[array([-1.08362752e+01,  1.28961931e+05]), array([ 1.05033635e+01, -1.24999592e+05])]",Success
2426,"[array([-1.07294410e+01,  1.27841446e+05]), array([ 1.05963627e+01, -1.26255436e+05])]",Success
2430,"[array([-8.99399947e+00,  1.07540808e+05]), array([ 1.30027535e+01, -1.55472902e+05])]",Success
2420,"[array([-1.07087355e+01,  1.27270850e+05]), array([ 1.06421182e+01, -1.26478891e+05])]",Success
2421,"[array([-1.07423579e+01,  1.27697890e+05]), array([ 1.06091194e+01, -1.26113661e+05])]",Success
2422,"[array([-1.48668815e+01,  1.76815066e+05]), array([ 8.26936577e+00, -9.83491531e+04])]",Success
2427,"[array([-1.46039614e+01,  1.74104145e+05]), array([ 8.33494381e+00, -9.93667720e+04])]",Success
2428,"[array([-1.07245307e+01,  1.27997410e+05]), array([ 1.05915132e+01, -1.26409505e+05])]",Success
2429,"[array([-1.07196035e+01,  1.28035399e+05]), array([ 1.05866472e+01, -1.26447022e+05])]",Success
2431,"[array([-1.4676270e+01,  1.7549902e+05]), array([ 8.31238189e+00, -9.94014672e+04])]",Success
2432,"[array([-1.06933367e+01,  1.27944012e+05]), array([ 1.05937094e+01, -1.26751645e+05])]",Success
2433,"[array([-1.52945365e+01,  1.83105344e+05]), array([ 8.10138159e+00, -9.69895688e+04])]",Success
2434,"[array([-1.06717247e+01,  1.27855380e+05]), array([ 1.05724529e+01, -1.26665566e+05])]",Success
2436,"[array([-1.06956071e+01,  1.28222923e+05]), array([ 1.05793505e+01, -1.26828857e+05])]",Success
2437,"[array([-1.53377925e+01,  1.84065186e+05]), array([ 8.05914776e+00, -9.67155740e+04])]",Success
2438,"[array([-1.06239935e+01,  1.27552660e+05]), array([ 1.06239935e+01, -1.27552355e+05])]",Success
2439,"[array([-1.07043093e+01,  1.28578597e+05]), array([ 1.05223195e+01, -1.26392257e+05])]",Success
2444,"[array([-1.48511583e+01,  1.78774710e+05]), array([ 8.20486191e+00, -9.87687546e+04])]",Success
2445,"[array([-1.06779129e+01,  1.28567442e+05]), array([ 1.05454737e+01, -1.26972466e+05])]",Success
2446,"[array([-1.06558234e+01,  1.28486745e+05]), array([ 1.05173157e+01, -1.26816124e+05])]",Success
2447,"[array([-1.48437015e+01,  1.79031776e+05]), array([ 8.16597160e+00, -9.84908113e+04])]",Success
2448,[],Success
2449,[],Success
2450,[],Success
2451,[],Success
2452,[],Success
2453,[],Success
2455,"[array([-1.48389012e+01,  1.78973884e+05]), array([ 8.18005907e+00, -9.86607925e+04])]",Success
2435,"[array([-1.54214519e+01,  1.84816945e+05]), array([ 8.04755812e+00, -9.64457979e+04])]",Success
2440,"[array([-1.06692513e+01,  1.28244783e+05]), array([ 1.05534610e+01, -1.26852597e+05])]",Success
2441,"[array([-1.07196572e+01,  1.28870787e+05]), array([ 1.05208383e+01, -1.26480263e+05])]",Success
2442,"[array([-1.06779129e+01,  1.28454290e+05]), array([ 1.05454737e+01, -1.26860680e+05])]",Success
2443,"[array([-1.06779129e+01,  1.28516768e+05]), array([ 1.05291494e+01, -1.26725905e+05])]",Success
2454,"[array([-1.06858754e+01,  1.28848981e+05]), array([ 1.05262776e+01, -1.26924247e+05])]",Success
2456,"[array([-1.06570621e+01,  1.28589153e+05]), array([ 1.05248815e+01, -1.26993832e+05])]",Success
2457,"[array([-1.06570621e+01,  1.28623064e+05]), array([ 1.05248815e+01, -1.27027323e+05])]",Success
2458,"[array([-1.06388966e+01,  1.28535967e+05]), array([ 1.05397764e+01, -1.27338161e+05])]",Success
2459,"[array([-1.46580207e+01,  1.77133861e+05]), array([ 8.21629974e+00, -9.92893030e+04])]",Success
2460,"[array([-1.06374037e+01,  1.28614315e+05]), array([ 1.05219590e+01, -1.27218081e+05])]",Success
2461,"[array([-1.06141988e+01,  1.28513000e+05]), array([ 1.05317905e+01, -1.27514808e+05])]",Success
2462,"[array([-1.42469376e+01,  1.72515297e+05]), array([ 8.36195102e+00, -1.01254041e+05])]",Success
2463,"[array([-1.06383584e+01,  1.28912235e+05]), array([ 1.05064098e+01, -1.27312982e+05])]",Success
2464,"[array([-1.06550854e+01,  1.29157629e+05]), array([ 1.04901460e+01, -1.27157907e+05])]",Success
2465,"[array([-1.06216839e+01,  1.28765459e+05]), array([ 1.05064098e+01, -1.27367584e+05])]",Success
2466,"[array([-1.32098135e+01,  1.60158964e+05]), array([ 8.77802375e+00, -1.06426552e+05])]",Success
2467,"[array([-1.23815245e+01,  1.50228809e+05]), array([ 9.21454951e+00, -1.11804503e+05])]",Success
2468,"[array([-1.72307925e+01,  2.09133981e+05]), array([ 7.54087021e+00, -9.15269540e+04])]",Success
2472,"[array([-1.52696447e+01,  1.85687745e+05]), array([ 7.99580684e+00, -9.72334354e+04])]",Success
2473,"[array([-1.06009186e+01,  1.29006143e+05]), array([ 1.04858699e+01, -1.27605656e+05])]",Success
2474,"[array([-1.05947834e+01,  1.29100101e+05]), array([ 1.04960743e+01, -1.27897078e+05])]",Success
2475,"[array([-1.05751660e+01,  1.28946588e+05]), array([ 1.04930607e+01, -1.27945030e+05])]",Success
2477,"[array([-1.06005327e+01,  1.29431307e+05]), array([ 1.04528473e+01, -1.27627666e+05])]",Success
2492,[],Success
2469,"[array([-1.05925214e+01,  1.28608567e+05]), array([ 1.05102813e+01, -1.27609594e+05])]",Success
2470,"[array([-1.06091241e+01,  1.28820240e+05]), array([ 1.05102813e+01, -1.27619634e+05])]",Success
2471,"[array([-1.06025903e+01,  1.28930641e+05]), array([ 1.05038084e+01, -1.27729044e+05])]",Success
2476,"[array([-1.49437735e+01,  1.82368377e+05]), array([ 8.08932407e+00, -9.87220914e+04])]",Success
2478,"[array([-1.05989187e+01,  1.29528293e+05]), array([ 1.04512557e+01, -1.27723300e+05])]",Success
2479,"[array([-1.05476222e+01,  1.29010420e+05]), array([ 1.05147636e+01, -1.28608176e+05])]",Success
2480,"[array([-1.05461046e+01,  1.29043172e+05]), array([ 1.04969004e+01, -1.28440759e+05])]",Success
2481,"[array([-1.48275349e+01,  1.81607177e+05]), array([ 8.08936254e+00, -9.90787100e+04])]",Success
2483,"[array([-1.05124402e+01,  1.28926560e+05]), array([ 1.04960657e+01, -1.28725318e+05])]",Success
2484,"[array([-1.43067392e+01,  1.75499846e+05]), array([ 8.25793404e+00, -1.01299652e+05])]",Success
2485,"[array([-1.05572264e+01,  1.29622878e+05]), array([ 1.04426518e+01, -1.28216039e+05])]",Success
2486,"[array([-1.53778777e+01,  1.88828354e+05]), array([ 7.92412993e+00, -9.73043741e+04])]",Success
2487,"[array([-1.05556149e+01,  1.29670289e+05]), array([ 1.04572707e+01, -1.28461839e+05])]",Success
2488,"[array([-1.05539932e+01,  1.29825022e+05]), array([ 1.04394537e+01, -1.28415724e+05])]",Success
2489,"[array([-1.05374768e+01,  1.29665243e+05]), array([ 1.04232936e+01, -1.28259738e+05])]",Success
2490,[],Success
2491,[],Success
2493,[],Success
2494,[],Success
2495,[],Success
2496,[],Success
2497,[],Success
2498,"[array([-1.05495194e+01,  1.29990297e+05]), array([ 1.04348507e+01, -1.28577172e+05])]",Success
2499,"[array([-1.52301435e+01,  1.87752226e+05]), array([ 7.92039302e+00, -9.76408068e+04])]",Success
2503,"[array([-1.03970484e+01,  1.28375049e+05]), array([ 1.05439455e+01, -1.30188400e+05])]",Success
2482,"[array([-1.05579474e+01,  1.29318335e+05]), array([ 1.04759757e+01, -1.28313928e+05])]",Success
2500,"[array([-1.65430869e+01,  2.04028562e+05]), array([ 7.58069219e+00, -9.34936307e+04])]",Success
2501,"[array([-1.05605240e+01,  1.30295876e+05]), array([ 1.03970484e+01, -1.28278533e+05])]",Success
2502,"[array([-1.04455572e+01,  1.28950337e+05]), array([ 1.04945208e+01, -1.29554369e+05])]",Success
2504,"[array([-1.04131679e+01,  1.28610567e+05]), array([ 1.05274189e+01, -1.30021384e+05])]",Success
2505,"[array([-1.05590377e+01,  1.30459449e+05]), array([ 1.03795178e+01, -1.28241245e+05])]",Success
2506,"[array([-1.05378513e+01,  1.30334626e+05]), array([ 1.04071492e+01, -1.28717731e+05])]",Success
2507,"[array([-1.51411211e+01,  1.87359831e+05]), array([ 7.92850665e+00, -9.81091234e+04])]",Success
2508,"[array([-1.05464098e+01,  1.30516888e+05]), array([ 1.03671045e+01, -1.28297594e+05])]",Success
2509,"[array([-1.06131592e+01,  1.31385985e+05]), array([ 1.03192564e+01, -1.27747266e+05])]",Success
2510,"[array([-1.05102482e+01,  1.30195079e+05]), array([ 1.03961835e+01, -1.28781841e+05])]",Success
2511,"[array([-1.05932675e+01,  1.31268574e+05]), array([ 1.03162129e+01, -1.27834980e+05])]",Success
2512,"[array([-1.05357569e+01,  1.30645244e+05]), array([ 1.03566327e+01, -1.28423655e+05])]",Success
2513,"[array([-1.05342525e+01,  1.30721219e+05]), array([ 1.03711835e+01, -1.28697368e+05])]",Success
2514,"[array([-1.49147224e+01,  1.85126440e+05]), array([ 7.98177635e+00, -9.90723323e+04])]",Success
2515,"[array([-1.05277743e+01,  1.30750270e+05]), array([ 1.03648057e+01, -1.28725894e+05])]",Success
2516,"[array([-1.04824237e+01,  1.30463076e+05]), array([ 1.03686609e+01, -1.29046778e+05])]",Success
2517,"[array([-1.46341057e+01,  1.82271513e+05]), array([ 8.04787761e+00, -1.00238204e+05])]",Success
2518,"[array([-1.04600317e+01,  1.30359108e+05]), array([ 1.03627291e+01, -1.29145966e+05])]",Success
2520,"[array([-1.04764267e+01,  1.30679552e+05]), array([ 1.03627291e+01, -1.29260942e+05])]",Success
2522,"[array([-1.04865410e+01,  1.30852997e+05]), array([ 1.03564754e+01, -1.29229635e+05])]",Success
2523,"[array([-1.04684419e+01,  1.30704618e+05]), array([ 1.03548309e+01, -1.29285699e+05])]",Success
2524,"[array([-1.04655856e+01,  1.30757168e+05]), array([ 1.03680802e+01, -1.29538630e+05])]",Success
2528,"[array([-1.04711585e+01,  1.31047068e+05]), array([ 1.03252755e+01, -1.29220915e+05])]",Success
2540,[],Success
2519,"[array([-1.04764267e+01,  1.30589763e+05]), array([ 1.03788203e+01, -1.29372747e+05])]",Success
2521,"[array([-1.04733478e+01,  1.30680624e+05]), array([ 1.03596835e+01, -1.29262041e+05])]",Success
2525,"[array([-1.44192434e+01,  1.80168365e+05]), array([ 8.09225417e+00, -1.01113072e+05])]",Success
2526,"[array([-1.04400096e+01,  1.30562846e+05]), array([ 1.03589536e+01, -1.29548738e+05])]",Success
2527,"[array([-1.04727883e+01,  1.31011910e+05]), array([ 1.03428932e+01, -1.29386615e+05])]",Success
2529,"[array([-1.37509469e+01,  1.72163261e+05]), array([ 8.31572225e+00, -1.04113467e+05])]",Success
2530,"[array([-1.46213528e+01,  1.83149938e+05]), array([ 8.02326939e+00, -1.00501775e+05])]",Success
2531,"[array([-1.04619507e+01,  1.31144410e+05]), array([ 1.03482338e+01, -1.29718702e+05])]",Success
2532,"[array([-1.04275535e+01,  1.30797433e+05]), array([ 1.03626854e+01, -1.29983459e+05])]",Success
2533,"[array([-1.04065121e+01,  1.30620625e+05]), array([ 1.03579591e+01, -1.30010776e+05])]",Success
2534,"[array([-1.04719618e+01,  1.31476745e+05]), array([ 1.03098572e+01, -1.29441199e+05])]",Success
2535,"[array([-1.03902773e+01,  1.30502055e+05]), array([ 1.03740930e+01, -1.30298397e+05])]",Success
2536,"[array([-1.36478847e+01,  1.71465629e+05]), array([ 8.33562920e+00, -1.04724959e+05])]",Success
2537,"[array([-1.04391344e+01,  1.31178187e+05]), array([ 1.03383749e+01, -1.29911807e+05])]",Success
2538,"[array([-1.47300117e+01,  1.85191260e+05]), array([ 7.95920444e+00, -1.00067572e+05])]",Success
2539,[],Success
2541,[],Success
2542,[],Success
2543,[],Success
2544,"[array([-1.04358850e+01,  1.31137331e+05]), array([ 1.03164298e+01, -1.29635982e+05])]",Success
2545,"[array([-1.47199594e+01,  1.85064906e+05]), array([ 7.96248122e+00, -1.00108767e+05])]",Success
2548,"[array([-1.04508303e+01,  1.31646751e+05]), array([ 1.02890528e+01, -1.29608535e+05])]",Success
2549,"[array([-1.04150243e+01,  1.31364049e+05]), array([ 1.03019931e+01, -1.29937972e+05])]",Success
2550,"[array([-1.04194646e+01,  1.31647892e+05]), array([ 1.02902309e+01, -1.30014671e+05])]",Success
2557,"[array([-1.47602522e+01,  1.87041233e+05]), array([ 7.88970625e+00, -9.99776561e+04])]",Success
2546,"[array([-1.04538865e+01,  1.31531267e+05]), array([ 1.02920616e+01, -1.29494839e+05])]",Success
2547,"[array([-1.04374754e+01,  1.31373536e+05]), array([ 1.03080183e+01, -1.29743718e+05])]",Success
2551,"[array([-1.43002336e+01,  1.80811020e+05]), array([ 8.07215131e+00, -1.02066404e+05])]",Success
2552,"[array([-1.03986192e+01,  1.31499999e+05]), array([ 1.02857660e+01, -1.30072448e+05])]",Success
2553,"[array([-1.04149436e+01,  1.31723734e+05]), array([ 1.02698437e+01, -1.29888117e+05])]",Success
2554,"[array([-1.04133848e+01,  1.31803180e+05]), array([ 1.02842266e+01, -1.30168070e+05])]",Success
2555,"[array([-1.54984256e+01,  1.96174590e+05]), array([ 7.68635706e+00, -9.72917793e+04])]",Success
2556,"[array([-1.03890915e+01,  1.31626950e+05]), array([ 1.02763417e+01, -1.30198020e+05])]",Success
2558,"[array([-1.04040082e+01,  1.31885516e+05]), array([ 1.02749663e+01, -1.30249347e+05])]",Success
2559,"[array([-1.03522218e+01,  1.31367685e+05]), array([ 1.03039222e+01, -1.30754389e+05])]",Success
2560,"[array([-1.03832538e+01,  1.31829881e+05]), array([ 1.02705673e+01, -1.30398825e+05])]",Success
2562,"[array([-1.03906016e+01,  1.32012740e+05]), array([ 1.02617259e+01, -1.30374993e+05])]",Success
2563,"[array([-1.03743154e+01,  1.31868052e+05]), array([ 1.02776603e+01, -1.30639355e+05])]",Success
2564,"[array([-1.03728527e+01,  1.31907366e+05]), array([ 1.02762112e+01, -1.30678074e+05])]",Success
2565,"[array([-1.54241075e+01,  1.96206582e+05]), array([ 7.69411872e+00, -9.78765525e+04])]",Success
2568,"[array([-1.03426804e+01,  1.31872660e+05]), array([ 1.02783403e+01, -1.31051921e+05])]",Success
2569,"[array([-1.03413005e+01,  1.31891627e+05]), array([ 1.02610109e+01, -1.30867355e+05])]",Success
2570,"[array([-1.03235191e+01,  1.31692975e+05]), array([ 1.02753533e+01, -1.31078123e+05])]",Success
2571,"[array([-1.03193076e+01,  1.31669393e+05]), array([ 1.02871602e+01, -1.31258828e+05])]",Success
2573,"[array([-1.03340133e+01,  1.31926248e+05]), array([ 1.02537802e+01, -1.30901631e+05])]",Success
2574,"[array([-1.03648964e+01,  1.32374651e+05]), array([ 1.02363395e+01, -1.30732416e+05])]",Success
2575,"[array([-1.03648964e+01,  1.32384532e+05]), array([ 1.02204938e+01, -1.30539860e+05])]",Success
2576,"[array([-1.04468971e+01,  1.33480458e+05]), array([ 1.01575984e+01, -1.29783737e+05])]",Success
2580,"[array([-1.03689842e+01,  1.32717014e+05]), array([ 1.02084736e+01, -1.30662420e+05])]",Success
2583,"[array([-1.03494086e+01,  1.32735691e+05]), array([ 1.02157278e+01, -1.31020821e+05])]",Success
2561,"[array([-1.43618130e+01,  1.82425141e+05]), array([ 8.02520700e+00, -1.01939323e+05])]",Success
2566,"[array([-1.03861135e+01,  1.32134045e+05]), array([ 1.02732210e+01, -1.30697505e+05])]",Success
2567,"[array([-1.03520529e+01,  1.31874901e+05]), array([ 1.02557548e+01, -1.30647697e+05])]",Success
2572,"[array([-1.45791542e+01,  1.86036723e+05]), array([ 7.89994839e+00, -1.00806994e+05])]",Success
2579,"[array([-1.03605274e+01,  1.32490584e+05]), array([ 1.02161857e+01, -1.30644359e+05])]",Success
2581,"[array([-1.51230256e+01,  1.93630871e+05]), array([ 7.72088897e+00, -9.88557088e+04])]",Success
2582,"[array([-1.03510819e+01,  1.32538543e+05]), array([ 1.02226964e+01, -1.30894275e+05])]",Success
2584,"[array([-1.03494086e+01,  1.32772755e+05]), array([ 1.01973716e+01, -1.30821851e+05])]",Success
2585,"[array([-1.03631474e+01,  1.32980627e+05]), array([ 1.01963564e+01, -1.30839985e+05])]",Success
2586,[],Success
2587,"[array([-1.03592696e+01,  1.32941430e+05]), array([ 1.01951037e+01, -1.30834293e+05])]",Success
2588,[],Success
2589,[],Success
2590,[],Success
2591,[],Success
2592,[],Success
2593,"[array([-1.03617481e+01,  1.32893889e+05]), array([ 1.01944810e+01, -1.30748226e+05])]",Success
2594,"[array([-1.03282306e+01,  1.32501104e+05]), array([ 1.02049389e+01, -1.30918975e+05])]",Success
2595,"[array([-1.03408269e+01,  1.32694311e+05]), array([ 1.02049389e+01, -1.30950187e+05])]",Success
2596,"[array([-1.35995570e+01,  1.74519718e+05]), array([ 8.20721395e+00, -1.05322339e+05])]",Success
2597,"[array([-1.03685113e+01,  1.33059982e+05]), array([ 1.01733935e+01, -1.30555609e+05])]",Success
2598,"[array([-1.03656466e+01,  1.33037457e+05]), array([ 1.01733935e+01, -1.30569577e+05])]",Success
2603,"[array([-1.03257509e+01,  1.32851253e+05]), array([ 1.01976795e+01, -1.31203107e+05])]",Success
2605,"[array([-1.03403674e+01,  1.33096059e+05]), array([ 1.01802998e+01, -1.31035408e+05])]",Success
2606,"[array([-1.03227645e+01,  1.32953676e+05]), array([ 1.01789489e+01, -1.31100961e+05])]",Success
2577,"[array([-1.03148705e+01,  1.31884206e+05]), array([ 1.02667452e+01, -1.31268538e+05])]",Success
2578,"[array([-1.46985656e+01,  1.87962868e+05]), array([ 7.86609766e+00, -1.00592292e+05])]",Success
2599,"[array([-1.60085430e+01,  2.05561372e+05]), array([ 7.48522318e+00, -9.61174370e+04])]",Success
2600,"[array([-1.03127134e+01,  1.32442920e+05]), array([ 1.02325213e+01, -1.31412699e+05])]",Success
2601,"[array([-1.02950135e+01,  1.32331466e+05]), array([ 1.02309699e+01, -1.31507835e+05])]",Success
2602,"[array([-1.03273369e+01,  1.32789698e+05]), array([ 1.01992459e+01, -1.31142315e+05])]",Success
2604,"[array([-1.03095663e+01,  1.32670972e+05]), array([ 1.01976795e+01, -1.31230940e+05])]",Success
2607,"[array([-1.03213641e+01,  1.33001271e+05]), array([ 1.01775680e+01, -1.31147893e+05])]",Success
2608,"[array([-1.42309717e+01,  1.83405036e+05]), array([ 7.96934414e+00, -1.02706868e+05])]",Success
2609,"[array([-1.02874800e+01,  1.32636664e+05]), array([ 1.02076083e+01, -1.31606455e+05])]",Success
2610,"[array([-1.43471414e+01,  1.85058077e+05]), array([ 7.90732942e+00, -1.01994163e+05])]",Success
2611,"[array([-1.03139794e+01,  1.33075326e+05]), array([ 1.01860540e+01, -1.31424438e+05])]",Success
2613,"[array([-1.02920412e+01,  1.32893980e+05]), array([ 1.01961526e+01, -1.31655876e+05])]",Success
2614,"[array([-1.55232205e+01,  2.00447855e+05]), array([ 7.58235826e+00, -9.79114212e+04])]",Success
2615,"[array([-1.07436670e+01,  1.38749274e+05]), array([ 9.78298143e+00, -1.26342119e+05])]",Success
2616,"[array([-1.02889977e+01,  1.32983510e+05]), array([ 1.01773342e+01, -1.31539858e+05])]",Success
2617,"[array([-1.03051500e+01,  1.33218532e+05]), array([ 1.01773342e+01, -1.31565868e+05])]",Success
2618,"[array([-1.02874659e+01,  1.33059200e+05]), array([ 1.01600669e+01, -1.31410985e+05])]",Success
2619,"[array([-1.57752063e+01,  2.04043886e+05]), array([ 7.50856503e+00, -9.71192692e+04])]",Success
2620,"[array([-1.02959644e+01,  1.33299028e+05]), array([ 1.01525222e+01, -1.31441577e+05])]",Success
2621,"[array([-1.52751252e+01,  1.97908338e+05]), array([ 7.61095087e+00, -9.86092781e+04])]",Success
2624,"[array([-1.02974643e+01,  1.33666385e+05]), array([ 1.01380609e+01, -1.31596905e+05])]",Success
2625,"[array([-1.49524825e+01,  1.94137563e+05]), array([ 7.69587229e+00, -9.99202025e+04])]",Success
2626,"[array([-9.73133331e+00,  1.26365201e+05]), array([ 1.07363727e+01, -1.39415629e+05])]",Success
2630,"[array([-1.02693032e+01,  1.33614698e+05]), array([ 1.01262324e+01, -1.31752774e+05])]",Success
2622,"[array([-1.50578554e+01,  1.95330702e+05]), array([ 7.66998490e+00, -9.94948446e+04])]",Success
2623,"[array([-1.02651839e+01,  1.33210867e+05]), array([ 1.01695455e+01, -1.31969393e+05])]",Success
2627,"[array([-1.08790487e+01,  1.41269648e+05]), array([ 9.61701515e+00, -1.24881177e+05])]",Success
2628,"[array([-1.02622278e+01,  1.33383532e+05]), array([ 1.01351414e+01, -1.31731264e+05])]",Success
2629,"[array([-1.02561580e+01,  1.33411917e+05]), array([ 1.01448509e+01, -1.31963616e+05])]",Success
2631,"[array([-1.45022779e+01,  1.88752606e+05]), array([ 7.8142501e+00, -1.0170513e+05])]",Success
2632,"[array([-1.02473104e+01,  1.33515671e+05]), array([ 1.01360993e+01, -1.32066243e+05])]",Success
2634,"[array([-1.31245148e+01,  1.71187668e+05]), array([ 8.29442684e+00, -1.08187090e+05])]",Success
2635,"[array([-1.02445272e+01,  1.33629968e+05]), array([ 1.01333463e+01, -1.32179338e+05])]",Success
2638,"[array([-1.02310075e+01,  1.33708116e+05]), array([ 1.01356876e+01, -1.32462084e+05])]",Success
2639,"[array([-1.02310075e+01,  1.33729689e+05]), array([ 1.01199733e+01, -1.32277939e+05])]",Success
2640,"[array([-1.55413876e+01,  2.03157316e+05]), array([ 7.49412491e+00, -9.79632681e+04])]",Success
2641,"[array([-1.02615364e+01,  1.34153340e+05]), array([ 1.00870744e+01, -1.31872107e+05])]",Success
2642,"[array([-1.02276448e+01,  1.33785440e+05]), array([ 1.01166471e+01, -1.32333123e+05])]",Success
2643,"[array([-1.02437008e+01,  1.34045136e+05]), array([ 1.01001901e+01, -1.32166826e+05])]",Success
2644,"[array([-1.52458818e+01,  1.99519059e+05]), array([ 7.56547156e+00, -9.90074379e+04])]",Success
2645,"[array([-1.02257511e+01,  1.33851361e+05]), array([ 1.00950058e+01, -1.32139527e+05])]",Success
2646,"[array([-1.02862657e+01,  1.34698739e+05]), array([ 1.00923532e+01, -1.32159226e+05])]",Success
2647,[],Success
2648,[],Success
2649,[],Success
2650,[],Success
2651,[],Success
2652,[],Success
2653,[],Success
2612,"[array([-1.03081982e+01,  1.33095796e+05]), array([ 1.01803446e+01, -1.31444617e+05])]",Success
2633,"[array([-1.02459288e+01,  1.33599743e+05]), array([ 1.01347326e+01, -1.32149442e+05])]",Success
2636,"[array([-1.48821912e+01,  1.94244435e+05]), array([ 7.69526729e+00, -1.00442342e+05])]",Success
2637,"[array([-3.26664096e+01,  4.26435353e+05]), array([ 5.84372266e+00, -7.62851565e+04])]",Success
2654,[],Success
2655,[],Success
2656,[],Success
2657,[],Success
2658,"[array([-1.02271521e+01,  1.33828644e+05]), array([ 1.00969873e+01, -1.32124901e+05])]",Success
2659,"[array([-1.53127810e+01,  2.00394354e+05]), array([ 7.56130352e+00, -9.89528771e+04])]",Success
2660,"[array([-1.02245215e+01,  1.33835226e+05]), array([ 1.01207369e+01, -1.32476452e+05])]",Success
2661,"[array([-1.02650511e+01,  1.34421039e+05]), array([ 1.00582632e+01, -1.31712694e+05])]",Success
2662,"[array([-1.02307431e+01,  1.34028884e+05]), array([ 1.01195393e+01, -1.32571748e+05])]",Success
2663,"[array([-1.51206110e+01,  1.98112937e+05]), array([ 7.58670934e+00, -9.94021708e+04])]",Success
2664,"[array([-1.02468291e+01,  1.34284865e+05]), array([ 1.00882095e+01, -1.32205774e+05])]",Success
2665,"[array([-1.02120720e+01,  1.33911106e+05]), array([ 1.01012433e+01, -1.32457387e+05])]",Success
2666,"[array([-1.02281035e+01,  1.34171422e+05]), array([ 1.00856067e+01, -1.32301780e+05])]",Success
2667,"[array([-1.02267295e+01,  1.34265012e+05]), array([ 1.00842519e+01, -1.32394103e+05])]",Success
2668,"[array([-1.01947210e+01,  1.33877285e+05]), array([ 1.00998864e+01, -1.32631454e+05])]",Success
2669,"[array([-1.02253357e+01,  1.34308436e+05]), array([ 1.00828774e+01, -1.32436884e+05])]",Success
2673,"[array([-1.02209163e+01,  1.34594378e+05]), array([ 1.00626978e+01, -1.32510495e+05])]",Success
2674,"[array([-1.44777345e+01,  1.90707614e+05]), array([ 7.74791750e+00, -1.02059333e+05])]",Success
2677,"[array([-1.01655940e+01,  1.34166442e+05]), array([ 1.00866686e+01, -1.33124356e+05])]",Success
2678,"[array([-1.42121047e+01,  1.87632185e+05]), array([ 7.82521912e+00, -1.03311165e+05])]",Success
2680,"[array([-1.01901416e+01,  1.34719729e+05]), array([ 1.00637522e+01, -1.33048446e+05])]",Success
2670,"[array([-1.02313575e+01,  1.34527826e+05]), array([ 1.00729774e+01, -1.32445049e+05])]",Success
2671,"[array([-1.44603186e+01,  1.90225031e+05]), array([ 7.75583240e+00, -1.02027742e+05])]",Success
2672,"[array([-1.02077894e+01,  1.34359674e+05]), array([ 1.00811812e+01, -1.32692818e+05])]",Success
2675,"[array([-1.01352335e+01,  1.33635681e+05]), array([ 1.01352335e+01, -1.33635299e+05])]",Success
2676,"[array([-1.01988770e+01,  1.34508467e+05]), array([ 1.00567874e+01, -1.32634166e+05])]",Success
2679,"[array([-1.01945985e+01,  1.34602711e+05]), array([ 1.00681538e+01, -1.32932879e+05])]",Success
2681,"[array([-1.01714271e+01,  1.34544267e+05]), array([ 1.00454652e+01, -1.32877623e+05])]",Success
2682,"[array([-1.39857123e+01,  1.85005976e+05]), array([ 7.88501883e+00, -1.04305647e+05])]",Success
2683,"[array([-1.01844880e+01,  1.34820454e+05]), array([ 1.00425988e+01, -1.32941769e+05])]",Success
2685,"[array([-1.01297233e+01,  1.34226899e+05]), array([ 1.00824617e+01, -1.33600225e+05])]",Success
2686,"[array([-1.01555413e+01,  1.34618874e+05]), array([ 1.00609245e+01, -1.33364320e+05])]",Success
2687,"[array([-1.01699785e+01,  1.34863197e+05]), array([ 1.00438392e+01, -1.33190096e+05])]",Success
2689,"[array([-1.01655631e+01,  1.34928148e+05]), array([ 1.00394786e+01, -1.33254317e+05])]",Success
2690,"[array([-1.01800061e+01,  1.35187412e+05]), array([ 1.00224208e+01, -1.33094350e+05])]",Success
2691,"[array([-1.52679715e+01,  2.02839027e+05]), array([ 7.46668964e+00, -9.91968078e+04])]",Success
2693,"[array([-1.01566731e+01,  1.35083923e+05]), array([ 1.00306988e+01, -1.33408085e+05])]",Success
2694,"[array([-1.01380798e+01,  1.34897153e+05]), array([ 1.00280542e+01, -1.33432809e+05])]",Success
2695,"[array([-1.01380798e+01,  1.34938036e+05]), array([ 1.00280542e+01, -1.33473172e+05])]",Success
2698,"[array([-1.01656932e+01,  1.35466549e+05]), array([ 1.00083295e+01, -1.33369203e+05])]",Success
2707,[],Success
2708,[],Success
2709,[],Success
2710,[],Success
2711,[],Success
2712,[],Success
2684,"[array([-1.47677059e+01,  1.95680013e+05]), array([ 7.63606937e+00, -1.01185111e+05])]",Success
2688,"[array([-1.63984543e+01,  2.17504152e+05]), array([ 7.21312858e+00, -9.56729022e+04])]",Success
2692,"[array([-1.01308606e+01,  1.34595949e+05]), array([ 1.00522048e+01, -1.33550643e+05])]",Success
2696,"[array([-1.48629445e+01,  1.98012061e+05]), array([ 7.57070360e+00, -1.00862019e+05])]",Success
2697,"[array([-1.01021576e+01,  1.34600646e+05]), array([ 1.00550247e+01, -1.33972228e+05])]",Success
2699,"[array([-1.01497345e+01,  1.35283570e+05]), array([ 1.00238463e+01, -1.33605369e+05])]",Success
2700,"[array([-1.01482211e+01,  1.35357057e+05]), array([ 1.00068372e+01, -1.33470896e+05])]",Success
2701,"[array([-1.01323148e+01,  1.35177416e+05]), array([ 1.00068372e+01, -1.33502970e+05])]",Success
2702,"[array([-1.0146688e+01,  1.3541444e+05]), array([ 1.00053255e+01, -1.33527518e+05])]",Success
2703,"[array([-1.01240630e+01,  1.35217044e+05]), array([ 1.00257142e+01, -1.33903162e+05])]",Success
2704,"[array([-1.01519520e+01,  1.35624072e+05]), array([ 1.00229035e+01, -1.33899831e+05])]",Success
2705,[],Success
2706,[],Success
2713,[],Success
2714,[],Success
2715,[],Success
2716,"[array([-1.01228744e+01,  1.35201133e+05]), array([ 1.00177671e+01, -1.33796994e+05])]",Success
2717,"[array([-1.01441201e+01,  1.35519482e+05]), array([ 1.00022357e+01, -1.33623652e+05])]",Success
2718,"[array([-1.01437767e+01,  1.35563955e+05]), array([ 9.97131685e+00, -1.33258702e+05])]",Success
2720,"[array([-1.00948413e+01,  1.34968211e+05]), array([ 1.00164652e+01, -1.33919863e+05])]",Success
2722,"[array([-1.01265363e+01,  1.35482204e+05]), array([ 9.98545448e+00, -1.33594300e+05])]",Success
2723,"[array([-1.01411104e+01,  1.35730940e+05]), array([ 9.98412729e+00, -1.33629577e+05])]",Success
2724,"[array([-1.01335434e+01,  1.35851232e+05]), array([ 9.97667740e+00, -1.33747893e+05])]",Success
2726,"[array([-1.46418997e+01,  1.96418511e+05]), array([ 7.58826368e+00, -1.01795381e+05])]",Success
2732,"[array([-1.49957742e+01,  2.01742168e+05]), array([ 7.47176207e+00, -1.00519315e+05])]",Success
2719,"[array([-1.49319528e+01,  1.99572818e+05]), array([ 7.52695869e+00, -1.00602538e+05])]",Success
2721,"[array([-1.01106639e+01,  1.35224786e+05]), array([ 1.00320429e+01, -1.34172970e+05])]",Success
2725,"[array([-1.01150569e+01,  1.35679508e+05]), array([ 9.97413502e+00, -1.33788816e+05])]",Success
2727,"[array([-1.00820593e+01,  1.35252113e+05]), array([ 1.00037824e+01, -1.34201598e+05])]",Success
2728,"[array([-1.00647902e+01,  1.35091427e+05]), array([ 1.00178316e+01, -1.34460719e+05])]",Success
2729,"[array([-1.00950014e+01,  1.35567940e+05]), array([ 9.98544320e+00, -1.34096353e+05])]",Success
2730,"[array([-1.01573241e+01,  1.36454794e+05]), array([ 9.93787573e+00, -1.33506357e+05])]",Success
2731,"[array([-1.48703635e+01,  1.99800885e+05]), array([ 7.52204134e+00, -1.01068089e+05])]",Success
2733,"[array([-1.00662812e+01,  1.35442027e+05]), array([ 1.00036605e+01, -1.34599198e+05])]",Success
2734,"[array([-1.00950304e+01,  1.35862615e+05]), array([ 9.96982075e+00, -1.34177119e+05])]",Success
2735,"[array([-1.00950304e+01,  1.35908176e+05]), array([ 9.96982075e+00, -1.34222190e+05])]",Success
2736,"[array([-1.01910212e+01,  1.37217819e+05]), array([ 9.86278279e+00, -1.32797811e+05])]",Success
2737,"[array([-1.00934828e+01,  1.35975496e+05]), array([ 9.96829234e+00, -1.34288637e+05])]",Success
2738,"[array([-1.00906292e+01,  1.35984836e+05]), array([ 9.95004770e+00, -1.34089891e+05])]",Success
2740,"[array([-1.37799426e+01,  1.85978883e+05]), array([ 7.83104053e+00, -1.05690190e+05])]",Success
2741,"[array([-1.43336010e+01,  1.93511524e+05]), array([ 7.63549731e+00, -1.03083587e+05])]",Success
2742,"[array([-1.00950788e+01,  1.36334182e+05]), array([ 9.93880819e+00, -1.34223405e+05])]",Success
2743,"[array([-1.41401764e+01,  1.91032076e+05]), array([ 7.69741017e+00, -1.03990834e+05])]",Success
2744,"[array([-9.89158718e+00,  1.33670320e+05]), array([ 1.01256153e+01, -1.36832517e+05])]",Success
2746,"[array([-1.00924390e+01,  1.36423393e+05]), array([ 9.92085194e+00, -1.34103869e+05])]",Success
2747,"[array([-1.01516353e+01,  1.37286753e+05]), array([ 9.85535103e+00, -1.33279504e+05])]",Success
2748,"[array([-1.01343370e+01,  1.37105654e+05]), array([ 9.86928508e+00, -1.33519473e+05])]",Success
2749,"[array([-1.00549143e+01,  1.36065301e+05]), array([ 9.94579117e+00, -1.34588203e+05])]",Success
2752,"[array([-1.00940839e+01,  1.36781116e+05]), array([ 9.90686747e+00, -1.34243953e+05])]",Success
2766,[],Success
2739,"[array([-1.00864719e+01,  1.36070571e+05]), array([ 9.94594832e+00, -1.34174508e+05])]",Success
2745,"[array([-1.46883094e+01,  1.98508326e+05]), array([ 7.53379249e+00, -1.01817307e+05])]",Success
2750,"[array([-1.43778016e+01,  1.94700202e+05]), array([ 7.59774821e+00, -1.02886756e+05])]",Success
2751,"[array([-1.0063720e+01,  1.3628405e+05]), array([ 9.93889870e+00, -1.34593326e+05])]",Success
2753,"[array([-1.00623913e+01,  1.36382542e+05]), array([ 9.93758644e+00, -1.34690824e+05])]",Success
2754,"[array([-1.46972863e+01,  1.99301635e+05]), array([ 7.49475652e+00, -1.01632904e+05])]",Success
2756,"[array([-1.00495521e+01,  1.36519068e+05]), array([ 9.92490654e+00, -1.34825467e+05])]",Success
2757,"[array([-1.00653533e+01,  1.36740495e+05]), array([ 9.90954291e+00, -1.34623428e+05])]",Success
2759,"[array([-1.00309761e+01,  1.36413725e+05]), array([ 9.93751984e+00, -1.35142448e+05])]",Success
2760,"[array([-1.00294451e+01,  1.36454982e+05]), array([ 9.92059846e+00, -1.34973693e+05])]",Success
2761,"[array([-1.00294451e+01,  1.36511873e+05]), array([ 9.92059846e+00, -1.35029966e+05])]",Success
2762,"[array([-1.43470538e+01,  1.95279136e+05]), array([ 7.59049348e+00, -1.03315186e+05])]",Success
2763,"[array([-1.00419451e+01,  1.36801471e+05]), array([ 9.92705248e+00, -1.35236187e+05])]",Success
2764,"[array([-1.43416011e+01,  1.95379763e+05]), array([ 7.57398912e+00, -1.03182332e+05])]",Success
2765,"[array([-1.00369333e+01,  1.36763425e+05]), array([ 9.92458265e+00, -1.35232266e+05])]",Success
2767,[],Success
2768,[],Success
2769,[],Success
2770,[],Success
2771,[],Success
2772,[],Success
2773,[],Success
2774,[],Success
2775,"[array([-1.00232285e+01,  1.36546542e+05]), array([ 9.89188790e+00, -1.34757029e+05])]",Success
2778,"[array([-1.00294974e+01,  1.36721693e+05]), array([ 9.90510054e+00, -1.35025541e+05])]",Success
2755,"[array([-1.00567209e+01,  1.36388919e+05]), array([ 9.91661178e+00, -1.34488344e+05])]",Success
2758,"[array([-1.00467234e+01,  1.36544018e+05]), array([ 9.92211283e+00, -1.34850069e+05])]",Success
2776,"[array([-1.43371295e+01,  1.95318854e+05]), array([ 7.58926317e+00, -1.03390515e+05])]",Success
2777,"[array([-1.00004008e+01,  1.36265779e+05]), array([ 9.92162713e+00, -1.35191989e+05])]",Success
2779,"[array([-1.00769556e+01,  1.37375392e+05]), array([ 9.84405216e+00, -1.34199926e+05])]",Success
2780,"[array([-1.00440233e+01,  1.36969433e+05]), array([ 9.88854303e+00, -1.34848785e+05])]",Success
2781,"[array([-1.38851686e+01,  1.89391009e+05]), array([ 7.72331021e+00, -1.05345095e+05])]",Success
2782,"[array([-1.00744125e+01,  1.37435279e+05]), array([ 9.85675547e+00, -1.34465659e+05])]",Success
2783,"[array([-1.56527880e+01,  2.13579782e+05]), array([ 7.24074549e+00, -9.87991267e+04])]",Success
2784,"[array([-1.00241502e+01,  1.36854885e+05]), array([ 9.88449489e+00, -1.34947818e+05])]",Success
2785,"[array([-1.42827990e+01,  1.95131037e+05]), array([ 7.58243603e+00, -1.03590636e+05])]",Success
2786,"[array([-1.47407663e+01,  2.01426661e+05]), array([ 7.45648575e+00, -1.01889844e+05])]",Success
2787,"[array([-1.00357733e+01,  1.37150882e+05]), array([ 9.88042075e+00, -1.35027538e+05])]",Success
2788,"[array([-1.01459444e+01,  1.38681001e+05]), array([ 9.77304597e+00, -1.33583660e+05])]",Success
2789,"[array([-1.00157114e+01,  1.36978294e+05]), array([ 9.87617366e+00, -1.35069622e+05])]",Success
2790,"[array([-1.00459372e+01,  1.37478825e+05]), array([ 9.84439831e+00, -1.34720382e+05])]",Success
2791,"[array([-1.46291734e+01,  2.00206352e+05]), array([ 7.47751420e+00, -1.02333322e+05])]",Success
2792,"[array([-1.00100935e+01,  1.37089018e+05]), array([ 9.88593727e+00, -1.35388310e+05])]",Success
2793,"[array([-9.98906025e+00,  1.36858546e+05]), array([ 9.88065185e+00, -1.35372802e+05])]",Success
2794,"[array([-9.97198501e+00,  1.36727976e+05]), array([ 9.90995089e+00, -1.35877033e+05])]",Success
2796,"[array([-1.00003665e+01,  1.37167093e+05]), array([ 9.86104247e+00, -1.35255715e+05])]",Success
2797,"[array([-1.45771932e+01,  1.99998386e+05]), array([ 7.46803451e+00, -1.02461658e+05])]",Success
2799,"[array([-9.96348321e+00,  1.36773689e+05]), array([ 9.90150198e+00, -1.35922462e+05])]",Success
2803,"[array([-1.00033884e+01,  1.37594086e+05]), array([ 9.83331530e+00, -1.35254355e+05])]",Success
2805,"[array([-9.70778068e+00,  1.33717425e+05]), array([ 1.01413020e+01, -1.39688545e+05])]",Success
2795,"[array([-9.97198501e+00,  1.36744151e+05]), array([ 9.89456276e+00, -1.35682014e+05])]",Success
2798,"[array([-1.00318637e+01,  1.37648169e+05]), array([ 9.83060715e+00, -1.34886291e+05])]",Success
2800,"[array([-1.00104808e+01,  1.37449799e+05]), array([ 9.84028713e+00, -1.35112560e+05])]",Success
2801,"[array([-1.44966671e+01,  1.99282936e+05]), array([ 7.47830416e+00, -1.02802496e+05])]",Success
2802,"[array([-9.98768446e+00,  1.37324720e+05]), array([ 9.87912267e+00, -1.35831721e+05])]",Success
2804,"[array([-9.95363877e+00,  1.37036570e+05]), array([ 9.89171878e+00, -1.36183746e+05])]",Success
2806,"[array([-1.06331043e+01,  1.46465091e+05]), array([ 9.28262240e+00, -1.27862596e+05])]",Success
2807,"[array([-9.94955254e+00,  1.37125523e+05]), array([ 9.87230446e+00, -1.36060464e+05])]",Success
2808,"[array([-9.99648439e+00,  1.37794282e+05]), array([ 9.84174005e+00, -1.35660941e+05])]",Success
2809,"[array([-9.94823070e+00,  1.37173241e+05]), array([ 9.85568902e+00, -1.35896788e+05])]",Success
2810,"[array([-1.00108967e+01,  1.38071484e+05]), array([ 9.81006083e+00, -1.35301189e+05])]",Success
2811,"[array([-1.34076092e+01,  1.84968411e+05]), array([ 7.81698247e+00, -1.07842495e+05])]",Success
2812,"[array([-9.97388803e+00,  1.37605415e+05]), array([ 9.83493293e+00, -1.35687930e+05])]",Success
2813,"[array([-1.50157351e+01,  2.07282585e+05]), array([ 7.31757598e+00, -1.01015492e+05])]",Success
2815,"[array([-9.99971323e+00,  1.38082892e+05]), array([ 9.81424714e+00, -1.35521509e+05])]",Success
2816,"[array([-1.57542596e+01,  2.17630735e+05]), array([ 7.14169471e+00, -9.86562842e+04])]",Success
2817,"[array([-9.96407353e+00,  1.37666883e+05]), array([ 9.84048812e+00, -1.35959046e+05])]",Success
2818,"[array([-9.99397220e+00,  1.38104174e+05]), array([ 9.80861259e+00, -1.35542358e+05])]",Success
2819,"[array([-9.97825841e+00,  1.37919456e+05]), array([ 9.80861259e+00, -1.35574193e+05])]",Success
2820,"[array([-1.49651208e+01,  2.06947663e+05]), array([ 7.33550431e+00, -1.01440000e+05])]",Success
2822,"[array([-9.94142875e+00,  1.37589525e+05]), array([ 9.84880675e+00, -1.36307293e+05])]",Success
2823,"[array([-9.95552819e+00,  1.37827525e+05]), array([ 9.81682888e+00, -1.35906908e+05])]",Success
2833,[],Success
2834,[],Success
2835,[],Success
2814,"[array([-9.96831695e+00,  1.37640321e+05]), array([ 9.82943947e+00, -1.35722274e+05])]",Success
2821,"[array([-1.49238389e+01,  2.06522073e+05]), array([ 7.32405490e+00, -1.01353389e+05])]",Success
2824,"[array([-9.96990979e+00,  1.38083608e+05]), array([ 9.81557682e+00, -1.35945751e+05])]",Success
2825,"[array([-9.95148303e+00,  1.37927738e+05]), array([ 9.82805379e+00, -1.36216627e+05])]",Success
2826,"[array([-9.94870917e+00,  1.37961839e+05]), array([ 9.79494242e+00, -1.35829048e+05])]",Success
2827,"[array([-1.46021377e+01,  2.02496431e+05]), array([ 7.40342026e+00, -1.02667422e+05])]",Success
2828,"[array([-9.93311559e+00,  1.37818652e+05]), array([ 9.82531433e+00, -1.36322564e+05])]",Success
2829,"[array([-1.43635823e+01,  1.99447747e+05]), array([ 7.47631973e+00, -1.03813401e+05])]",Success
2830,"[array([-9.88196535e+00,  1.37257408e+05]), array([ 9.86093768e+00, -1.36964989e+05])]",Success
2831,"[array([-1.00050451e+01,  1.38989980e+05]), array([ 9.73957229e+00, -1.35301623e+05])]",Success
2832,"[array([-1.00330505e+01,  1.39414196e+05]), array([ 9.7672154e+00, -1.3572010e+05])]",Success
2836,"[array([-1.43289480e+01,  1.98966917e+05]), array([ 7.46494261e+00, -1.03655350e+05])]",Success
2837,"[array([-9.89450801e+00,  1.37431578e+05]), array([ 9.85654985e+00, -1.36904039e+05])]",Success
2838,"[array([-9.98814689e+00,  1.38755274e+05]), array([ 9.7342894e+00, -1.3522824e+05])]",Success
2839,"[array([-9.99675268e+00,  1.38909965e+05]), array([ 9.74928830e+00, -1.35470948e+05])]",Success
2840,"[array([-9.94621264e+00,  1.38274790e+05]), array([ 9.80742828e+00, -1.36345074e+05])]",Success
2841,"[array([-1.45420488e+01,  2.02182538e+05]), array([ 7.41593346e+00, -1.03106688e+05])]",Success
2842,"[array([-9.92657386e+00,  1.38159746e+05]), array([ 9.78827794e+00, -1.36234462e+05])]",Success
2843,"[array([-1.47029607e+01,  2.04682691e+05]), array([ 7.36003853e+00, -1.02460214e+05])]",Success
2844,"[array([-9.92381386e+00,  1.38231756e+05]), array([ 9.80072780e+00, -1.36516874e+05])]",Success
2845,"[array([-9.89126055e+00,  1.37864086e+05]), array([ 9.81446505e+00, -1.36793292e+05])]",Success
2850,"[array([-1.40654346e+01,  1.96428426e+05]), array([ 7.50936993e+00, -1.04871126e+05])]",Success
2851,"[array([-9.92687867e+00,  1.38707254e+05]), array([ 9.75810639e+00, -1.36348598e+05])]",Success
2854,"[array([-9.87079755e+00,  1.38080299e+05]), array([ 9.80939290e+00, -1.37220943e+05])]",Success
2855,"[array([-9.91735792e+00,  1.38766770e+05]), array([ 9.76383844e+00, -1.36618337e+05])]",Success
2846,"[array([-9.93536244e+00,  1.38537554e+05]), array([ 9.76644593e+00, -1.36181859e+05])]",Success
2847,"[array([-9.87180646e+00,  1.37702045e+05]), array([ 9.82574827e+00, -1.37059157e+05])]",Success
2848,"[array([-9.90000149e+00,  1.38170326e+05]), array([ 9.79255961e+00, -1.36670459e+05])]",Success
2849,"[array([-9.94677315e+00,  1.38874464e+05]), array([ 9.74722369e+00, -1.36087984e+05])]",Success
2852,"[array([-9.89450393e+00,  1.38330896e+05]), array([ 9.78712171e+00, -1.36829210e+05])]",Success
2853,"[array([-1.44068509e+01,  2.01444062e+05]), array([ 7.41504195e+00, -1.03681436e+05])]",Success
2856,"[array([-1.43677440e+01,  2.01077981e+05]), array([ 7.42925752e+00, -1.03972941e+05])]",Success
2857,"[array([-9.91607099e+00,  1.38790036e+05]), array([ 9.76257144e+00, -1.36641243e+05])]",Success
2858,"[array([-9.90050416e+00,  1.38592728e+05]), array([ 9.76257144e+00, -1.36661412e+05])]",Success
2859,"[array([-1.44979797e+01,  2.02995712e+05]), array([ 7.37616509e+00, -1.03278588e+05])]",Success
2860,"[array([-9.89755246e+00,  1.38618483e+05]), array([ 9.77479212e+00, -1.36898805e+05])]",Success
2861,"[array([-9.91311465e+00,  1.38863505e+05]), array([ 9.74457638e+00, -1.36502192e+05])]",Success
2862,"[array([-1.46281692e+01,  2.04930495e+05]), array([ 7.33109409e+00, -1.02703177e+05])]",Success
2863,"[array([-9.87656135e+00,  1.38479750e+05]), array([ 9.76937386e+00, -1.36976449e+05])]",Success
2864,"[array([-1.39351827e+01,  1.95583387e+05]), array([ 7.52533165e+00, -1.05619716e+05])]",Success
2865,"[array([-9.87129538e+00,  1.38555719e+05]), array([ 9.77932679e+00, -1.37264485e+05])]",Success
2866,"[array([-9.86984026e+00,  1.38617511e+05]), array([ 9.77788523e+00, -1.37325664e+05])]",Success
2867,"[array([-9.85439450e+00,  1.38431669e+05]), array([ 9.77788523e+00, -1.37356468e+05])]",Success
2871,"[array([-9.86016462e+00,  1.38732206e+05]), array([ 9.76829973e+00, -1.37439404e+05])]",Success
2872,"[array([-9.95223100e+00,  1.40062362e+05]), array([ 9.67663076e+00, -1.36183373e+05])]",Success
2873,"[array([-1.32330494e+01,  1.86466204e+05]), array([ 7.74100794e+00, -1.09078306e+05])]",Success
2874,"[array([-9.83677378e+00,  1.38619966e+05]), array([ 9.77558078e+00, -1.37757292e+05])]",Success
2876,"[array([-9.83260839e+00,  1.38591395e+05]), array([ 9.77144131e+00, -1.37728860e+05])]",Success
2888,[],Success
2890,[],Success
2868,"[array([-9.85182235e+00,  1.38470474e+05]), array([ 9.77533304e+00, -1.37395048e+05])]",Success
2869,"[array([-1.43056319e+01,  2.01088183e+05]), array([ 7.41399061e+00, -1.04216826e+05])]",Success
2870,"[array([-9.89265781e+00,  1.39145820e+05]), array([ 9.73952069e+00, -1.36991520e+05])]",Success
2875,"[array([-1.52916626e+01,  2.15533598e+05]), array([ 7.1419015e+00, -1.0066458e+05])]",Success
2877,"[array([-9.84802000e+00,  1.38880981e+05]), array([ 9.75626826e+00, -1.37586679e+05])]",Success
2878,"[array([-9.83260839e+00,  1.38679434e+05]), array([ 9.75626826e+00, -1.37602461e+05])]",Success
2879,"[array([-9.87898862e+00,  1.39357795e+05]), array([ 9.72606310e+00, -1.37200251e+05])]",Success
2880,"[array([-9.90613476e+00,  1.39799653e+05]), array([ 9.67717941e+00, -1.36568232e+05])]",Success
2881,"[array([-1.00487831e+01,  1.41834018e+05]), array([ 9.54481678e+00, -1.34720350e+05])]",Success
2882,"[array([-9.90194340e+00,  1.39850279e+05]), array([ 9.68801253e+00, -1.36828445e+05])]",Success
2883,"[array([-1.45977246e+01,  2.06217851e+05]), array([ 7.30735921e+00, -1.03229571e+05])]",Success
2884,"[array([-9.88507333e+00,  1.39667354e+05]), array([ 9.68676167e+00, -1.36864968e+05])]",Success
2885,"[array([-9.89921002e+00,  1.39931012e+05]), array([ 9.6853382e+00, -1.3690751e+05])]",Success
2886,"[array([-9.88061081e+00,  1.39830591e+05]), array([ 9.68238868e+00, -1.37024967e+05])]",Success
2887,"[array([-1.42871040e+01,  2.02356359e+05]), array([ 7.39342533e+00, -1.04717297e+05])]",Success
2889,[],Success
2891,[],Success
2892,[],Success
2893,[],Success
2894,[],Success
2895,[],Success
2896,[],Success
2897,"[array([-1.42530772e+01,  2.01874479e+05]), array([ 7.38074109e+00, -1.04537586e+05])]",Success
2898,"[array([-9.83482508e+00,  1.39463108e+05]), array([ 9.71284275e+00, -1.37732954e+05])]",Success
2901,"[array([-9.86455927e+00,  1.39964956e+05]), array([ 9.66665916e+00, -1.37156598e+05])]",Success
2899,"[array([-1.42687816e+01,  2.02389977e+05]), array([ 7.36074634e+00, -1.04406054e+05])]",Success
2900,"[array([-9.83358734e+00,  1.39499405e+05]), array([ 9.71162037e+00, -1.37768801e+05])]",Success
2902,"[array([-9.83358734e+00,  1.39557654e+05]), array([ 9.69658690e+00, -1.37612933e+05])]",Success
2903,"[array([-9.83232068e+00,  1.39619647e+05]), array([ 9.69533789e+00, -1.37674100e+05])]",Success
2904,"[array([-9.84378113e+00,  1.39927521e+05]), array([ 9.67642163e+00, -1.37548156e+05])]",Success
2905,"[array([-1.42249649e+01,  2.02245056e+05]), array([ 7.37218440e+00, -1.04815864e+05])]",Success
2906,"[array([-9.85243224e+00,  1.40086299e+05]), array([ 9.66969779e+00, -1.37487721e+05])]",Success
2907,"[array([-1.39317995e+01,  1.98257871e+05]), array([ 7.45575442e+00, -1.06099586e+05])]",Success
2908,"[array([-1.48193285e+01,  2.10965290e+05]), array([ 7.19649785e+00, -1.02448647e+05])]",Success
2909,"[array([-9.81049548e+00,  1.39847250e+05]), array([ 9.67381675e+00, -1.37898494e+05])]",Success
2910,"[array([-9.80926415e+00,  1.39880283e+05]), array([ 9.68759886e+00, -1.38144955e+05])]",Success
2911,"[array([-9.80656900e+00,  1.39915075e+05]), array([ 9.68493713e+00, -1.38179316e+05])]",Success
2912,"[array([-9.80656900e+00,  1.39944065e+05]), array([ 9.66994497e+00, -1.37993961e+05])]",Success
2913,"[array([-1.42295773e+01,  2.03076474e+05]), array([ 7.34052227e+00, -1.04759502e+05])]",Success
2914,"[array([-9.80261657e+00,  1.40027321e+05]), array([ 9.68103373e+00, -1.38290207e+05])]",Success
2915,"[array([-1.44505332e+01,  2.06472616e+05]), array([ 7.27579292e+00, -1.03958965e+05])]",Success
2916,"[array([-9.78187893e+00,  1.39881161e+05]), array([ 9.67571900e+00, -1.38362651e+05])]",Success
2917,"[array([-1.47108833e+01,  2.10498994e+05]), array([ 7.21088384e+00, -1.03181023e+05])]",Success
2918,"[array([-9.75978617e+00,  1.39751533e+05]), array([ 9.68401143e+00, -1.38666123e+05])]",Success
2919,"[array([-9.78774432e+00,  1.40191227e+05]), array([ 9.65138256e+00, -1.38237679e+05])]",Success
2920,"[array([-9.78253440e+00,  1.40204798e+05]), array([ 9.66120064e+00, -1.38465520e+05])]",Success
2922,"[array([-1.43231662e+01,  2.05394348e+05]), array([ 7.28722492e+00, -1.04498632e+05])]",Success
2923,"[array([-1.45216013e+01,  2.08275845e+05]), array([ 7.23550171e+00, -1.03774771e+05])]",Success
2926,"[array([-9.77434232e+00,  1.40421746e+05]), array([ 9.63816727e+00, -1.38465138e+05])]",Success
2929,"[array([-9.79948025e+00,  1.40904928e+05]), array([ 9.61772791e+00, -1.38291167e+05])]",Success
2921,"[array([-9.78112607e+00,  1.40253644e+05]), array([ 9.64485651e+00, -1.38299189e+05])]",Success
2924,"[array([-9.77844638e+00,  1.40258025e+05]), array([ 9.64221415e+00, -1.38303508e+05])]",Success
2925,"[array([-9.72852509e+00,  1.39692159e+05]), array([ 9.69821815e+00, -1.39256601e+05])]",Success
2928,"[array([-9.77166632e+00,  1.40415477e+05]), array([ 9.65046736e+00, -1.38673548e+05])]",Success
2930,"[array([-9.73575121e+00,  1.40043448e+05]), array([ 9.66016308e+00, -1.38955696e+05])]",Success
2931,"[array([-9.78022003e+00,  1.40694378e+05]), array([ 9.62882344e+00, -1.38516068e+05])]",Success
2932,"[array([-9.76486647e+00,  1.40519686e+05]), array([ 9.62882344e+00, -1.38561600e+05])]",Success
2933,"[array([-1.36691059e+01,  1.96757644e+05]), array([ 7.46631838e+00, -1.07472414e+05])]",Success
2934,"[array([-9.77899875e+00,  1.40763245e+05]), array([ 9.62762106e+00, -1.38583869e+05])]",Success
2935,"[array([-9.79439875e+00,  1.41033976e+05]), array([ 9.61274066e+00, -1.38417934e+05])]",Success
2937,"[array([-9.72632042e+00,  1.40268328e+05]), array([ 9.65080551e+00, -1.39178867e+05])]",Success
2938,"[array([-9.75378539e+00,  1.40725799e+05]), array([ 9.61789674e+00, -1.38764879e+05])]",Success
2939,"[array([-9.84653137e+00,  1.42085599e+05]), array([ 9.54402656e+00, -1.37720112e+05])]",Success
2940,"[array([-1.47932412e+01,  2.13550971e+05]), array([ 7.12121031e+00, -1.02799769e+05])]",Success
2941,"[array([-9.73676102e+00,  1.40572751e+05]), array([ 9.64238415e+00, -1.39209936e+05])]",Success
2942,[],Success
2943,[],Success
2944,[],Success
2945,[],Success
2946,[],Success
2947,[],Success
2948,"[array([-1.47890280e+01,  2.13490143e+05]), array([ 7.12557600e+00, -1.02862843e+05])]",Success
2949,"[array([-9.73572375e+00,  1.40557738e+05]), array([ 9.63723089e+00, -1.39135497e+05])]",Success
2950,"[array([-1.47419874e+01,  2.12973484e+05]), array([ 7.14197548e+00, -1.03177907e+05])]",Success
2951,"[array([-9.75736606e+00,  1.41004080e+05]), array([ 9.60632325e+00, -1.38820976e+05])]",Success
2927,"[array([-1.41166876e+01,  2.02843519e+05]), array([ 7.34134342e+00, -1.05487922e+05])]",Success
2936,"[array([-1.40994128e+01,  2.03256942e+05]), array([ 7.33235970e+00, -1.05705117e+05])]",Success
2952,"[array([-9.71039346e+00,  1.40392835e+05]), array([ 9.64998665e+00, -1.39519093e+05])]",Success
2953,"[array([-9.76909871e+00,  1.41316958e+05]), array([ 9.58790986e+00, -1.38695593e+05])]",Success
2954,"[array([-9.73577015e+00,  1.40944511e+05]), array([ 9.61501642e+00, -1.39196400e+05])]",Success
2955,"[array([-1.00513543e+01,  1.45545105e+05]), array([ 9.31184022e+00, -1.34836425e+05])]",Success
2956,"[array([-9.71909799e+00,  1.40824219e+05]), array([ 9.61361941e+00, -1.39295474e+05])]",Success
2957,"[array([-1.39621447e+01,  2.02375043e+05]), array([ 7.33632217e+00, -1.06336896e+05])]",Success
2958,"[array([-9.74715759e+00,  1.41281471e+05]), array([ 9.59627280e+00, -1.39094111e+05])]",Success
2959,"[array([-1.38606604e+01,  2.01026503e+05]), array([ 7.34960285e+00, -1.06593787e+05])]",Success
2960,"[array([-9.77242145e+00,  1.41744626e+05]), array([ 9.54655655e+00, -1.38468177e+05])]",Success
2961,"[array([-1.43088111e+01,  2.07560192e+05]), array([ 7.23798505e+00, -1.04992379e+05])]",Success
2962,"[array([-9.72230756e+00,  1.41095353e+05]), array([ 9.60172080e+00, -1.39344954e+05])]",Success
2963,"[array([-9.75292900e+00,  1.41555863e+05]), array([ 9.55726839e+00, -1.38715552e+05])]",Success
2964,"[array([-9.72109930e+00,  1.41207795e+05]), array([ 9.60052753e+00, -1.39456040e+05])]",Success
2965,"[array([-9.73638405e+00,  1.41474679e+05]), array([ 9.58566603e+00, -1.39284328e+05])]",Success
2966,"[array([-1.42297566e+01,  2.06795015e+05]), array([ 7.24817811e+00, -1.05335915e+05])]",Success
2967,"[array([-9.72843511e+00,  1.41502821e+05]), array([ 9.57784014e+00, -1.39312110e+05])]",Success
2968,"[array([-1.44502019e+01,  2.10322888e+05]), array([ 7.16649644e+00, -1.04308122e+05])]",Success
2969,"[array([-9.71785669e+00,  1.41595846e+05]), array([ 9.56742547e+00, -1.39403619e+05])]",Success
2970,"[array([-9.63943396e+00,  1.40529574e+05]), array([ 9.63943396e+00, -1.40529231e+05])]",Success
2971,"[array([-1.00306448e+01,  1.46236941e+05]), array([ 9.27759335e+00, -1.35257824e+05])]",Success
2972,"[array([-9.69853080e+00,  1.41506139e+05]), array([ 9.56341195e+00, -1.39534234e+05])]",Success
2973,"[array([-1.38484630e+01,  2.02172983e+05]), array([ 7.32670760e+00, -1.06962058e+05])]",Success
2986,"[array([-9.65823564e+00,  1.41617548e+05]), array([ 9.55341758e+00, -1.40080194e+05])]",Success
2974,"[array([-9.67712220e+00,  1.41299242e+05]), array([ 9.58696268e+00, -1.39982410e+05])]",Success
2975,"[array([-9.65925749e+00,  1.41089121e+05]), array([ 9.59916879e+00, -1.40211048e+05])]",Success
2976,"[array([-9.72010320e+00,  1.41996796e+05]), array([ 9.53982308e+00, -1.39362784e+05])]",Success
2977,"[array([-1.37447327e+01,  2.00855056e+05]), array([ 7.34688689e+00, -1.07361561e+05])]",Success
2978,"[array([-9.70343551e+00,  1.41813360e+05]), array([ 9.55322753e+00, -1.39617729e+05])]",Success
2979,"[array([-9.68557347e+00,  1.41595809e+05]), array([ 9.56544232e+00, -1.39839203e+05])]",Success
2980,"[array([-9.70080235e+00,  1.41838273e+05]), array([ 9.53587372e+00, -1.39426346e+05])]",Success
2981,"[array([-9.66788969e+00,  1.41522875e+05]), array([ 9.56296686e+00, -1.39986661e+05])]",Success
2982,"[array([-1.37663060e+01,  2.01517717e+05]), array([ 7.34202988e+00, -1.07477035e+05])]",Success
2983,"[array([-9.73884942e+00,  1.42599271e+05]), array([ 9.48414105e+00, -1.38869297e+05])]",Success
2984,"[array([-9.69291145e+00,  1.42001348e+05]), array([ 9.54286638e+00, -1.39802806e+05])]",Success
2985,"[array([-9.69008211e+00,  1.42047218e+05]), array([ 9.54008084e+00, -1.39848005e+05])]",Success
2987,"[array([-9.68745614e+00,  1.42066700e+05]), array([ 9.52275441e+00, -1.39651042e+05])]",Success
2988,"[array([-9.70151296e+00,  1.42370215e+05]), array([ 9.52157764e+00, -1.39729352e+05])]",Success
2989,"[array([-9.70028540e+00,  1.42458574e+05]), array([ 9.50568091e+00, -1.39600228e+05])]",Success
2990,"[array([-9.65343216e+00,  1.41815692e+05]), array([ 9.53388501e+00, -1.40059038e+05])]",Success
2992,"[array([-9.64924323e+00,  1.41921384e+05]), array([ 9.52974796e+00, -1.40163383e+05])]",Success
2993,"[array([-1.52759732e+01,  2.24711557e+05]), array([ 6.92818597e+00, -1.01915006e+05])]",Success
2994,"[array([-9.66292185e+00,  1.42190071e+05]), array([ 9.52151849e+00, -1.40108899e+05])]",Success
2995,[],Success
2996,[],Success
2997,[],Success
2998,[],Success
2999,[],Success
3000,[],Success
2991,"[array([-1.37169036e+01,  2.01575247e+05]), array([ 7.34951040e+00, -1.08007008e+05])]",Success
3001,[],Success
3002,"[array([-1.53052598e+01,  2.25142257e+05]), array([ 6.92257370e+00, -1.01832424e+05])]",Success
3003,"[array([-9.67384486e+00,  1.42350762e+05]), array([ 9.52786696e+00, -1.40202359e+05])]",Success
3004,"[array([-9.63118904e+00,  1.41784778e+05]), array([ 9.55629644e+00, -1.40681875e+05])]",Success
3005,"[array([-9.66147580e+00,  1.42263445e+05]), array([ 9.52666451e+00, -1.40278073e+05])]",Success
3006,"[array([-9.63118904e+00,  1.41819941e+05]), array([ 9.54145747e+00, -1.40498219e+05])]",Success
3007,"[array([-9.75348986e+00,  1.43635499e+05]), array([ 9.42438437e+00, -1.38788490e+05])]",Success
3008,"[array([-1.43903949e+01,  2.12014825e+05]), array([ 7.12842066e+00, -1.05023314e+05])]",Success
3009,"[array([-9.63118904e+00,  1.41925929e+05]), array([ 9.54145747e+00, -1.40603334e+05])]",Success
3010,"[array([-9.65886537e+00,  1.42396142e+05]), array([ 9.49464973e+00, -1.39974731e+05])]",Success
3011,"[array([-9.5835232e+00,  1.4135947e+05]), array([ 9.59849746e+00, -1.41580080e+05])]",Success
3012,"[array([-9.76635671e+00,  1.44070331e+05]), array([ 9.39302503e+00, -1.38562678e+05])]",Success
3013,"[array([-9.65762775e+00,  1.42516627e+05]), array([ 9.49343315e+00, -1.40093206e+05])]",Success
3014,"[array([-9.65084144e+00,  1.42631957e+05]), array([ 9.50144761e+00, -1.40423654e+05])]",Success
3015,"[array([-1.31965729e+01,  1.95117701e+05]), array([ 7.45614385e+00, -1.10243209e+05])]",Success
3016,"[array([-9.61680816e+00,  1.42213127e+05]), array([ 9.52721057e+00, -1.40887781e+05])]",Success
3017,"[array([-9.64704970e+00,  1.42695837e+05]), array([ 9.48303494e+00, -1.40269406e+05])]",Success
3018,"[array([-1.35442022e+01,  2.00354932e+05]), array([ 7.34793246e+00, -1.08695272e+05])]",Success
3019,"[array([-1.28881316e+01,  1.90739872e+05]), array([ 7.56442740e+00, -1.11950646e+05])]",Success
3020,"[array([-9.63069172e+00,  1.42567719e+05]), array([ 9.49651799e+00, -1.40581100e+05])]",Success
3022,"[array([-9.87756148e+00,  1.46341592e+05]), array([ 9.26580918e+00, -1.37277768e+05])]",Success
3023,"[array([-1.11686148e+01,  1.65506360e+05]), array([ 8.34227147e+00, -1.23624979e+05])]",Success
3034,"[array([-1.05653961e+01,  1.57157964e+05]), array([ 8.70179846e+00, -1.29437077e+05])]",Success
3035,"[array([-9.60339767e+00,  1.42880460e+05]), array([ 9.48428576e+00, -1.41107920e+05])]",Success
3021,"[array([-9.62945946e+00,  1.42638304e+05]), array([ 9.49530291e+00, -1.40650664e+05])]",Success
3024,"[array([-9.62569785e+00,  1.42672471e+05]), array([ 9.49159370e+00, -1.40684393e+05])]",Success
3025,"[array([-1.57519627e+01,  2.33569711e+05]), array([ 6.83874275e+00, -1.01410851e+05])]",Success
3026,"[array([-9.62651763e+00,  1.42782894e+05]), array([ 9.47750033e+00, -1.40572216e+05])]",Success
3027,"[array([-9.59634046e+00,  1.42434537e+05]), array([ 9.49219413e+00, -1.40888315e+05])]",Success
3028,"[array([-9.62651763e+00,  1.42894799e+05]), array([ 9.49219413e+00, -1.40900618e+05])]",Success
3029,"[array([-9.65418796e+00,  1.43333271e+05]), array([ 9.46020891e+00, -1.40452976e+05])]",Success
3030,"[array([-9.57729092e+00,  1.42319367e+05]), array([ 9.51771212e+00, -1.41433641e+05])]",Success
3031,"[array([-9.62108603e+00,  1.42987009e+05]), array([ 9.47215281e+00, -1.40773209e+05])]",Success
3032,"[array([-1.54501062e+01,  2.29699860e+05]), array([ 6.82839513e+00, -1.01519414e+05])]",Success
3033,"[array([-9.48564657e+00,  1.41090219e+05]), array([ 9.60477557e+00, -1.42862038e+05])]",Success
3036,"[array([-9.57334009e+00,  1.42496391e+05]), array([ 9.49901291e+00, -1.41389632e+05])]",Success
3037,"[array([-9.60219162e+00,  1.42976970e+05]), array([ 9.48309467e+00, -1.41203309e+05])]",Success
3038,"[array([-9.59823260e+00,  1.42991376e+05]), array([ 9.46451110e+00, -1.40998855e+05])]",Success
3039,"[array([-9.65767262e+00,  1.43928417e+05]), array([ 9.40508734e+00, -1.40163794e+05])]",Success
3040,"[array([-9.56699025e+00,  1.42612524e+05]), array([ 9.49271238e+00, -1.41504902e+05])]",Success
3042,"[array([-9.62602748e+00,  1.43534114e+05]), array([ 9.43291273e+00, -1.40654229e+05])]",Success
3044,"[array([-9.60582432e+00,  1.43378295e+05]), array([ 9.45712735e+00, -1.41158476e+05])]",Success
3045,"[array([-9.62095160e+00,  1.43623484e+05]), array([ 9.42793869e+00, -1.40741769e+05])]",Success
3046,"[array([-9.58816818e+00,  1.43264865e+05]), array([ 9.45458689e+00, -1.41268533e+05])]",Success
3047,"[array([-9.60324391e+00,  1.43510954e+05]), array([ 9.43997392e+00, -1.41070665e+05])]",Success
3054,"[array([-1.37973339e+01,  2.06718650e+05]), array([ 7.20002547e+00, -1.07874473e+05])]",Success
3056,"[array([-9.58726753e+00,  1.43728714e+05]), array([ 9.43352864e+00, -1.41423563e+05])]",Success
3060,[],Success
3061,[],Success
3041,"[array([-1.46232714e+01,  2.18029236e+05]), array([ 7.00174966e+00, -1.04394108e+05])]",Success
3043,"[array([-9.63612661e+00,  1.43771173e+05]), array([ 9.42793869e+00, -1.40664629e+05])]",Success
3048,"[array([-9.58559320e+00,  1.43296544e+05]), array([ 9.45204778e+00, -1.41299771e+05])]",Success
3049,"[array([-9.61578405e+00,  1.43778721e+05]), array([ 9.42287480e+00, -1.40893891e+05])]",Success
3050,"[array([-1.41324680e+01,  2.11349484e+05]), array([ 7.10736461e+00, -1.06290053e+05])]",Success
3051,"[array([-9.59941226e+00,  1.43559959e+05]), array([ 9.42164536e+00, -1.40901020e+05])]",Success
3052,"[array([-9.59941226e+00,  1.43602780e+05]), array([ 9.43620741e+00, -1.41160930e+05])]",Success
3053,"[array([-9.57366024e+00,  1.43373281e+05]), array([ 9.44028107e+00, -1.41375401e+05])]",Success
3055,"[array([-9.57221687e+00,  1.43439837e+05]), array([ 9.43885781e+00, -1.41441068e+05])]",Success
3057,"[array([-9.57221687e+00,  1.43505544e+05]), array([ 9.44750657e+00, -1.41635545e+05])]",Success
3058,"[array([-1.41728533e+01,  2.12565125e+05]), array([ 7.10031207e+00, -1.06491771e+05])]",Success
3059,[],Success
3062,[],Success
3063,[],Success
3064,"[array([-9.55360696e+00,  1.43224194e+05]), array([ 9.42942644e+00, -1.41362051e+05])]",Success
3065,"[array([-9.58339300e+00,  1.43673041e+05]), array([ 9.41421660e+00, -1.41136335e+05])]",Success
3066,"[array([-1.41645806e+01,  2.12441078e+05]), array([ 7.08062375e+00, -1.06196384e+05])]",Success
3067,"[array([-9.57442834e+00,  1.43628997e+05]), array([ 9.44083166e+00, -1.41624609e+05])]",Success
3068,"[array([-9.63502599e+00,  1.44573720e+05]), array([ 9.36820988e+00, -1.40569764e+05])]",Success
3069,"[array([-9.57074281e+00,  1.43788839e+05]), array([ 9.40802539e+00, -1.41343788e+05])]",Success
3070,"[array([-1.37714761e+01,  2.06948182e+05]), array([ 7.17805711e+00, -1.07866725e+05])]",Success
3071,"[array([-9.55571810e+00,  1.43617479e+05]), array([ 9.42258890e+00, -1.41616197e+05])]",Success
3074,"[array([-9.55949153e+00,  1.43975662e+05]), array([ 9.39696539e+00, -1.41527435e+05])]",Success
3075,"[array([-1.50119422e+01,  2.26097994e+05]), array([ 6.85438175e+00, -1.03235418e+05])]",Success
3076,"[array([-9.52543897e+00,  1.43587174e+05]), array([ 9.42206211e+00, -1.42028405e+05])]",Success
3072,"[array([-1.40813690e+01,  2.11886008e+05]), array([ 7.09819300e+00, -1.06810106e+05])]",Success
3073,"[array([-9.56470346e+00,  1.43925006e+05]), array([ 9.41664303e+00, -1.41696724e+05])]",Success
3077,"[array([-9.52400731e+00,  1.43616305e+05]), array([ 9.42064599e+00, -1.42057258e+05])]",Success
3078,"[array([-9.52289349e+00,  1.43643217e+05]), array([ 9.43417088e+00, -1.42304546e+05])]",Success
3079,"[array([-1.43936243e+01,  2.17165864e+05]), array([ 6.99782194e+00, -1.05581129e+05])]",Success
3080,"[array([-9.53549364e+00,  1.43871741e+05]), array([ 9.40264620e+00, -1.41866917e+05])]",Success
3081,"[array([-9.53274821e+00,  1.43953446e+05]), array([ 9.39993903e+00, -1.41947483e+05])]",Success
3082,"[array([-9.51780660e+00,  1.43748085e+05]), array([ 9.41451258e+00, -1.42187608e+05])]",Success
3083,"[array([-9.54773681e+00,  1.44210206e+05]), array([ 9.39993903e+00, -1.41977509e+05])]",Success
3084,"[array([-9.53040138e+00,  1.44011687e+05]), array([ 9.39762489e+00, -1.42004913e+05])]",Success
3085,"[array([-9.52904408e+00,  1.44033776e+05]), array([ 9.39628650e+00, -1.42026694e+05])]",Success
3086,"[array([-9.51292335e+00,  1.43835522e+05]), array([ 9.40968232e+00, -1.42274210e+05])]",Success
3087,"[array([-1.42118906e+01,  2.14901366e+05]), array([ 7.03183925e+00, -1.06331084e+05])]",Success
3088,"[array([-9.57173071e+00,  1.44792556e+05]), array([ 9.35050427e+00, -1.41445699e+05])]",Success
3089,"[array([-1.50499833e+01,  2.27746156e+05]), array([ 6.83011628e+00, -1.03357862e+05])]",Success
3090,"[array([-9.50511313e+00,  1.43907569e+05]), array([ 9.40195687e+00, -1.42345362e+05])]",Success
3091,"[array([-9.48517817e+00,  1.43729118e+05]), array([ 9.41153548e+00, -1.42612788e+05])]",Success
3092,"[array([-9.52991958e+00,  1.44440117e+05]), array([ 9.38239760e+00, -1.42203861e+05])]",Success
3093,"[array([-9.45443558e+00,  1.43360697e+05]), array([ 9.43970905e+00, -1.43137163e+05])]",Success
3094,"[array([-9.57137164e+00,  1.45196716e+05]), array([ 9.33540562e+00, -1.41616986e+05])]",Success
3095,"[array([-9.53868370e+00,  1.44780946e+05]), array([ 9.36176839e+00, -1.42095522e+05])]",Success
3096,"[array([-1.37974126e+01,  2.09425002e+05]), array([ 7.1175842e+00, -1.0803442e+05])]",Success
3098,"[array([-9.56372596e+00,  1.45280628e+05]), array([ 9.32794843e+00, -1.41698602e+05])]",Success
3099,"[array([-9.53360398e+00,  1.44827454e+05]), array([ 9.34234341e+00, -1.41921547e+05])]",Success
3103,"[array([-9.51489875e+00,  1.44661371e+05]), array([ 9.36760929e+00, -1.42421652e+05])]",Success
3097,"[array([-9.59540202e+00,  1.45712515e+05]), array([ 9.28634766e+00, -1.41018868e+05])]",Success
3100,"[array([-1.34795614e+01,  2.04813022e+05]), array([ 7.20514653e+00, -1.09477654e+05])]",Success
3101,"[array([-9.55999305e+00,  1.45271436e+05]), array([ 9.30996247e+00, -1.41471613e+05])]",Success
3102,"[array([-9.54491420e+00,  1.45116319e+05]), array([ 9.32430755e+00, -1.41761904e+05])]",Success
3104,"[array([-1.42687287e+01,  2.17003923e+05]), array([ 6.98607503e+00, -1.06248065e+05])]",Success
3105,"[array([-9.49490731e+00,  1.44449996e+05]), array([ 9.37714102e+00, -1.42657952e+05])]",Success
3106,"[array([-9.49355979e+00,  1.44507145e+05]), array([ 9.36129657e+00, -1.42493507e+05])]",Success
3107,"[array([-1.45021525e+01,  2.20796584e+05]), array([ 6.91921920e+00, -1.05345439e+05])]",Success
3108,"[array([-9.49218437e+00,  1.44552181e+05]), array([ 9.35994031e+00, -1.42537877e+05])]",Success
3109,"[array([-9.52092833e+00,  1.45034054e+05]), array([ 9.32992205e+00, -1.42124078e+05])]",Success
3110,"[array([-1.40599756e+01,  2.14189798e+05]), array([ 7.02998778e+00, -1.07094653e+05])]",Success
3111,"[array([-9.53456434e+00,  1.45306939e+05]), array([ 9.31419691e+00, -1.41948118e+05])]",Success
3112,"[array([-9.50458144e+00,  1.44882930e+05]), array([ 9.34298886e+00, -1.42419277e+05])]",Success
3113,"[array([-1.36437523e+01,  2.08000899e+05]), array([ 7.14442346e+00, -1.08917713e+05])]",Success
3114,"[array([-9.50225301e+00,  1.44924563e+05]), array([ 9.34070002e+00, -1.42460203e+05])]",Success
3116,"[array([-9.49952997e+00,  1.44943997e+05]), array([ 9.35247842e+00, -1.42699942e+05])]",Success
3117,"[array([-9.52949694e+00,  1.45434565e+05]), array([ 9.32361275e+00, -1.42292121e+05])]",Success
3119,"[array([-1.46643230e+01,  2.23932434e+05]), array([ 6.85682754e+00, -1.04708574e+05])]",Success
3121,"[array([-9.49255527e+00,  1.45068801e+05]), array([ 9.34255467e+00, -1.42776054e+05])]",Success
3122,[],Success
3123,[],Success
3124,[],Success
3125,[],Success
3126,[],Success
3128,[],Success
3115,"[array([-1.41532387e+01,  2.15892137e+05]), array([ 7.00281913e+00, -1.06820877e+05])]",Success
3118,"[array([-9.49952997e+00,  1.45000990e+05]), array([ 9.35247842e+00, -1.42756052e+05])]",Success
3120,"[array([-9.51448986e+00,  1.45293629e+05]), array([ 9.32361275e+00, -1.42378407e+05])]",Success
3127,"[array([-1.47312124e+01,  2.24953679e+05]), array([ 6.86838718e+00, -1.04885159e+05])]",Success
3129,"[array([-9.48727219e+00,  1.44988090e+05]), array([ 9.33867348e+00, -1.42716737e+05])]",Success
3130,"[array([-9.50044577e+00,  1.45213637e+05]), array([ 9.32423967e+00, -1.42519924e+05])]",Success
3131,"[array([-9.48089806e+00,  1.45072619e+05]), array([ 9.31970814e+00, -1.42605741e+05])]",Success
3132,"[array([-1.44216565e+01,  2.20790249e+05]), array([ 6.91313350e+00, -1.05837679e+05])]",Success
3133,"[array([-9.47838430e+00,  1.45117556e+05]), array([ 9.33166008e+00, -1.42870775e+05])]",Success
3134,"[array([-9.49331089e+00,  1.45413078e+05]), array([ 9.31723711e+00, -1.42715742e+05])]",Success
3135,"[array([-9.48947090e+00,  1.45445113e+05]), array([ 9.29909572e+00, -1.42526777e+05])]",Success
3136,"[array([-9.37140595e+00,  1.43669608e+05]), array([ 9.43006889e+00, -1.44568565e+05])]",Success
3137,"[array([-9.47455035e+00,  1.45255515e+05]), array([ 9.32788549e+00, -1.43006599e+05])]",Success
3138,"[array([-9.5799905e+00,  1.4687676e+05]), array([ 9.21378291e+00, -1.41261790e+05])]",Success
3139,"[array([-9.470851e+00,  1.452985e+05]), array([ 9.30983190e+00, -1.42827744e+05])]",Success
3140,"[array([-9.45082540e+00,  1.45174976e+05]), array([ 9.33360586e+00, -1.43373977e+05])]",Success
3141,"[array([-9.46568519e+00,  1.45421681e+05]), array([ 9.31915756e+00, -1.43170193e+05])]",Success
3142,"[array([-9.45082540e+00,  1.45231148e+05]), array([ 9.31915756e+00, -1.43207385e+05])]",Success
3143,"[array([-9.40287399e+00,  1.44603564e+05]), array([ 9.37358155e+00, -1.44152704e+05])]",Success
3144,"[array([-9.44715754e+00,  1.45297302e+05]), array([ 9.30114274e+00, -1.43051135e+05])]",Success
3146,"[array([-9.44715754e+00,  1.45383349e+05]), array([ 9.30114274e+00, -1.43135851e+05])]",Success
3156,"[array([-9.43932851e+00,  1.45777509e+05]), array([ 9.27884534e+00, -1.43298647e+05])]",Success
3157,"[array([-1.43949446e+01,  2.22363907e+05]), array([ 6.86806852e+00, -1.06093291e+05])]",Success
3158,"[array([-9.42202217e+00,  1.45626477e+05]), array([ 9.30515988e+00, -1.43819878e+05])]",Success
3160,"[array([-9.43683667e+00,  1.45914441e+05]), array([ 9.27639586e+00, -1.43433252e+05])]",Success
3145,"[array([-9.46201156e+00,  1.45545740e+05]), array([ 9.30114274e+00, -1.43070894e+05])]",Success
3147,"[array([-1.18431539e+01,  1.82347135e+05]), array([ 7.7330619e+00, -1.1906489e+05])]",Success
3149,"[array([-9.43864077e+00,  1.45374183e+05]), array([ 9.32157235e+00, -1.43570752e+05])]",Success
3150,"[array([-9.40525961e+00,  1.44923007e+05]), array([ 9.34675100e+00, -1.44021083e+05])]",Success
3151,"[array([-9.46450534e+00,  1.45843377e+05]), array([ 9.28896583e+00, -1.43138022e+05])]",Success
3152,"[array([-9.43478947e+00,  1.45438381e+05]), array([ 9.31776883e+00, -1.43634153e+05])]",Success
3153,"[array([-1.45482391e+01,  2.24334955e+05]), array([ 6.84330609e+00, -1.05524923e+05])]",Success
3154,"[array([-9.45820245e+00,  1.45875142e+05]), array([ 9.28277984e+00, -1.43169235e+05])]",Success
3155,"[array([-1.51665620e+01,  2.34005748e+05]), array([ 6.70307875e+00, -1.03422217e+05])]",Success
3159,"[array([-9.42202217e+00,  1.45665425e+05]), array([ 9.29075561e+00, -1.43635611e+05])]",Success
3161,"[array([-9.42089086e+00,  1.45696411e+05]), array([ 9.28964006e+00, -1.43666203e+05])]",Success
3162,"[array([-1.36024059e+01,  2.10449667e+05]), array([ 7.06556067e+00, -1.09314596e+05])]",Success
3163,"[array([-9.41705025e+00,  1.45729857e+05]), array([ 9.28585296e+00, -1.43699146e+05])]",Success
3164,"[array([-9.43072510e+00,  1.45973389e+05]), array([ 9.27038820e+00, -1.43491197e+05])]",Success
3165,"[array([-9.42956550e+00,  1.46030759e+05]), array([ 9.28359699e+00, -1.43769880e+05])]",Success
3172,"[array([-9.43064920e+00,  1.46382401e+05]), array([ 9.24145408e+00, -1.43445337e+05])]",Success
3174,"[array([-9.41334172e+00,  1.46183009e+05]), array([ 9.25330036e+00, -1.43697404e+05])]",Success
3175,"[array([-9.39582140e+00,  1.46215886e+05]), array([ 9.25853438e+00, -1.44079065e+05])]",Success
3176,"[array([-9.42042783e+00,  1.46652062e+05]), array([ 9.25678542e+00, -1.44104228e+05])]",Success
3177,[],Success
3178,[],Success
3179,[],Success
3180,[],Success
3181,[],Success
3182,[],Success
3148,"[array([-1.42474269e+01,  2.19437598e+05]), array([ 6.92674443e+00, -1.06686747e+05])]",Success
3166,"[array([-1.43040467e+01,  2.21552192e+05]), array([ 6.88896040e+00, -1.06703528e+05])]",Success
3167,"[array([-9.40878422e+00,  1.45760604e+05]), array([ 9.29208612e+00, -1.43952341e+05])]",Success
3168,"[array([-9.40623892e+00,  1.45838278e+05]), array([ 9.27519224e+00, -1.43806094e+05])]",Success
3169,"[array([-1.46498146e+01,  2.27288369e+05]), array([ 6.78570123e+00, -1.05278260e+05])]",Success
3170,"[array([-9.39149559e+00,  1.45726930e+05]), array([ 9.30399719e+00, -1.44368885e+05])]",Success
3171,"[array([-9.37161540e+00,  1.45437806e+05]), array([ 9.31331608e+00, -1.44532680e+05])]",Success
3173,"[array([-9.31086366e+00,  1.44551353e+05]), array([ 9.35450833e+00, -1.45228476e+05])]",Success
3183,"[array([-9.40658320e+00,  1.46383275e+05]), array([ 9.26890505e+00, -1.44240488e+05])]",Success
3184,"[array([-9.40144488e+00,  1.46356608e+05]), array([ 9.25372581e+00, -1.44056625e+05])]",Success
3185,"[array([-9.39822405e+00,  1.46449768e+05]), array([ 9.25274071e+00, -1.44182403e+05])]",Success
3186,"[array([-9.38127187e+00,  1.46235674e+05]), array([ 9.26491501e+00, -1.44421557e+05])]",Success
3187,"[array([-1.37959424e+01,  2.15152548e+05]), array([ 6.99489822e+00, -1.09090139e+05])]",Success
3188,"[array([-9.39123467e+00,  1.46479672e+05]), array([ 9.24585952e+00, -1.44211844e+05])]",Success
3189,"[array([-9.39123467e+00,  1.46600357e+05]), array([ 9.23156917e+00, -1.44107505e+05])]",Success
3191,"[array([-9.36895919e+00,  1.46392066e+05]), array([ 9.23843189e+00, -1.44352129e+05])]",Success
3192,"[array([-9.36895919e+00,  1.46413213e+05]), array([ 9.25275504e+00, -1.44596894e+05])]",Success
3193,"[array([-9.39712248e+00,  1.46909631e+05]), array([ 9.22283272e+00, -1.44184500e+05])]",Success
3194,"[array([-1.44799304e+01,  2.26538628e+05]), array([ 6.77924015e+00, -1.06061468e+05])]",Success
3195,"[array([-9.36404316e+00,  1.46506482e+05]), array([ 9.24789999e+00, -1.44689044e+05])]",Success
3196,"[array([-9.36158708e+00,  1.46593332e+05]), array([ 9.23116249e+00, -1.44550629e+05])]",Success
3197,"[array([-1.44024209e+01,  2.25670696e+05]), array([ 6.79111874e+00, -1.06409511e+05])]",Success
3198,"[array([-9.37270275e+00,  1.46893789e+05]), array([ 9.21335232e+00, -1.44396100e+05])]",Success
3199,"[array([-9.35798893e+00,  1.46667880e+05]), array([ 9.24192085e+00, -1.44848440e+05])]",Success
3200,"[array([-9.38511962e+00,  1.47215134e+05]), array([ 9.21105249e+00, -1.44484374e+05])]",Success
3190,"[array([-1.50033088e+01,  2.34237535e+05]), array([ 6.67932540e+00, -1.04280881e+05])]",Success
3201,"[array([-9.36779056e+00,  1.47003263e+05]), array([ 9.20852364e+00, -1.44503600e+05])]",Success
3202,"[array([-1.41855114e+01,  2.22609013e+05]), array([ 6.84817792e+00, -1.07466177e+05])]",Success
3203,"[array([-9.41218767e+00,  1.47715080e+05]), array([ 9.16602276e+00, -1.43851346e+05])]",Success
3204,"[array([-9.30306412e+00,  1.46101066e+05]), array([ 9.27408261e+00, -1.45645541e+05])]",Success
3205,"[array([-9.35912303e+00,  1.47067984e+05]), array([ 9.21424496e+00, -1.44791125e+05])]",Success
3206,"[array([-9.43081500e+00,  1.48232584e+05]), array([ 9.14108182e+00, -1.43678212e+05])]",Success
3207,"[array([-9.41589283e+00,  1.48027881e+05]), array([ 9.15514503e+00, -1.43928272e+05])]",Success
3208,"[array([-9.29819417e+00,  1.46183986e+05]), array([ 9.25481223e+00, -1.45501829e+05])]",Success
3209,"[array([-9.42946869e+00,  1.48290402e+05]), array([ 9.12575881e+00, -1.43513762e+05])]",Success
3210,"[array([-9.41208546e+00,  1.48085604e+05]), array([ 9.13738557e+00, -1.43763407e+05])]",Success
3211,"[array([-9.35177792e+00,  1.47217542e+05]), array([ 9.19278324e+00, -1.44714197e+05])]",Success
3213,"[array([-9.34799840e+00,  1.47232734e+05]), array([ 9.20329254e+00, -1.44953249e+05])]",Success
3214,"[array([-9.39230171e+00,  1.47935888e+05]), array([ 9.14665689e+00, -1.44066379e+05])]",Success
3215,"[array([-9.43702695e+00,  1.48658918e+05]), array([ 9.10463550e+00, -1.43422431e+05])]",Success
3216,"[array([-1.39856389e+01,  2.20411842e+05]), array([ 6.87155668e+00, -1.08294988e+05])]",Success
3217,"[array([-9.32844459e+00,  1.47109365e+05]), array([ 9.19848174e+00, -1.45059472e+05])]",Success
3218,"[array([-9.35671418e+00,  1.47602330e+05]), array([ 9.16900232e+00, -1.44640755e+05])]",Success
3219,"[array([-1.41111409e+01,  2.22646306e+05]), array([ 6.82849461e+00, -1.07740685e+05])]",Success
3221,"[array([-9.30895717e+00,  1.46940664e+05]), array([ 9.22222775e+00, -1.45571272e+05])]",Success
3222,"[array([-9.35049390e+00,  1.47668761e+05]), array([ 9.17706897e+00, -1.44929739e+05])]",Success
3223,"[array([-1.23185967e+01,  1.94545097e+05]), array([ 7.37585543e+00, -1.16485041e+05])]",Success
3225,"[array([-1.40314639e+01,  2.21727511e+05]), array([ 6.83791386e+00, -1.08053627e+05])]",Success
3226,"[array([-9.34450424e+00,  1.47755512e+05]), array([ 9.15703733e+00, -1.44790826e+05])]",Success
3238,[],Success
3212,"[array([-1.37027788e+01,  2.15748702e+05]), array([ 6.94743691e+00, -1.09386905e+05])]",Success
3220,"[array([-9.36768876e+00,  1.47831178e+05]), array([ 9.16530042e+00, -1.44636917e+05])]",Success
3224,"[array([-9.42243978e+00,  1.48858584e+05]), array([ 9.10450470e+00, -1.43835374e+05])]",Success
3227,"[array([-9.32981162e+00,  1.47572602e+05]), array([ 9.17119040e+00, -1.45063258e+05])]",Success
3228,"[array([-1.38296395e+01,  2.18765947e+05]), array([ 6.89072629e+00, -1.09001575e+05])]",Success
3229,"[array([-9.34317376e+00,  1.47817319e+05]), array([ 9.15573354e+00, -1.44851430e+05])]",Success
3230,"[array([-9.33962918e+00,  1.47865081e+05]), array([ 9.15226007e+00, -1.44898234e+05])]",Success
3231,"[array([-9.33692676e+00,  1.47879846e+05]), array([ 9.14961187e+00, -1.44912702e+05])]",Success
3232,"[array([-1.34139106e+01,  2.12536849e+05]), array([ 6.99993919e+00, -1.10910566e+05])]",Success
3233,"[array([-9.30761145e+00,  1.47481066e+05]), array([ 9.17793884e+00, -1.45425995e+05])]",Success
3234,"[array([-9.32079762e+00,  1.47837660e+05]), array([ 9.17168125e+00, -1.45472187e+05])]",Success
3235,"[array([-9.34577447e+00,  1.48263220e+05]), array([ 9.14118274e+00, -1.45017305e+05])]",Success
3236,[],Success
3237,[],Success
3239,[],Success
3240,[],Success
3241,"[array([-9.31831824e+00,  1.47798301e+05]), array([ 9.16275133e+00, -1.45330529e+05])]",Success
3242,"[array([-9.32263559e+00,  1.47896266e+05]), array([ 9.16275133e+00, -1.45359608e+05])]",Success
3243,"[array([-1.38621484e+01,  2.19941513e+05]), array([ 6.86674867e+00, -1.08951722e+05])]",Success
3244,"[array([-9.33617880e+00,  1.48136305e+05]), array([ 9.13447123e+00, -1.44935414e+05])]",Success
3245,"[array([-9.33617880e+00,  1.48211556e+05]), array([ 9.13447123e+00, -1.45009039e+05])]",Success
3246,"[array([-9.32147615e+00,  1.48063469e+05]), array([ 9.13447123e+00, -1.45092642e+05])]",Success
3249,"[array([-9.31532998e+00,  1.48153086e+05]), array([ 9.12844836e+00, -1.45180423e+05])]",Success
3250,"[array([-9.31177915e+00,  1.48204429e+05]), array([ 9.13907227e+00, -1.45455245e+05])]",Success
3253,"[array([-9.29357707e+00,  1.48065471e+05]), array([ 9.13557189e+00, -1.45547711e+05])]",Success
3247,"[array([-9.24383900e+00,  1.46957439e+05]), array([ 9.21504199e+00, -1.46499246e+05])]",Success
3248,"[array([-9.33132012e+00,  1.48366147e+05]), array([ 9.12971753e+00, -1.45160366e+05])]",Success
3251,"[array([-9.29599375e+00,  1.48048569e+05]), array([ 9.13794748e+00, -1.45531057e+05])]",Success
3252,"[array([-1.34352642e+01,  2.14017291e+05]), array([ 6.97112767e+00, -1.11047214e+05])]",Success
3254,"[array([-9.29357707e+00,  1.48119730e+05]), array([ 9.13557189e+00, -1.45601084e+05])]",Success
3255,"[array([-9.29357707e+00,  1.48159201e+05]), array([ 9.14971364e+00, -1.45865374e+05])]",Success
3256,"[array([-1.38100818e+01,  2.20164061e+05]), array([ 6.85697797e+00, -1.09315951e+05])]",Success
3257,"[array([-9.30821262e+00,  1.48416548e+05]), array([ 9.12147379e+00, -1.45438637e+05])]",Success
3258,"[array([-1.35513073e+01,  2.16196969e+05]), array([ 6.91846600e+00, -1.10376602e+05])]",Success
3259,"[array([-9.30451963e+00,  1.48465649e+05]), array([ 9.13194740e+00, -1.45711734e+05])]",Success
3260,"[array([-9.28874747e+00,  1.48387743e+05]), array([ 9.13082441e+00, -1.45864541e+05])]",Success
3261,"[array([-9.25731730e+00,  1.47941717e+05]), array([ 9.15685029e+00, -1.46335766e+05])]",Success
3262,"[array([-1.36035150e+01,  2.17429681e+05]), array([ 6.91326171e+00, -1.10500422e+05])]",Success
3263,"[array([-9.29256171e+00,  1.48564933e+05]), array([ 9.12021126e+00, -1.45809176e+05])]",Success
3264,"[array([-9.29256171e+00,  1.48661008e+05]), array([ 9.10613686e+00, -1.45678193e+05])]",Success
3266,"[array([-9.27313742e+00,  1.48444708e+05]), array([ 9.12959040e+00, -1.46146461e+05])]",Success
3268,"[array([-1.49986280e+01,  2.40309704e+05]), array([ 6.55668609e+00, -1.05051777e+05])]",Success
3269,"[array([-9.26802011e+00,  1.48514761e+05]), array([ 9.12455231e+00, -1.46215468e+05])]",Success
3270,"[array([-9.31084827e+00,  1.49234466e+05]), array([ 9.06733377e+00, -1.45330994e+05])]",Success
3271,"[array([-9.26452754e+00,  1.48595615e+05]), array([ 9.10701625e+00, -1.46068841e+05])]",Success
3272,"[array([-9.26321690e+00,  1.48599897e+05]), array([ 9.1057279e+00, -1.4607305e+05])]",Success
3274,"[array([-9.24519154e+00,  1.48467340e+05]), array([ 9.11638856e+00, -1.46398528e+05])]",Success
3275,"[array([-9.24407686e+00,  1.48522759e+05]), array([ 9.11528941e+00, -1.46453137e+05])]",Success
3277,"[array([-9.28301007e+00,  1.49284096e+05]), array([ 9.06845667e+00, -1.45833353e+05])]",Success
3281,"[array([-9.23084530e+00,  1.48646259e+05]), array([ 9.10224219e+00, -1.46574879e+05])]",Success
3265,"[array([-1.53228437e+01,  2.45193242e+05]), array([ 6.49702072e+00, -1.03965231e+05])]",Success
3267,"[array([-9.28774079e+00,  1.48716890e+05]), array([ 9.10141266e+00, -1.45732954e+05])]",Success
3273,"[array([-1.43309062e+01,  2.29976677e+05]), array([ 6.69318458e+00, -1.07409542e+05])]",Success
3276,"[array([-9.25493345e+00,  1.48769045e+05]), array([ 9.09758527e+00, -1.46239437e+05])]",Success
3279,"[array([-9.24902981e+00,  1.48812379e+05]), array([ 9.10585597e+00, -1.46508479e+05])]",Success
3280,"[array([-9.26231429e+00,  1.49067842e+05]), array([ 9.09052485e+00, -1.46302682e+05])]",Success
3282,"[array([-9.25991882e+00,  1.49143164e+05]), array([ 9.08817381e+00, -1.46376645e+05])]",Success
3283,"[array([-9.17324252e+00,  1.47760634e+05]), array([ 9.17324252e+00, -1.47760291e+05])]",Success
3285,"[array([-9.25621774e+00,  1.49135720e+05]), array([ 9.07052201e+00, -1.46143344e+05])]",Success
3286,"[array([-9.23927535e+00,  1.48950675e+05]), array([ 9.08219339e+00, -1.46417864e+05])]",Success
3287,"[array([-9.23927535e+00,  1.49008091e+05]), array([ 9.06817766e+00, -1.46248223e+05])]",Success
3288,"[array([-1.38242869e+01,  2.22982823e+05]), array([ 6.79227967e+00, -1.09557734e+05])]",Success
3289,"[array([-9.26706927e+00,  1.49481261e+05]), array([ 9.05288431e+00, -1.46025961e+05])]",Success
3290,"[array([-9.17877496e+00,  1.48223994e+05]), array([ 9.14541681e+00, -1.47684922e+05])]",Success
3291,"[array([-9.28027800e+00,  1.49871225e+05]), array([ 9.06073703e+00, -1.46325463e+05])]",Success
3292,[],Success
3293,[],Success
3294,[],Success
3295,[],Success
3296,"[array([-9.17636580e+00,  1.48185087e+05]), array([ 9.12731501e+00, -1.47392559e+05])]",Success
3297,"[array([-9.26320838e+00,  1.49595640e+05]), array([ 9.05688819e+00, -1.46263306e+05])]",Success
3298,"[array([-1.39376249e+01,  2.25149836e+05]), array([ 6.75229007e+00, -1.09078078e+05])]",Success
3299,"[array([-9.24053554e+00,  1.49285837e+05]), array([ 9.05515442e+00, -1.46290449e+05])]",Success
3300,"[array([-9.19708474e+00,  1.48680267e+05]), array([ 9.11139762e+00, -1.47294667e+05])]",Success
3301,"[array([-9.22496973e+00,  1.49219713e+05]), array([ 9.06813099e+00, -1.46682480e+05])]",Success
3278,"[array([-1.41441799e+01,  2.27527081e+05]), array([ 6.72454723e+00, -1.08173499e+05])]",Success
3284,"[array([-9.25880423e+00,  1.49161502e+05]), array([ 9.07305661e+00, -1.46168722e+05])]",Success
3302,"[array([-9.22151004e+00,  1.49271925e+05]), array([ 9.06473011e+00, -1.46733956e+05])]",Success
3303,"[array([-9.22021103e+00,  1.49260487e+05]), array([ 9.07748331e+00, -1.46949574e+05])]",Success
3304,"[array([-1.38613898e+01,  2.24506525e+05]), array([ 6.76282339e+00, -1.09534590e+05])]",Success
3305,"[array([-9.21675496e+00,  1.49330028e+05]), array([ 9.06005588e+00, -1.46790768e+05])]",Success
3306,"[array([-9.26043626e+00,  1.50060920e+05]), array([ 9.03213583e+00, -1.46361045e+05])]",Success
3307,"[array([-1.42241389e+01,  2.30537307e+05]), array([ 6.66705940e+00, -1.08056064e+05])]",Success
3308,"[array([-9.19624884e+00,  1.49200482e+05]), array([ 9.06812772e+00, -1.47121418e+05])]",Success
3309,"[array([-9.22065404e+00,  1.49669840e+05]), array([ 9.04963727e+00, -1.46893515e+05])]",Success
3310,"[array([-9.17729673e+00,  1.49017167e+05]), array([ 9.09179396e+00, -1.47628428e+05])]",Success
3311,"[array([-9.18933729e+00,  1.49276319e+05]), array([ 9.07536101e+00, -1.47424527e+05])]",Success
3312,"[array([-9.15931480e+00,  1.48881443e+05]), array([ 9.10233617e+00, -1.47954895e+05])]",Success
3313,"[array([-1.35760925e+01,  2.20751273e+05]), array([ 6.81175305e+00, -1.10761241e+05])]",Success
3314,"[array([-9.14264980e+00,  1.48686815e+05]), array([ 9.09999358e+00, -1.47992829e+05])]",Success
3315,"[array([-9.30253716e+00,  1.51325342e+05]), array([ 8.94693559e+00, -1.45540432e+05])]",Success
3316,"[array([-1.35706920e+01,  2.20862068e+05]), array([ 6.80904338e+00, -1.10816404e+05])]",Success
3317,"[array([-9.23769975e+00,  1.50408062e+05]), array([ 8.99609837e+00, -1.46473895e+05])]",Success
3318,"[array([-9.17752306e+00,  1.49556668e+05]), array([ 9.04966283e+00, -1.47472680e+05])]",Success
3319,"[array([-1.26538575e+01,  2.06238521e+05]), array([ 7.07758134e+00, -1.15353468e+05])]",Success
3320,"[array([-9.19952406e+00,  1.50033571e+05]), array([ 9.02889919e+00, -1.47250499e+05])]",Success
3323,"[array([-9.19472257e+00,  1.50035215e+05]), array([ 9.02418676e+00, -1.47252075e+05])]",Success
3324,"[array([-1.46660223e+01,  2.39565483e+05]), array([ 6.52916878e+00, -1.06652009e+05])]",Success
3327,"[array([-9.16084321e+00,  1.49773729e+05]), array([ 9.03321536e+00, -1.47686717e+05])]",Success
3330,"[array([-9.23094895e+00,  1.50975641e+05]), array([ 8.97532267e+00, -1.46794401e+05])]",Success
3321,"[array([-1.00029072e+01,  1.63151164e+05]), array([ 8.36919452e+00, -1.36504384e+05])]",Success
3322,"[array([-1.37758635e+01,  2.24741805e+05]), array([ 6.75256201e+00, -1.10165471e+05])]",Success
3325,"[array([-9.19224707e+00,  1.50160524e+05]), array([ 9.02175718e+00, -1.47375173e+05])]",Success
3326,"[array([-9.20548200e+00,  1.50450144e+05]), array([ 9.00659813e+00, -1.47199300e+05])]",Success
3328,"[array([-9.18969626e+00,  1.50270058e+05]), array([ 9.01925367e+00, -1.47482638e+05])]",Success
3329,"[array([-1.40936662e+01,  2.30463174e+05]), array([ 6.65311038e+00, -1.08793231e+05])]",Success
3331,"[array([-9.1705395e+00,  1.5011461e+05]), array([ 9.02858068e+00, -1.47790514e+05])]",Success
3332,"[array([-9.18391265e+00,  1.50385651e+05]), array([ 8.99966749e+00, -1.47368237e+05])]",Success
3333,"[array([-1.40456524e+01,  2.30169675e+05]), array([ 6.66927430e+00, -1.09292591e+05])]",Success
3334,"[array([-9.17822386e+00,  1.50481907e+05]), array([ 9.00799406e+00, -1.47690520e+05])]",Success
3335,"[array([-1.51755023e+01,  2.48838938e+05]), array([ 6.40372844e+00, -1.05004268e+05])]",Success
3336,"[array([-9.14818349e+00,  1.50024209e+05]), array([ 9.02073202e+00, -1.47933859e+05])]",Success
3337,"[array([-1.42810749e+01,  2.34396610e+05]), array([ 6.59126533e+00, -1.08182780e+05])]",Success
3339,"[array([-9.17464515e+00,  1.50666267e+05]), array([ 8.99058591e+00, -1.47643299e+05])]",Success
3340,"[array([-1.38260755e+01,  2.27361876e+05]), array([ 6.68792473e+00, -1.09978897e+05])]",Success
3341,[],Success
3342,[],Success
3343,[],Success
3344,[],Success
3345,[],Success
3346,[],Success
3347,"[array([-1.38577567e+01,  2.27882736e+05]), array([ 6.69310713e+00, -1.10064183e+05])]",Success
3348,"[array([-9.14435300e+00,  1.50417398e+05]), array([ 8.98888487e+00, -1.47859613e+05])]",Success
3349,"[array([-9.15875356e+00,  1.50681926e+05]), array([ 8.98888487e+00, -1.47886792e+05])]",Success
3350,"[array([-9.12999766e+00,  1.50247628e+05]), array([ 9.01675738e+00, -1.48383712e+05])]",Success
3338,"[array([-9.16144427e+00,  1.50379926e+05]), array([ 9.00568555e+00, -1.47822892e+05])]",Success
3351,"[array([-9.14133522e+00,  1.50508139e+05]), array([ 8.98591839e+00, -1.47948850e+05])]",Success
3352,"[array([-9.1258993e+00,  1.5033107e+05]), array([ 9.01270985e+00, -1.48466119e+05])]",Success
3353,"[array([-9.13899824e+00,  1.50613033e+05]), array([ 8.99752768e+00, -1.48281222e+05])]",Success
3354,"[array([-9.12465130e+00,  1.50408776e+05]), array([ 9.01147733e+00, -1.48542938e+05])]",Success
3355,"[array([-1.36425162e+01,  2.24888914e+05]), array([ 6.72651840e+00, -1.10883221e+05])]",Success
3356,"[array([-9.12104497e+00,  1.50387687e+05]), array([ 9.00791573e+00, -1.48522034e+05])]",Success
3357,"[array([-9.14977267e+00,  1.50898099e+05]), array([ 8.98007055e+00, -1.48099030e+05])]",Success
3358,"[array([-9.10442201e+00,  1.50215577e+05]), array([ 9.01959820e+00, -1.48815674e+05])]",Success
3359,"[array([-9.05949703e+00,  1.49556065e+05]), array([ 9.05949703e+00, -1.49555722e+05])]",Success
3360,"[array([-1.36317784e+01,  2.25049283e+05]), array([ 6.72122407e+00, -1.10961668e+05])]",Success
3361,"[array([-9.13071949e+00,  1.50777630e+05]), array([ 8.97548315e+00, -1.48213872e+05])]",Success
3362,"[array([-9.12733122e+00,  1.50802596e+05]), array([ 8.97215248e+00, -1.48238489e+05])]",Success
3363,"[array([-9.17058872e+00,  1.51575985e+05]), array([ 8.93074255e+00, -1.47611273e+05])]",Success
3365,"[array([-9.15378689e+00,  1.51380983e+05]), array([ 8.94222016e+00, -1.47881813e+05])]",Success
3366,"[array([-1.36183192e+01,  2.25290194e+05]), array([ 6.72236845e+00, -1.11210075e+05])]",Success
3367,"[array([-9.09067641e+00,  1.50425978e+05]), array([ 8.99201791e+00, -1.48793180e+05])]",Success
3368,"[array([-9.19026958e+00,  1.52123856e+05]), array([ 8.89426397e+00, -1.47223783e+05])]",Success
3369,"[array([-9.12877677e+00,  1.51209205e+05]), array([ 8.95946406e+00, -1.48404329e+05])]",Success
3370,"[array([-9.11337006e+00,  1.51083189e+05]), array([ 8.97229622e+00, -1.48744062e+05])]",Success
3371,"[array([-9.09798492e+00,  1.50859160e+05]), array([ 8.97123281e+00, -1.48756988e+05])]",Success
3374,"[array([-1.35636391e+01,  2.25144312e+05]), array([ 6.71887922e+00, -1.11527160e+05])]",Success
3375,"[array([-9.10640549e+00,  1.51194778e+05]), array([ 8.95158252e+00, -1.48623776e+05])]",Success
3376,"[array([-1.36579906e+01,  2.26796794e+05]), array([ 6.69478383e+00, -1.11169913e+05])]",Success
3378,"[array([-9.11842347e+00,  1.51493659e+05]), array([ 8.93549214e+00, -1.48454016e+05])]",Success
3364,"[array([-1.29849967e+01,  2.14686887e+05]), array([ 6.89346022e+00, -1.13972569e+05])]",Success
3372,"[array([-1.35374111e+01,  2.24488237e+05]), array([ 6.72939831e+00, -1.11593530e+05])]",Success
3373,"[array([-9.10764684e+00,  1.51112872e+05]), array([ 8.95280276e+00, -1.48543339e+05])]",Success
3377,"[array([-9.10408633e+00,  1.51210795e+05]), array([ 8.94930279e+00, -1.48639559e+05])]",Success
3379,"[array([-9.08871804e+00,  1.51071728e+05]), array([ 8.96209503e+00, -1.48966595e+05])]",Success
3380,"[array([-1.39455458e+01,  2.31860262e+05]), array([ 6.61417316e+00, -1.09969532e+05])]",Success
3381,"[array([-9.09605978e+00,  1.51290383e+05]), array([ 8.95525390e+00, -1.48948086e+05])]",Success
3383,"[array([-9.10914404e+00,  1.51585904e+05]), array([ 8.92639887e+00, -1.48544411e+05])]",Success
3384,"[array([-9.18016174e+00,  1.52872896e+05]), array([ 8.85681761e+00, -1.47488022e+05])]",Success
3385,"[array([-9.16347310e+00,  1.52653086e+05]), array([ 8.86833056e+00, -1.47735930e+05])]",Success
3386,"[array([-1.39986841e+01,  2.33222671e+05]), array([ 6.57731117e+00, -1.09580643e+05])]",Success
3388,"[array([-9.05813732e+00,  1.51008332e+05]), array([ 8.95983195e+00, -1.49369175e+05])]",Success
3389,"[array([-9.11423661e+00,  1.51985414e+05]), array([ 8.90358399e+00, -1.48472350e+05])]",Success
3390,"[array([-1.41939994e+01,  2.36749532e+05]), array([ 6.53502009e+00, -1.09001318e+05])]",Success
3391,"[array([-9.11192076e+00,  1.52022960e+05]), array([ 8.90132167e+00, -1.48508990e+05])]",Success
3393,"[array([-9.07988735e+00,  1.51648339e+05]), array([ 8.93933182e+00, -1.49300539e+05])]",Success
3394,"[array([-8.98103943e+00,  1.50036525e+05]), array([ 9.02313806e+00, -1.50739398e+05])]",Success
3395,"[array([-9.09064173e+00,  1.51884753e+05]), array([ 8.90826774e+00, -1.48837264e+05])]",Success
3396,"[array([-9.13379351e+00,  1.52620984e+05]), array([ 8.88085769e+00, -1.48394407e+05])]",Success
3400,"[array([-8.94581508e+00,  1.49728255e+05]), array([ 9.03936180e+00, -1.51293537e+05])]",Success
3401,"[array([-9.12982710e+00,  1.52821011e+05]), array([ 8.84526507e+00, -1.48057407e+05])]",Success
3404,[],Success
3405,[],Success
3406,[],Success
3407,[],Success
3382,"[array([-9.11038429e+00,  1.51540898e+05]), array([ 8.94141271e+00, -1.48730626e+05])]",Success
3387,"[array([-9.06184407e+00,  1.51017361e+05]), array([ 8.97741695e+00, -1.49609988e+05])]",Success
3392,"[array([-1.43331898e+01,  2.39208049e+05]), array([ 6.49749775e+00, -1.08437097e+05])]",Success
3397,"[array([-9.07508813e+00,  1.51748732e+05]), array([ 8.93460689e+00, -1.49399302e+05])]",Success
3398,"[array([-9.16151755e+00,  1.53200237e+05]), array([ 8.83883010e+00, -1.47803795e+05])]",Success
3399,"[array([-9.05954055e+00,  1.51537140e+05]), array([ 8.93332404e+00, -1.49425522e+05])]",Success
3402,[],Success
3403,[],Success
3408,[],Success
3409,"[array([-8.95741610e+00,  1.49922379e+05]), array([ 9.03556346e+00, -1.51229995e+05])]",Success
3410,"[array([-9.09870027e+00,  1.52300111e+05]), array([ 8.86875306e+00, -1.48450681e+05])]",Success
3411,"[array([-9.09179636e+00,  1.52250064e+05]), array([ 8.88166239e+00, -1.48730732e+05])]",Success
3412,"[array([-1.33416953e+01,  2.23458588e+05]), array([ 6.71749691e+00, -1.12510600e+05])]",Success
3413,"[array([-9.10523278e+00,  1.52512834e+05]), array([ 8.88075863e+00, -1.48752511e+05])]",Success
3414,"[array([-1.34649017e+01,  2.25686384e+05]), array([ 6.69335416e+00, -1.12187931e+05])]",Success
3415,"[array([-9.06024565e+00,  1.51921798e+05]), array([ 8.90620747e+00, -1.49338436e+05])]",Success
3416,"[array([-1.31544236e+01,  2.20666120e+05]), array([ 6.76248539e+00, -1.13441044e+05])]",Success
3417,"[array([-1.39793404e+01,  2.34608434e+05]), array([ 6.54487301e+00, -1.09839799e+05])]",Success
3418,"[array([-9.03914950e+00,  1.51705173e+05]), array([ 8.91321708e+00, -1.49591176e+05])]",Success
3419,"[array([-9.03914950e+00,  1.51792412e+05]), array([ 8.92703602e+00, -1.49909374e+05])]",Success
3420,"[array([-9.05106978e+00,  1.52100657e+05]), array([ 8.89718760e+00, -1.49514444e+05])]",Success
3421,"[array([-9.07606699e+00,  1.52620447e+05]), array([ 8.86629656e+00, -1.49092593e+05])]",Success
3424,"[array([-1.34081847e+01,  2.25619040e+05]), array([ 6.68073315e+00, -1.12416352e+05])]",Success
3426,"[array([-9.05489874e+00,  1.52488202e+05]), array([ 8.87324182e+00, -1.49428607e+05])]",Success
3429,"[array([-9.08140076e+00,  1.53067186e+05]), array([ 8.84388720e+00, -1.49063473e+05])]",Success
3422,"[array([-1.34444544e+01,  2.26091435e+05]), array([ 6.67543674e+00, -1.12258554e+05])]",Success
3423,"[array([-9.05948107e+00,  1.52408101e+05]), array([ 8.87773222e+00, -1.49350113e+05])]",Success
3425,"[array([-9.04294846e+00,  1.52231311e+05]), array([ 8.88920436e+00, -1.49642762e+05])]",Success
3427,"[array([-9.08140076e+00,  1.52981989e+05]), array([ 8.85751415e+00, -1.49210137e+05])]",Success
3428,"[array([-1.34311371e+01,  2.26343719e+05]), array([ 6.66882446e+00, -1.12384671e+05])]",Success
3430,"[array([-1.39084011e+01,  2.34515015e+05]), array([ 6.54233445e+00, -1.10312573e+05])]",Success
3431,"[array([-9.06020448e+00,  1.52770047e+05]), array([ 8.85080068e+00, -1.49238697e+05])]",Success
3432,"[array([-9.04471312e+00,  1.52644428e+05]), array([ 8.87695955e+00, -1.49812933e+05])]",Success
3433,"[array([-1.33862908e+01,  2.25942497e+05]), array([ 6.66982435e+00, -1.12577432e+05])]",Success
3434,"[array([-9.04242886e+00,  1.52676515e+05]), array([ 8.87471766e+00, -1.49844424e+05])]",Success
3435,"[array([-9.03800729e+00,  1.52667210e+05]), array([ 8.87037810e+00, -1.49835255e+05])]",Success
3436,"[array([-9.02379659e+00,  1.52481968e+05]), array([ 8.87037810e+00, -1.49889082e+05])]",Success
3437,"[array([-9.03572646e+00,  1.52783609e+05]), array([ 8.86813957e+00, -1.49949570e+05])]",Success
3438,"[array([-1.27221426e+01,  2.15146336e+05]), array([ 6.85506129e+00, -1.15927046e+05])]",Success
3439,"[array([-1.28647675e+01,  2.17617355e+05]), array([ 6.80627082e+00, -1.15133015e+05])]",Success
3440,"[array([-8.92091392e+00,  1.50945444e+05]), array([ 8.96273070e+00, -1.51652577e+05])]",Success
3441,"[array([-9.07618299e+00,  1.53583902e+05]), array([ 8.81128671e+00, -1.49101044e+05])]",Success
3442,"[array([-1.28887087e+01,  2.18163689e+05]), array([ 6.79558691e+00, -1.15027599e+05])]",Success
3446,"[array([-9.02313978e+00,  1.52948995e+05]), array([ 8.85578634e+00, -1.50112002e+05])]",Success
3447,"[array([-9.00895245e+00,  1.52791999e+05]), array([ 8.86949499e+00, -1.50426457e+05])]",Success
3452,"[array([-8.98680268e+00,  1.52686760e+05]), array([ 8.87533846e+00, -1.50792592e+05])]",Success
3453,"[array([-1.42738268e+01,  2.42556036e+05]), array([ 6.42402308e+00, -1.09163531e+05])]",Success
3454,"[array([-8.98556446e+00,  1.52733892e+05]), array([ 8.87411560e+00, -1.50839139e+05])]",Success
3455,"[array([-8.99969271e+00,  1.53009310e+05]), array([ 8.84668402e+00, -1.50407496e+05])]",Success
3464,[],Success
3443,"[array([-9.01360811e+00,  1.52579239e+05]), array([ 8.87407857e+00, -1.50216915e+05])]",Success
3444,"[array([-9.01360811e+00,  1.52711977e+05]), array([ 8.86036284e+00, -1.50115219e+05])]",Success
3445,"[array([-1.30568524e+01,  2.21314051e+05]), array([ 6.73555605e+00, -1.14169333e+05])]",Success
3448,"[array([-1.36064651e+01,  2.30858498e+05]), array([ 6.59185477e+00, -1.11843329e+05])]",Success
3449,"[array([-9.04829138e+00,  1.53532200e+05]), array([ 8.82522103e+00, -1.49746746e+05])]",Success
3450,"[array([-8.99147323e+00,  1.52675424e+05]), array([ 8.86620502e+00, -1.50547948e+05])]",Success
3451,"[array([-1.31652389e+01,  2.23658340e+05]), array([ 6.69810401e+00, -1.13791698e+05])]",Success
3456,"[array([-8.95537268e+00,  1.52304167e+05]), array([ 8.89966275e+00, -1.51356365e+05])]",Success
3457,"[array([-8.99761501e+00,  1.53082416e+05]), array([ 8.84464165e+00, -1.50479511e+05])]",Success
3458,"[array([-1.30352691e+01,  2.21824763e+05]), array([ 6.74026283e+00, -1.14703952e+05])]",Success
3459,"[array([-8.99640250e+00,  1.53118943e+05]), array([ 8.84344976e+00, -1.50515303e+05])]",Success
3460,"[array([-8.99640250e+00,  1.53190645e+05]), array([ 8.84344976e+00, -1.50585787e+05])]",Success
3461,"[array([-1.50176168e+01,  2.55799894e+05]), array([ 6.26794557e+00, -1.06765926e+05])]",Success
3462,[],Success
3463,[],Success
3465,[],Success
3466,[],Success
3467,[],Success
3468,"[array([-1.49680729e+01,  2.54956090e+05]), array([ 6.26964894e+00, -1.06794977e+05])]",Success
3469,"[array([-1.71007491e+01,  2.91432920e+05]), array([ 5.92494833e+00, -1.00973716e+05])]",Success
3471,"[array([-8.96648381e+00,  1.52961330e+05]), array([ 8.84156376e+00, -1.50829870e+05])]",Success
3472,"[array([-8.98058205e+00,  1.53217890e+05]), array([ 8.84156376e+00, -1.50845755e+05])]",Success
3473,"[array([-8.97934725e+00,  1.53292047e+05]), array([ 8.84034806e+00, -1.50918765e+05])]",Success
3474,"[array([-8.99246563e+00,  1.53557407e+05]), array([ 8.82568110e+00, -1.50708978e+05])]",Success
3476,"[array([-1.37893282e+01,  2.35672055e+05]), array([ 6.50202948e+00, -1.11125219e+05])]",Success
3470,"[array([-8.98058205e+00,  1.53074215e+05]), array([ 8.84156376e+00, -1.50704267e+05])]",Success
3475,"[array([-8.94793398e+00,  1.52902573e+05]), array([ 8.85082462e+00, -1.51242745e+05])]",Success
3477,"[array([-8.94689063e+00,  1.52955873e+05]), array([ 8.83609323e+00, -1.51061260e+05])]",Success
3478,"[array([-1.39888221e+01,  2.39211396e+05]), array([ 6.46369129e+00, -1.10530469e+05])]",Success
3479,"[array([-8.93064710e+00,  1.52778789e+05]), array([ 8.87509098e+00, -1.51828034e+05])]",Success
3480,"[array([-8.86130978e+00,  1.51603890e+05]), array([ 8.93064710e+00, -1.52789763e+05])]",Success
3481,"[array([-8.98583785e+00,  1.53770733e+05]), array([ 8.80556641e+00, -1.50685673e+05])]",Success
3482,"[array([-8.96396000e+00,  1.53483986e+05]), array([ 8.82519901e+00, -1.51107960e+05])]",Success
3483,"[array([-8.97582582e+00,  1.53842630e+05]), array([ 8.80934991e+00, -1.50988911e+05])]",Success
3484,"[array([-8.93361974e+00,  1.53150220e+05]), array([ 8.83666573e+00, -1.51487742e+05])]",Success
3485,"[array([-1.35383596e+01,  2.32122211e+05]), array([ 6.55132114e+00, -1.12325730e+05])]",Success
3486,"[array([-8.98888540e+00,  1.54170549e+05]), array([ 8.78112996e+00, -1.50607019e+05])]",Success
3487,"[array([-1.34321876e+01,  2.30480526e+05]), array([ 6.57649831e+00, -1.12844668e+05])]",Success
3488,"[array([-8.98183511e+00,  1.54184291e+05]), array([ 8.77424262e+00, -1.50620255e+05])]",Success
3489,"[array([-1.32089503e+01,  2.26847852e+05]), array([ 6.61983437e+00, -1.13687512e+05])]",Success
3490,"[array([-8.97958605e+00,  1.54221875e+05]), array([ 8.78558265e+00, -1.50889582e+05])]",Success
3491,"[array([-8.94788096e+00,  1.53864967e+05]), array([ 8.80936887e+00, -1.51482816e+05])]",Success
3492,"[array([-8.97298807e+00,  1.54326648e+05]), array([ 8.77912721e+00, -1.50992053e+05])]",Success
3493,"[array([-8.72526754e+00,  1.50097440e+05]), array([ 9.02995942e+00, -1.55338550e+05])]",Success
3494,"[array([-8.98716340e+00,  1.54623376e+05]), array([ 8.76560005e+00, -1.50811058e+05])]",Success
3495,"[array([-8.73867041e+00,  1.50396923e+05]), array([ 9.00138360e+00, -1.54918464e+05])]",Success
3496,"[array([-1.24756018e+01,  2.14731564e+05]), array([ 6.83758946e+00, -1.17689873e+05])]",Success
3497,"[array([-9.18921374e+00,  1.58192326e+05]), array([ 8.56645076e+00, -1.47471421e+05])]",Success
3498,"[array([-9.18812821e+00,  1.58234653e+05]), array([ 8.57835801e+00, -1.47733151e+05])]",Success
3499,"[array([-8.95661631e+00,  1.54286025e+05]), array([ 8.77693111e+00, -1.51190400e+05])]",Success
3500,"[array([-8.94146491e+00,  1.54108610e+05]), array([ 8.77588223e+00, -1.51254288e+05])]",Success
3502,"[array([-8.95623068e+00,  1.54539073e+05]), array([ 8.77627551e+00, -1.51433699e+05])]",Success
3503,"[array([-8.94212638e+00,  1.54307973e+05]), array([ 8.77627551e+00, -1.51445623e+05])]",Success
3505,"[array([-8.98340149e+00,  1.55208333e+05]), array([ 8.70783703e+00, -1.50446885e+05])]",Success
3506,"[array([-1.47450195e+01,  2.54798674e+05]), array([ 6.23827747e+00, -1.07799573e+05])]",Success
3507,"[array([-8.93635525e+00,  1.54443035e+05]), array([ 8.75707652e+00, -1.51344185e+05])]",Success
3508,"[array([-9.02159870e+00,  1.55952802e+05]), array([ 8.69002386e+00, -1.50221075e+05])]",Success
3509,"[array([-9.06359419e+00,  1.56802887e+05]), array([ 8.63593602e+00, -1.49403861e+05])]",Success
3510,"[array([-8.93189665e+00,  1.54618132e+05]), array([ 8.76623551e+00, -1.51750068e+05])]",Success
3511,"[array([-9.01709758e+00,  1.56149739e+05]), array([ 8.68568817e+00, -1.50410399e+05])]",Success
3512,"[array([-8.90263657e+00,  1.54243120e+05]), array([ 8.77860603e+00, -1.52093802e+05])]",Success
3513,"[array([-8.91663443e+00,  1.54543169e+05]), array([ 8.76503786e+00, -1.51915315e+05])]",Success
3514,"[array([-8.91537391e+00,  1.54593439e+05]), array([ 8.77167984e+00, -1.52101438e+05])]",Success
3515,[],Success
3516,[],Success
3517,[],Success
3518,[],Success
3519,[],Success
3520,[],Success
3521,[],Success
3522,[],Success
3523,"[array([-8.88388355e+00,  1.54047520e+05]), array([ 8.76450055e+00, -1.51976922e+05])]",Success
3524,"[array([-1.35128099e+01,  2.34389306e+05]), array([ 6.50789351e+00, -1.12883917e+05])]",Success
3531,"[array([-8.95196298e+00,  1.55692711e+05]), array([ 8.70406247e+00, -1.51380844e+05])]",Success
3533,"[array([-8.92150330e+00,  1.55315682e+05]), array([ 8.72875477e+00, -1.51959719e+05])]",Success
3501,"[array([-1.38263122e+01,  2.38391910e+05]), array([ 6.52424148e+00, -1.12497132e+05])]",Success
3504,"[array([-8.88499177e+00,  1.53470890e+05]), array([ 8.82971966e+00, -1.52516021e+05])]",Success
3525,"[array([-1.34790786e+01,  2.33894787e+05]), array([ 6.50714139e+00, -1.12914426e+05])]",Success
3526,"[array([-8.90127831e+00,  1.54500764e+05]), array([ 8.74994283e+00, -1.51873707e+05])]",Success
3527,"[array([-8.94346447e+00,  1.55309439e+05]), array([ 8.72297844e+00, -1.51480170e+05])]",Success
3528,"[array([-1.35112482e+01,  2.34638179e+05]), array([ 6.49221675e+00, -1.12745039e+05])]",Success
3529,"[array([-8.91188791e+00,  1.54864794e+05]), array([ 8.76013749e+00, -1.52227440e+05])]",Success
3530,"[array([-8.91188791e+00,  1.54934141e+05]), array([ 8.73310003e+00, -1.51825590e+05])]",Success
3532,"[array([-8.92250696e+00,  1.55261152e+05]), array([ 8.71628569e+00, -1.51672264e+05])]",Success
3534,"[array([-8.89344826e+00,  1.54856772e+05]), array([ 8.74224589e+00, -1.52223549e+05])]",Success
3535,"[array([-1.25664801e+01,  2.18909298e+05]), array([ 6.74006680e+00, -1.17413388e+05])]",Success
3536,"[array([-8.91825492e+00,  1.55389300e+05]), array([ 8.71213192e+00, -1.51797564e+05])]",Success
3537,"[array([-1.40985284e+01,  2.45674879e+05]), array([ 6.33801559e+00, -1.10443531e+05])]",Success
3538,"[array([-8.88799975e+00,  1.54922762e+05]), array([ 8.73689002e+00, -1.52288417e+05])]",Success
3539,"[array([-8.92907499e+00,  1.55706429e+05]), array([ 8.70894371e+00, -1.51867411e+05])]",Success
3541,"[array([-8.91179195e+00,  1.55511626e+05]), array([ 8.70581833e+00, -1.51917024e+05])]",Success
3542,"[array([-1.13656057e+01,  1.98364097e+05]), array([ 7.17751716e+00, -1.25271744e+05])]",Success
3544,"[array([-8.88990196e+00,  1.55193370e+05]), array([ 8.72501970e+00, -1.52314675e+05])]",Success
3545,"[array([-8.96045674e+00,  1.56459842e+05]), array([ 8.67140975e+00, -1.51412415e+05])]",Success
3546,"[array([-8.93093011e+00,  1.56009323e+05]), array([ 8.69699204e+00, -1.51922570e+05])]",Success
3547,"[array([-1.45079612e+01,  2.53556545e+05]), array([ 6.24291693e+00, -1.09107555e+05])]",Success
3548,"[array([-8.88755418e+00,  1.55348225e+05]), array([ 8.72271546e+00, -1.52466582e+05])]",Success
3549,"[array([-8.88534861e+00,  1.55404957e+05]), array([ 8.72055080e+00, -1.52522375e+05])]",Success
3552,"[array([-8.89183086e+00,  1.55711932e+05]), array([ 8.68631859e+00, -1.52112587e+05])]",Success
3560,"[array([-8.75622516e+00,  1.53815180e+05]), array([ 8.81103722e+00, -1.54777647e+05])]",Success
3540,"[array([-8.87088981e+00,  1.54779485e+05]), array([ 8.74730156e+00, -1.52622695e+05])]",Success
3543,"[array([-2.19766105e+01,  3.83628003e+05]), array([ 5.36881073e+00, -9.37198900e+04])]",Success
3550,"[array([-1.35239494e+01,  2.36659201e+05]), array([ 6.45250217e+00, -1.12913926e+05])]",Success
3551,"[array([-8.89183086e+00,  1.55693930e+05]), array([ 8.68631859e+00, -1.52095002e+05])]",Success
3553,"[array([-8.84995411e+00,  1.55039736e+05]), array([ 8.72665753e+00, -1.52879320e+05])]",Success
3554,"[array([-8.90481450e+00,  1.56048286e+05]), array([ 8.68528133e+00, -1.52200839e+05])]",Success
3555,"[array([-1.20960249e+01,  2.11976725e+05]), array([ 6.85735715e+00, -1.20172094e+05])]",Success
3556,"[array([-8.87456768e+00,  1.55578205e+05]), array([ 8.70996983e+00, -1.52692372e+05])]",Success
3557,"[array([-1.42667101e+01,  2.50105985e+05]), array([ 6.28244200e+00, -1.10137119e+05])]",Success
3558,"[array([-1.39092111e+01,  2.44121202e+05]), array([ 6.34372806e+00, -1.11339176e+05])]",Success
3559,"[array([-8.85728068e+00,  1.55489712e+05]), array([ 8.70669322e+00, -1.52845766e+05])]",Success
3561,"[array([-8.93690918e+00,  1.56990814e+05]), array([ 8.63535703e+00, -1.51693203e+05])]",Success
3562,"[array([-1.33088008e+01,  2.33815318e+05]), array([ 6.49322116e+00, -1.14075883e+05])]",Success
3563,"[array([-8.85160810e+00,  1.55538701e+05]), array([ 8.70111708e+00, -1.52893960e+05])]",Success
3564,"[array([-8.89355885e+00,  1.56322697e+05]), array([ 8.67430316e+00, -1.52468485e+05])]",Success
3565,"[array([-8.85059138e+00,  1.55607745e+05]), array([ 8.70011765e+00, -1.52961754e+05])]",Success
3569,"[array([-8.85910754e+00,  1.55928850e+05]), array([ 8.69479642e+00, -1.53036513e+05])]",Success
3570,"[array([-8.84517812e+00,  1.55757887e+05]), array([ 8.69479642e+00, -1.53109457e+05])]",Success
3575,"[array([-1.45957057e+01,  2.57437962e+05]), array([ 6.18681037e+00, -1.09122224e+05])]",Success
3576,"[array([-8.82158035e+00,  1.55626286e+05]), array([ 8.69583018e+00, -1.53407438e+05])]",Success
3578,[],Success
3579,[],Success
3580,[],Success
3581,[],Success
3582,[],Success
3566,"[array([-8.87851123e+00,  1.56127355e+05]), array([ 8.68669154e+00, -1.52753894e+05])]",Success
3567,"[array([-1.34939625e+01,  2.37319748e+05]), array([ 6.44556974e+00, -1.13360639e+05])]",Success
3568,"[array([-8.84517812e+00,  1.55622261e+05]), array([ 8.69479642e+00, -1.52976023e+05])]",Success
3571,"[array([-1.44227402e+01,  2.54018673e+05]), array([ 6.22909044e+00, -1.09711262e+05])]",Success
3572,"[array([-8.88373956e+00,  1.56496136e+05]), array([ 8.66472595e+00, -1.52637724e+05])]",Success
3573,"[array([-8.84183513e+00,  1.55810943e+05]), array([ 8.67809744e+00, -1.52925097e+05])]",Success
3574,"[array([-8.82303842e+00,  1.55559582e+05]), array([ 8.68666998e+00, -1.53154763e+05])]",Success
3577,[],Success
3583,[],Success
3584,[],Success
3585,"[array([-1.45567215e+01,  2.56750426e+05]), array([ 6.18438294e+00, -1.09079398e+05])]",Success
3586,"[array([-8.80704468e+00,  1.55369896e+05]), array([ 8.69223337e+00, -1.53343981e+05])]",Success
3587,"[array([-1.41756842e+01,  2.50244438e+05]), array([ 6.26514615e+00, -1.10598946e+05])]",Success
3588,"[array([-8.78493106e+00,  1.55148682e+05]), array([ 8.71672507e+00, -1.53943691e+05])]",Success
3589,"[array([-8.84026921e+00,  1.56155220e+05]), array([ 8.67630749e+00, -1.53258609e+05])]",Success
3590,"[array([-8.84026921e+00,  1.56178786e+05]), array([ 8.66291813e+00, -1.53045151e+05])]",Success
3591,"[array([-1.38201657e+01,  2.44321330e+05]), array([ 6.34009863e+00, -1.12084005e+05])]",Success
3592,"[array([-8.77872131e+00,  1.55333107e+05]), array([ 8.71056354e+00, -1.54127026e+05])]",Success
3593,"[array([-8.91502883e+00,  1.57796162e+05]), array([ 8.58737080e+00, -1.51996235e+05])]",Success
3594,"[array([-8.87271065e+00,  1.57126968e+05]), array([ 8.62700482e+00, -1.52775572e+05])]",Success
3595,"[array([-8.91396336e+00,  1.57908836e+05]), array([ 8.57321552e+00, -1.51872151e+05])]",Success
3597,"[array([-8.85423674e+00,  1.56918344e+05]), array([ 8.63595047e+00, -1.53049410e+05])]",Success
3602,"[array([-9.82786145e+00,  1.74366081e+05]), array([ 7.84577175e+00, -1.39199430e+05])]",Success
3603,"[array([-8.84755311e+00,  1.57057686e+05]), array([ 8.62943161e+00, -1.53185317e+05])]",Success
3604,"[array([-1.26708170e+01,  2.24950044e+05]), array([ 6.60436452e+00, -1.17249540e+05])]",Success
3596,"[array([-8.92473226e+00,  1.58117136e+05]), array([ 8.56992639e+00, -1.51830760e+05])]",Success
3598,"[array([-8.82531065e+00,  1.56447673e+05]), array([ 8.66162637e+00, -1.53545789e+05])]",Success
3599,"[array([-8.98088503e+00,  1.59229236e+05]), array([ 8.50390328e+00, -1.50772037e+05])]",Success
3600,"[array([-1.31860524e+01,  2.33785764e+05]), array([ 6.47869626e+00, -1.14866301e+05])]",Success
3601,"[array([-8.82185988e+00,  1.56508489e+05]), array([ 8.65823961e+00, -1.53605704e+05])]",Success
3605,"[array([-1.17878121e+01,  2.09447484e+05]), array([ 6.88709811e+00, -1.22371174e+05])]",Success
3606,"[array([-8.83156272e+00,  1.56981185e+05]), array([ 8.64075735e+00, -1.53589276e+05])]",Success
3607,"[array([-1.34548579e+01,  2.39222395e+05]), array([ 6.41147870e+00, -1.13996677e+05])]",Success
3608,"[array([-8.85297006e+00,  1.57410132e+05]), array([ 8.60781089e+00, -1.53050706e+05])]",Success
3609,"[array([-1.79906015e+01,  3.19971258e+05]), array([ 5.65730746e+00, -1.00617625e+05])]",Success
3610,"[array([-8.81114501e+00,  1.56839993e+05]), array([ 8.63437821e+00, -1.53693093e+05])]",Success
3611,"[array([-8.78348050e+00,  1.56367981e+05]), array([ 8.64772346e+00, -1.53950706e+05])]",Success
3612,"[array([-1.27115687e+01,  2.26332970e+05]), array([ 6.58785655e+00, -1.17299243e+05])]",Success
3613,"[array([-8.82079049e+00,  1.57065639e+05]), array([ 8.61692014e+00, -1.53435083e+05])]",Success
3614,"[array([-1.55758069e+01,  2.77421606e+05]), array([ 5.97405413e+00, -1.06405404e+05])]",Success
3615,"[array([-8.81521951e+00,  1.57072632e+05]), array([ 8.61147792e+00, -1.53441839e+05])]",Success
3616,"[array([-8.81405748e+00,  1.57136322e+05]), array([ 8.62363031e+00, -1.53741024e+05])]",Success
3617,"[array([-8.78113293e+00,  1.56618860e+05]), array([ 8.64520208e+00, -1.54194003e+05])]",Success
3619,"[array([-1.39969938e+01,  2.49747064e+05]), array([ 6.25397597e+00, -1.11588818e+05])]",Success
3620,"[array([-8.77897652e+00,  1.56806932e+05]), array([ 8.62972035e+00, -1.54140554e+05])]",Success
3621,"[array([-8.79053304e+00,  1.57043063e+05]), array([ 8.62749379e+00, -1.54129986e+05])]",Success
3622,"[array([-8.78951511e+00,  1.57069263e+05]), array([ 8.61318225e+00, -1.53917764e+05])]",Success
3624,"[array([-8.74705072e+00,  1.56419671e+05]), array([ 8.65212149e+00, -1.54721673e+05])]",Success
3626,"[array([-8.77354136e+00,  1.56964088e+05]), array([ 8.62437760e+00, -1.54295226e+05])]",Success
3628,"[array([-8.70296909e+00,  1.55795171e+05]), array([ 8.70296909e+00, -1.55794905e+05])]",Success
3618,"[array([-8.82274968e+00,  1.57376983e+05]), array([ 8.60523967e+00, -1.53496743e+05])]",Success
3623,"[array([-1.33524931e+01,  2.38648192e+05]), array([ 6.39328992e+00, -1.14267317e+05])]",Success
3625,"[array([-8.7460381e+00,  1.5640951e+05]), array([ 8.66455327e+00, -1.54951899e+05])]",Success
3627,"[array([-9.08672462e+00,  1.62579867e+05]), array([ 8.32723719e+00, -1.48990658e+05])]",Success
3629,"[array([-8.82459844e+00,  1.57992288e+05]), array([ 8.55390523e+00, -1.53145442e+05])]",Success
3630,"[array([-8.79576032e+00,  1.57560504e+05]), array([ 8.57924930e+00, -1.53681672e+05])]",Success
3632,"[array([-8.77860059e+00,  1.57313020e+05]), array([ 8.61578265e+00, -1.54395314e+05])]",Success
3633,"[array([-1.36963424e+01,  2.45529426e+05]), array([ 6.29876992e+00, -1.12915494e+05])]",Success
3634,"[array([-8.90481050e+00,  1.59633992e+05]), array([ 8.49757832e+00, -1.52333321e+05])]",Success
3636,"[array([-8.82027116e+00,  1.58181973e+05]), array([ 8.54971070e+00, -1.53329347e+05])]",Success
3637,"[array([-8.93335156e+00,  1.60222443e+05]), array([ 8.45889435e+00, -1.51712531e+05])]",Success
3638,"[array([-8.77860059e+00,  1.57502277e+05]), array([ 8.60248669e+00, -1.54342129e+05])]",Success
3641,"[array([-8.71001777e+00,  1.56325151e+05]), array([ 8.67499619e+00, -1.55696241e+05])]",Success
3643,[],Success
3644,[],Success
3645,[],Success
3646,[],Success
3647,[],Success
3648,[],Success
3649,[],Success
3650,[],Success
3651,[],Success
3652,[],Success
3653,"[array([-1.15574939e+01,  2.07397497e+05]), array([ 6.93226169e+00, -1.24399926e+05])]",Success
3655,"[array([-8.78661207e+00,  1.57711062e+05]), array([ 8.57720514e+00, -1.53952035e+05])]",Success
3631,"[array([-1.30582365e+01,  2.33918483e+05]), array([ 6.46102777e+00, -1.15741786e+05])]",Success
3635,"[array([-8.79244696e+00,  1.57658144e+05]), array([ 8.58923170e+00, -1.54013855e+05])]",Success
3639,"[array([-8.83424941e+00,  1.58505003e+05]), array([ 8.53661773e+00, -1.53164447e+05])]",Success
3640,"[array([-1.15412244e+01,  2.07105628e+05]), array([ 6.94432363e+00, -1.24616424e+05])]",Success
3642,"[array([-8.80633709e+00,  1.58065064e+05]), array([ 8.56822700e+00, -1.53790807e+05])]",Success
3654,"[array([-8.70423758e+00,  1.56221442e+05]), array([ 8.65724127e+00, -1.55377497e+05])]",Success
3656,"[array([-1.59415104e+01,  2.86193577e+05]), array([ 5.89363042e+00, -1.05810060e+05])]",Success
3657,"[array([-2.07596534e+01,  3.72842488e+05]), array([ 5.35991052e+00, -9.62635068e+04])]",Success
3659,"[array([-8.76155451e+00,  1.57531098e+05]), array([ 8.59905273e+00, -1.54609158e+05])]",Success
3660,"[array([-8.77308790e+00,  1.57858221e+05]), array([ 8.57032008e+00, -1.54209308e+05])]",Success
3661,"[array([-1.46355450e+01,  2.63355364e+05]), array([ 6.09146452e+00, -1.09611808e+05])]",Success
3662,"[array([-8.81379890e+00,  1.58605791e+05]), array([ 8.54302167e+00, -1.53732734e+05])]",Success
3663,"[array([-8.75712965e+00,  1.57672532e+05]), array([ 8.58144649e+00, -1.54509006e+05])]",Success
3664,"[array([-8.81264236e+00,  1.58733198e+05]), array([ 8.52879958e+00, -1.53620285e+05])]",Success
3665,"[array([-1.37950809e+01,  2.48608861e+05]), array([ 6.24653662e+00, -1.12572138e+05])]",Success
3667,"[array([-1.35893851e+01,  2.44991273e+05]), array([ 6.30165365e+00, -1.13606851e+05])]",Success
3668,"[array([-8.77540138e+00,  1.58318124e+05]), array([ 8.54589088e+00, -1.54177117e+05])]",Success
3669,"[array([-1.44999276e+01,  2.61638478e+05]), array([ 6.10943045e+00, -1.10241800e+05])]",Success
3670,"[array([-8.77325795e+00,  1.58410671e+05]), array([ 8.54380351e+00, -1.54267244e+05])]",Success
3671,"[array([-1.59582537e+01,  2.88181927e+05]), array([ 5.85809312e+00, -1.05788067e+05])]",Success
3672,"[array([-8.75831719e+00,  1.58201842e+05]), array([ 8.55589076e+00, -1.54544988e+05])]",Success
3673,"[array([-8.77215340e+00,  1.58492156e+05]), array([ 8.52960538e+00, -1.54109428e+05])]",Success
3678,"[array([-8.72086028e+00,  1.57820474e+05]), array([ 8.57259218e+00, -1.55136863e+05])]",Success
3679,"[array([-8.45498039e+00,  1.53044289e+05]), array([ 8.84604009e+00, -1.60122460e+05])]",Success
3683,"[array([-1.38266939e+01,  2.50526808e+05]), array([ 6.22278816e+00, -1.12750936e+05])]",Success
3658,"[array([-8.77537400e+00,  1.57709647e+05]), array([ 8.57255334e+00, -1.54064168e+05])]",Success
3666,"[array([-8.78165499e+00,  1.58272780e+05]), array([ 8.57837594e+00, -1.54609100e+05])]",Success
3675,"[array([-8.74341714e+00,  1.58058005e+05]), array([ 8.56800908e+00, -1.54886708e+05])]",Success
3676,"[array([-8.75720802e+00,  1.58358026e+05]), array([ 8.54164598e+00, -1.54459562e+05])]",Success
3677,"[array([-1.44945622e+01,  2.62190141e+05]), array([ 6.09376214e+00, -1.10228958e+05])]",Success
3680,"[array([-8.84604009e+00,  1.60126357e+05]), array([ 8.46788876e+00, -1.53280962e+05])]",Success
3681,"[array([-8.77508972e+00,  1.58898982e+05]), array([ 8.51898111e+00, -1.54260961e+05])]",Success
3682,"[array([-8.75909044e+00,  1.58669972e+05]), array([ 8.53000654e+00, -1.54519725e+05])]",Success
3684,"[array([-8.75810075e+00,  1.58718703e+05]), array([ 8.52904273e+00, -1.54567182e+05])]",Success
3685,"[array([-8.72838787e+00,  1.58265860e+05]), array([ 8.55328133e+00, -1.55090393e+05])]",Success
3686,"[array([-8.75596572e+00,  1.58777704e+05]), array([ 8.54010216e+00, -1.54862931e+05])]",Success
3689,"[array([-1.44644767e+01,  2.62562092e+05]), array([ 6.08779624e+00, -1.10507149e+05])]",Success
3690,"[array([-8.71758026e+00,  1.58357477e+05]), array([ 8.54269053e+00, -1.55180096e+05])]",Success
3691,"[array([-1.43040400e+01,  2.59867344e+05]), array([ 6.11000382e+00, -1.11002672e+05])]",Success
3693,"[array([-8.72920499e+00,  1.58684080e+05]), array([ 8.52745141e+00, -1.55016156e+05])]",Success
3695,"[array([-1.40399446e+01,  2.55457197e+05]), array([ 6.16006479e+00, -1.12083054e+05])]",Success
3696,"[array([-8.72399989e+00,  1.58767116e+05]), array([ 8.53551841e+00, -1.55336585e+05])]",Success
3697,"[array([-8.70909826e+00,  1.58602068e+05]), array([ 8.53437869e+00, -1.55419818e+05])]",Success
3698,"[array([-8.70789402e+00,  1.58603370e+05]), array([ 8.54638749e+00, -1.55661353e+05])]",Success
3699,"[array([-8.70486344e+00,  1.58611202e+05]), array([ 8.54341312e+00, -1.55669078e+05])]",Success
3703,"[array([-1.40220091e+01,  2.55858480e+05]), array([ 6.14535214e+00, -1.12133699e+05])]",Success
3706,[],Success
3707,[],Success
3708,[],Success
3709,[],Success
3674,"[array([-1.48867912e+01,  2.69062587e+05]), array([ 6.02253048e+00, -1.08850513e+05])]",Success
3687,"[array([-1.38878315e+01,  2.51892313e+05]), array([ 6.20520129e+00, -1.12548211e+05])]",Success
3688,"[array([-8.74013368e+00,  1.58583028e+05]), array([ 8.53812751e+00, -1.54917364e+05])]",Success
3692,"[array([-8.71758026e+00,  1.58377725e+05]), array([ 8.54269053e+00, -1.55199939e+05])]",Success
3694,"[array([-8.71333719e+00,  1.58461838e+05]), array([ 8.53853259e+00, -1.55282477e+05])]",Success
3700,"[array([-1.39570258e+01,  2.54420537e+05]), array([ 6.16850694e+00, -1.12444934e+05])]",Success
3701,"[array([-8.67542341e+00,  1.58196527e+05]), array([ 8.55455838e+00, -1.55992170e+05])]",Success
3702,"[array([-8.74284980e+00,  1.59471539e+05]), array([ 8.50074011e+00, -1.55055104e+05])]",Success
3704,"[array([-8.68659052e+00,  1.58549050e+05]), array([ 8.56520290e+00, -1.56333467e+05])]",Success
3705,"[array([-8.72358366e+00,  1.59325166e+05]), array([ 8.51959217e+00, -1.55599178e+05])]",Success
3710,[],Success
3711,"[array([-8.68662102e+00,  1.58549588e+05]), array([ 8.53650354e+00, -1.55809509e+05])]",Success
3712,"[array([-8.69035481e+00,  1.58718439e+05]), array([ 8.51573607e+00, -1.55528791e+05])]",Success
3713,"[array([-8.70282819e+00,  1.59103824e+05]), array([ 8.51480413e+00, -1.55666094e+05])]",Success
3714,"[array([-8.70282819e+00,  1.59192324e+05]), array([ 8.51480413e+00, -1.55752607e+05])]",Success
3715,"[array([-8.60778951e+00,  1.57457602e+05]), array([ 8.60778951e+00, -1.57457335e+05])]",Success
3716,"[array([-1.35204459e+01,  2.47393235e+05]), array([ 6.24727286e+00, -1.14311034e+05])]",Success
3717,"[array([-8.69973898e+00,  1.59205366e+05]), array([ 8.51178166e+00, -1.55765404e+05])]",Success
3718,"[array([-7.92476223e+00,  1.45052624e+05]), array([ 9.41234559e+00, -1.72280598e+05])]",Success
3720,"[array([-8.69649671e+00,  1.59283830e+05]), array([ 8.50860944e+00, -1.55842249e+05])]",Success
3722,"[array([-1.27879890e+01,  2.34444369e+05]), array([ 6.41632507e+00, -1.17631757e+05])]",Success
3728,"[array([-8.67965770e+00,  1.59558504e+05]), array([ 8.47904928e+00, -1.55870331e+05])]",Success
3730,"[array([-8.69011115e+00,  1.59901256e+05]), array([ 8.47587112e+00, -1.55958821e+05])]",Success
3731,"[array([-8.67640435e+00,  1.59679682e+05]), array([ 8.47587112e+00, -1.55988671e+05])]",Success
3732,"[array([-8.67335988e+00,  1.59726419e+05]), array([ 8.48597247e+00, -1.56275163e+05])]",Success
3719,"[array([-8.79686525e+00,  1.61027442e+05]), array([ 8.40797944e+00, -1.53908961e+05])]",Success
3721,"[array([-8.7357245e+00,  1.6009475e+05]), array([ 8.46734587e+00, -1.55176025e+05])]",Success
3723,"[array([-8.73474364e+00,  1.60168252e+05]), array([ 8.45340987e+00, -1.55009155e+05])]",Success
3726,"[array([-8.65348768e+00,  1.59007688e+05]), array([ 8.50636501e+00, -1.56303855e+05])]",Success
3727,"[array([-8.65236318e+00,  1.59018592e+05]), array([ 8.50525964e+00, -1.56314574e+05])]",Success
3729,"[array([-8.67850411e+00,  1.59640167e+05]), array([ 8.47792235e+00, -1.55950031e+05])]",Success
3733,"[array([-8.65760710e+00,  1.59542185e+05]), array([ 8.49703324e+00, -1.56582793e+05])]",Success
3734,"[array([-8.68398895e+00,  1.60082430e+05]), array([ 8.46989986e+00, -1.56135566e+05])]",Success
3735,"[array([-8.69660047e+00,  1.60351421e+05]), array([ 8.45577154e+00, -1.55910544e+05])]",Success
3736,"[array([-8.68188990e+00,  1.60105719e+05]), array([ 8.45482509e+00, -1.55918261e+05])]",Success
3737,"[array([-8.68188990e+00,  1.60113418e+05]), array([ 8.45482509e+00, -1.55925420e+05])]",Success
3738,"[array([-1.39838074e+01,  2.57918462e+05]), array([ 6.10626256e+00, -1.12624344e+05])]",Success
3739,"[array([-8.76397186e+00,  1.61701198e+05]), array([ 8.37654018e+00, -1.54552409e+05])]",Success
3740,"[array([-1.39433569e+01,  2.57451183e+05]), array([ 6.11088166e+00, -1.12831480e+05])]",Success
3741,"[array([-8.70530823e+00,  1.60815661e+05]), array([ 8.42492254e+00, -1.55635637e+05])]",Success
3742,"[array([-8.57638760e+00,  1.58506801e+05]), array([ 8.53637335e+00, -1.57766922e+05])]",Success
3743,"[array([-8.71157287e+00,  1.61033833e+05]), array([ 8.41762409e+00, -1.55599876e+05])]",Success
3744,"[array([-8.66913623e+00,  1.60305426e+05]), array([ 8.45541330e+00, -1.56352989e+05])]",Success
3746,"[array([-8.63974653e+00,  1.59841529e+05]), array([ 8.46641828e+00, -1.56634527e+05])]",Success
3747,"[array([-8.67675132e+00,  1.60622307e+05]), array([ 8.43647206e+00, -1.56174004e+05])]",Success
3754,"[array([-8.68284643e+00,  1.61033733e+05]), array([ 8.41609231e+00, -1.56086084e+05])]",Success
3757,"[array([-8.68158326e+00,  1.61100051e+05]), array([ 8.40196171e+00, -1.55910831e+05])]",Success
3758,"[array([-8.65275018e+00,  1.60647138e+05]), array([ 8.43734195e+00, -1.56647481e+05])]",Success
3759,"[array([-1.30409306e+01,  2.42170904e+05]), array([ 6.29363849e+00, -1.16872993e+05])]",Success
3760,[],Success
3724,"[array([-8.74351965e+00,  1.60462192e+05]), array([ 8.43555495e+00, -1.54810007e+05])]",Success
3725,"[array([-1.41587798e+01,  2.59864917e+05]), array([ 6.11973925e+00, -1.12323078e+05])]",Success
3745,"[array([-8.68075798e+00,  1.60566934e+05]), array([ 8.42740253e+00, -1.55880270e+05])]",Success
3748,"[array([-8.67465908e+00,  1.60648152e+05]), array([ 8.43443775e+00, -1.56199095e+05])]",Success
3749,"[array([-1.34702323e+01,  2.49464880e+05]), array([ 6.19478479e+00, -1.14725552e+05])]",Success
3751,"[array([-8.67353588e+00,  1.60668886e+05]), array([ 8.44634003e+00, -1.56460003e+05])]",Success
3752,"[array([-8.70107092e+00,  1.61226211e+05]), array([ 8.39460134e+00, -1.55547153e+05])]",Success
3753,"[array([-8.67029696e+00,  1.60747464e+05]), array([ 8.43019643e+00, -1.56295619e+05])]",Success
3755,"[array([-8.65541247e+00,  1.60576402e+05]), array([ 8.41609231e+00, -1.56136007e+05])]",Success
3756,"[array([-8.71045484e+00,  1.61601826e+05]), array([ 8.39031561e+00, -1.55662028e+05])]",Success
3761,[],Success
3762,[],Success
3763,[],Success
3764,[],Success
3765,[],Success
3766,[],Success
3767,[],Success
3768,[],Success
3769,[],Success
3770,[],Success
3771,"[array([-8.66628028e+00,  1.60898253e+05]), array([ 8.42153692e+00, -1.56353958e+05])]",Success
3772,"[array([-1.30399628e+01,  2.42152873e+05]), array([ 6.28385176e+00, -1.16691224e+05])]",Success
3773,"[array([-8.65950026e+00,  1.60863460e+05]), array([ 8.41969872e+00, -1.56408403e+05])]",Success
3776,"[array([-1.24357160e+01,  2.31220564e+05]), array([ 6.44489404e+00, -1.19832242e+05])]",Success
3777,"[array([-8.65777697e+00,  1.60992396e+05]), array([ 8.41802314e+00, -1.56533769e+05])]",Success
3750,"[array([-1.55749561e+01,  2.88457309e+05]), array([ 5.80761074e+00, -1.07560091e+05])]",Success
3774,"[array([-8.67322372e+00,  1.61171216e+05]), array([ 8.40676523e+00, -1.56219344e+05])]",Success
3775,"[array([-8.64409959e+00,  1.60677902e+05]), array([ 8.43099390e+00, -1.56716245e+05])]",Success
3778,"[array([-1.42091233e+01,  2.64291374e+05]), array([ 6.02479347e+00, -1.12062495e+05])]",Success
3779,"[array([-8.59936560e+00,  1.60152438e+05]), array([ 8.45316309e+00, -1.57429180e+05])]",Success
3780,"[array([-1.37385667e+01,  2.55896703e+05]), array([ 6.11627468e+00, -1.13923549e+05])]",Success
3781,"[array([-8.62123126e+00,  1.60613676e+05]), array([ 8.43497009e+00, -1.57143326e+05])]",Success
3782,"[array([-8.62123126e+00,  1.60670037e+05]), array([ 8.42197322e+00, -1.56956136e+05])]",Success
3783,"[array([-8.64547320e+00,  1.61235637e+05]), array([ 8.40606010e+00, -1.56770425e+05])]",Success
3785,"[array([-8.60145095e+00,  1.60522108e+05]), array([ 8.44191863e+00, -1.57544504e+05])]",Success
3787,"[array([-8.62669227e+00,  1.61044097e+05]), array([ 8.42700032e+00, -1.57315926e+05])]",Success
3788,"[array([-1.44044811e+01,  2.69072237e+05]), array([ 5.96644626e+00, -1.11451486e+05])]",Success
3789,"[array([-1.40308169e+01,  2.62258827e+05]), array([ 6.03759708e+00, -1.12852476e+05])]",Success
3790,"[array([-8.58174176e+00,  1.60464408e+05]), array([ 8.43583889e+00, -1.57735884e+05])]",Success
3791,"[array([-8.59206005e+00,  1.60707096e+05]), array([ 8.43270190e+00, -1.57726099e+05])]",Success
3792,"[array([-8.63284514e+00,  1.61503922e+05]), array([ 8.39378174e+00, -1.57031167e+05])]",Success
3793,"[array([-8.60354755e+00,  1.61022494e+05]), array([ 8.40469822e+00, -1.57300447e+05])]",Success
3794,"[array([-8.61713925e+00,  1.61314982e+05]), array([ 8.40469822e+00, -1.57337656e+05])]",Success
3799,"[array([-1.40124410e+01,  2.62682026e+05]), array([ 6.02968975e+00, -1.13034366e+05])]",Success
3800,"[array([-8.64987222e+00,  1.62191354e+05]), array([ 8.35800537e+00, -1.56718265e+05])]",Success
3801,"[array([-8.59118050e+00,  1.61233896e+05]), array([ 8.39261700e+00, -1.57506963e+05])]",Success
3802,"[array([-1.36854483e+01,  2.56844615e+05]), array([ 6.09262688e+00, -1.14344563e+05])]",Success
3803,"[array([-8.5755966e+00,  1.6103749e+05]), array([ 8.40355531e+00, -1.57806382e+05])]",Success
3804,"[array([-1.33110021e+01,  2.50062426e+05]), array([ 6.17256221e+00, -1.15958412e+05])]",Success
3805,"[array([-8.57354310e+00,  1.61075632e+05]), array([ 8.40154301e+00, -1.57843758e+05])]",Success
3784,"[array([-1.36257832e+01,  2.54117419e+05]), array([ 6.12549223e+00, -1.14238943e+05])]",Success
3786,"[array([-1.39659750e+01,  2.60704778e+05]), array([ 6.05398693e+00, -1.13011426e+05])]",Success
3796,"[array([-8.58605774e+00,  1.60817183e+05]), array([ 8.42681092e+00, -1.57834106e+05])]",Success
3797,"[array([-8.55799740e+00,  1.60372318e+05]), array([ 8.45185170e+00, -1.58382863e+05])]",Success
3798,"[array([-8.61112091e+00,  1.61416790e+05]), array([ 8.38590698e+00, -1.57194816e+05])]",Success
3806,"[array([-8.61331160e+00,  1.61862018e+05]), array([ 8.36192462e+00, -1.57137556e+05])]",Success
3807,"[array([-1.37103525e+01,  2.57701720e+05]), array([ 6.07478787e+00, -1.14182930e+05])]",Success
3808,"[array([-8.61235748e+00,  1.61880238e+05]), array([ 8.36099835e+00, -1.57155169e+05])]",Success
3810,"[array([-8.53136352e+00,  1.60393073e+05]), array([ 8.43877508e+00, -1.58651953e+05])]",Success
3811,"[array([-8.58090174e+00,  1.61381329e+05]), array([ 8.38257582e+00, -1.57651064e+05])]",Success
3813,"[array([-8.53752664e+00,  1.60721243e+05]), array([ 8.41858277e+00, -1.58481711e+05])]",Success
3814,"[array([-8.60393889e+00,  1.62038538e+05]), array([ 8.35282546e+00, -1.57309037e+05])]",Success
3819,"[array([-8.59659925e+00,  1.62166199e+05]), array([ 8.35853958e+00, -1.57675105e+05])]",Success
3820,"[array([-8.58301853e+00,  1.61960623e+05]), array([ 8.37141869e+00, -1.57967569e+05])]",Success
3821,"[array([-8.39608317e+00,  1.58491342e+05]), array([ 8.54129844e+00, -1.61232157e+05])]",Success
3823,"[array([-8.58039580e+00,  1.62030186e+05]), array([ 8.35338685e+00, -1.57742947e+05])]",Success
3824,[],Success
3825,[],Success
3826,[],Success
3827,[],Success
3828,[],Success
3829,[],Success
3830,[],Success
3831,[],Success
3832,[],Success
3795,"[array([-1.38749067e+01,  2.59800982e+05]), array([ 6.05870926e+00, -1.13447113e+05])]",Success
3809,"[array([-8.59875186e+00,  1.61656735e+05]), array([ 8.37386143e+00, -1.57428373e+05])]",Success
3812,"[array([-8.51172180e+00,  1.60204737e+05]), array([ 8.45877174e+00, -1.59207749e+05])]",Success
3815,"[array([-8.57287504e+00,  1.61493722e+05]), array([ 8.38765861e+00, -1.58004321e+05])]",Success
3816,"[array([-1.34534722e+01,  2.53496549e+05]), array([ 6.12762433e+00, -1.15459680e+05])]",Success
3817,"[array([-1.38989889e+01,  2.62031475e+05]), array([ 6.02494974e+00, -1.13585656e+05])]",Success
3818,"[array([-8.57177392e+00,  1.61620571e+05]), array([ 8.37365896e+00, -1.57884777e+05])]",Success
3822,"[array([-1.02689335e+01,  1.93845706e+05]), array([ 7.18553679e+00, -1.35640349e+05])]",Success
3833,[],Success
3834,[],Success
3835,[],Success
3836,[],Success
3837,"[array([-8.59335186e+00,  1.62274764e+05]), array([ 8.35000064e+00, -1.57679001e+05])]",Success
3838,"[array([-8.58714993e+00,  1.62216666e+05]), array([ 8.34935193e+00, -1.57724136e+05])]",Success
3839,"[array([-1.31406265e+01,  2.48284670e+05]), array([ 6.18118309e+00, -1.16789727e+05])]",Success
3840,"[array([-1.36017011e+01,  2.57023413e+05]), array([ 6.08416901e+00, -1.14968754e+05])]",Success
3841,"[array([-8.58633979e+00,  1.62285498e+05]), array([ 8.34856423e+00, -1.57791099e+05])]",Success
3842,"[array([-8.59906441e+00,  1.62609303e+05]), array([ 8.33488425e+00, -1.57613288e+05])]",Success
3843,"[array([-8.55837483e+00,  1.61873592e+05]), array([ 8.37347167e+00, -1.58375945e+05])]",Success
3844,"[array([-8.58545830e+00,  1.62400182e+05]), array([ 8.33488425e+00, -1.57659975e+05])]",Success
3847,"[array([-8.58154107e+00,  1.62423349e+05]), array([ 8.33108135e+00, -1.57682467e+05])]",Success
3850,"[array([-8.57634985e+00,  1.62519086e+05]), array([ 8.32604163e+00, -1.57775597e+05])]",Success
3853,"[array([-8.54410101e+00,  1.62086071e+05]), array([ 8.35950623e+00, -1.58584061e+05])]",Success
3856,"[array([-9.02611617e+00,  1.71393006e+05]), array([ 7.92923822e+00, -1.50564469e+05])]",Success
3858,"[array([-1.27683958e+01,  2.42668834e+05]), array([ 6.23709655e+00, -1.18538333e+05])]",Success
3845,"[array([-1.25560615e+01,  2.37589821e+05]), array([ 6.32930989e+00, -1.19766244e+05])]",Success
3846,"[array([-8.58154107e+00,  1.62400137e+05]), array([ 8.34389839e+00, -1.57902526e+05])]",Success
3848,"[array([-1.51039228e+01,  2.85906701e+05]), array([ 5.78688185e+00, -1.09542384e+05])]",Success
3849,"[array([-8.56389840e+00,  1.62162034e+05]), array([ 8.35276993e+00, -1.58163826e+05])]",Success
3851,"[array([-8.46712690e+00,  1.60544255e+05]), array([ 8.42762242e+00, -1.59794870e+05])]",Success
3852,"[array([-1.39645644e+01,  2.64807262e+05]), array([ 5.98701767e+00, -1.13530360e+05])]",Success
3854,"[array([-1.37138229e+01,  2.60263994e+05]), array([ 6.03224949e+00, -1.14481082e+05])]",Success
3855,"[array([-8.56909763e+00,  1.62704863e+05]), array([ 8.33179954e+00, -1.58199002e+05])]",Success
3857,"[array([-8.66414277e+00,  1.64555730e+05]), array([ 8.22961889e+00, -1.56302524e+05])]",Success
3859,"[array([-8.55260632e+00,  1.62548798e+05]), array([ 8.32892277e+00, -1.58297142e+05])]",Success
3860,"[array([-1.36320280e+01,  2.59156113e+05]), array([ 6.04683255e+00, -1.14955643e+05])]",Success
3861,"[array([-8.54962896e+00,  1.62592104e+05]), array([ 8.32602328e+00, -1.58339278e+05])]",Success
3862,"[array([-8.54867090e+00,  1.62635289e+05]), array([ 8.33791784e+00, -1.58625451e+05])]",Success
3863,"[array([-1.38396641e+01,  2.63326024e+05]), array([ 5.99923357e+00, -1.14146682e+05])]",Success
3864,"[array([-8.54538266e+00,  1.62631632e+05]), array([ 8.33471067e+00, -1.58621885e+05])]",Success
3865,"[array([-8.58403265e+00,  1.63390040e+05]), array([ 8.29438737e+00, -1.57876504e+05])]",Success
3867,"[array([-8.51239227e+00,  1.62183582e+05]), array([ 8.34161897e+00, -1.58929519e+05])]",Success
3868,"[array([-1.34128265e+01,  2.55573912e+05]), array([ 6.08028019e+00, -1.15856043e+05])]",Success
3869,"[array([-8.55164006e+00,  1.62992695e+05]), array([ 8.31482541e+00, -1.58478675e+05])]",Success
3870,"[array([-8.48274163e+00,  1.61764105e+05]), array([ 8.37752933e+00, -1.59757387e+05])]",Success
3871,"[array([-1.24792296e+01,  2.38020398e+05]), array([ 6.30514168e+00, -1.20259882e+05])]",Success
3872,"[array([-8.50945893e+00,  1.62323963e+05]), array([ 8.33874447e+00, -1.59067121e+05])]",Success
3874,"[array([-8.57291934e+00,  1.63578911e+05]), array([ 8.28364906e+00, -1.58059040e+05])]",Success
3875,"[array([-8.53117451e+00,  1.62869906e+05]), array([ 8.32085280e+00, -1.58854247e+05])]",Success
3876,"[array([-1.35652037e+01,  2.59081069e+05]), array([ 6.03234758e+00, -1.15211173e+05])]",Success
3866,"[array([-8.48768371e+00,  1.61675226e+05]), array([ 8.36943425e+00, -1.59422328e+05])]",Success
3873,"[array([-1.38876819e+01,  2.64935089e+05]), array([ 5.97600471e+00, -1.14004422e+05])]",Success
3877,"[array([-8.52914863e+00,  1.62923683e+05]), array([ 8.31887686e+00, -1.58906698e+05])]",Success
3878,"[array([-8.51454281e+00,  1.62711060e+05]), array([ 8.33058664e+00, -1.59195321e+05])]",Success
3879,"[array([-8.47156695e+00,  1.61963213e+05]), array([ 8.36649325e+00, -1.59954026e+05])]",Success
3880,"[array([-8.48488702e+00,  1.62246443e+05]), array([ 8.32775949e+00, -1.59241382e+05])]",Success
3882,"[array([-8.50963342e+00,  1.62763892e+05]), array([ 8.31295468e+00, -1.59001635e+05])]",Success
3883,"[array([-1.39754709e+01,  2.67376933e+05]), array([ 5.94111428e+00, -1.13664564e+05])]",Success
3884,"[array([-8.52105473e+00,  1.63058701e+05]), array([ 8.29819637e+00, -1.58794087e+05])]",Success
3887,"[array([-8.54198326e+00,  1.63707206e+05]), array([ 8.27955674e+00, -1.58677423e+05])]",Success
3888,"[array([-8.49954876e+00,  1.62927782e+05]), array([ 8.31591653e+00, -1.59407360e+05])]",Success
3890,"[array([-1.32076321e+01,  2.53275201e+05]), array([ 6.10273376e+00, -1.17028474e+05])]",Success
3891,"[array([-8.45716248e+00,  1.62286652e+05]), array([ 8.33933824e+00, -1.60025273e+05])]",Success
3892,"[array([-8.52407041e+00,  1.63619649e+05]), array([ 8.27528802e+00, -1.58844001e+05])]",Success
3893,"[array([-8.51060427e+00,  1.63364225e+05]), array([ 8.28759022e+00, -1.59082969e+05])]",Success
3895,"[array([-8.53422475e+00,  1.63900510e+05]), array([ 8.25810641e+00, -1.58597143e+05])]",Success
3896,[],Success
3897,[],Success
3898,[],Success
3899,[],Success
3900,[],Success
3901,[],Success
3902,"[array([-8.49708370e+00,  1.63104718e+05]), array([ 8.28552227e+00, -1.59043263e+05])]",Success
3903,"[array([-1.32659399e+01,  2.54655685e+05]), array([ 6.09625392e+00, -1.17025263e+05])]",Success
3904,"[array([-8.52050074e+00,  1.63636985e+05]), array([ 8.25540480e+00, -1.58545311e+05])]",Success
3881,"[array([-1.32250295e+01,  2.52929525e+05]), array([ 6.10385977e+00, -1.16736849e+05])]",Success
3885,"[array([-8.52014551e+00,  1.63111317e+05]), array([ 8.29731093e+00, -1.58845063e+05])]",Success
3886,"[array([-8.52846746e+00,  1.63405629e+05]), array([ 8.29229452e+00, -1.58880173e+05])]",Success
3889,"[array([-8.52644607e+00,  1.63470884e+05]), array([ 8.29032910e+00, -1.58943659e+05])]",Success
3894,"[array([-1.32039522e+01,  2.53465962e+05]), array([ 6.09167142e+00, -1.16937277e+05])]",Success
3905,"[array([-8.50254517e+00,  1.63373105e+05]), array([ 8.28017091e+00, -1.59099815e+05])]",Success
3906,"[array([-1.33510889e+01,  2.56660731e+05]), array([ 6.05910902e+00, -1.16480737e+05])]",Success
3907,"[array([-3.34191852e+01,  6.42478384e+05]), array([ 4.62241307e+00, -8.88648553e+04])]",Success
3908,"[array([-8.48657541e+00,  1.63172213e+05]), array([ 8.29042960e+00, -1.59400443e+05])]",Success
3909,"[array([-8.43336804e+00,  1.62193693e+05]), array([ 8.34184312e+00, -1.60432993e+05])]",Success
3910,"[array([-8.37973237e+00,  1.61206876e+05]), array([ 8.39280528e+00, -1.61457946e+05])]",Success
3911,"[array([-8.37973237e+00,  1.61224196e+05]), array([ 8.40591904e+00, -1.61727678e+05])]",Success
3912,"[array([-7.24961699e+00,  1.39504185e+05]), array([ 9.94309761e+00, -1.91334350e+05])]",Success
3913,"[array([-8.66218326e+00,  1.66689212e+05]), array([ 8.13799668e+00, -1.56601971e+05])]",Success
3914,"[array([-8.48456752e+00,  1.63332755e+05]), array([ 8.30125896e+00, -1.59803584e+05])]",Success
3915,"[array([-1.35111122e+01,  2.60217839e+05]), array([ 6.01501416e+00, -1.15847358e+05])]",Success
3916,"[array([-8.46519747e+00,  1.63082206e+05]), array([ 8.30819226e+00, -1.60057119e+05])]",Success
3917,"[array([-8.47744642e+00,  1.63366619e+05]), array([ 8.28151160e+00, -1.59590394e+05])]",Success
3918,"[array([-1.38152437e+01,  2.66338503e+05]), array([ 5.93171059e+00, -1.14354917e+05])]",Success
3919,"[array([-8.50226383e+00,  1.63940791e+05]), array([ 8.26681653e+00, -1.59400629e+05])]",Success
3920,"[array([-1.37780275e+01,  2.65733510e+05]), array([ 5.95064313e+00, -1.14768358e+05])]",Success
3921,"[array([-8.45919747e+00,  1.63237283e+05]), array([ 8.30230354e+00, -1.60209396e+05])]",Success
3922,"[array([-1.35974782e+01,  2.62401545e+05]), array([ 5.98107336e+00, -1.15421592e+05])]",Success
3925,"[array([-8.46943768e+00,  1.63553845e+05]), array([ 8.28645600e+00, -1.60019934e+05])]",Success
3930,"[array([-8.47681141e+00,  1.63937762e+05]), array([ 8.26782992e+00, -1.59895852e+05])]",Success
3923,"[array([-8.49734429e+00,  1.64020773e+05]), array([ 8.26203322e+00, -1.59478283e+05])]",Success
3924,"[array([-1.34915163e+01,  2.60477815e+05]), array([ 6.00629025e+00, -1.15961864e+05])]",Success
3926,"[array([-1.38006875e+01,  2.66564425e+05]), array([ 5.93857019e+00, -1.14705515e+05])]",Success
3927,"[array([-8.49333194e+00,  1.64077578e+05]), array([ 8.25813198e+00, -1.59533553e+05])]",Success
3928,"[array([-1.45075292e+01,  2.80299452e+05]), array([ 5.80301166e+00, -1.12119463e+05])]",Success
3929,"[array([-8.50679206e+00,  1.64386973e+05]), array([ 8.24544668e+00, -1.59336307e+05])]",Success
3931,"[array([-1.35468574e+01,  2.62069227e+05]), array([ 5.98722715e+00, -1.15824971e+05])]",Success
3932,"[array([-8.38211801e+00,  1.62190556e+05]), array([ 8.35600550e+00, -1.61685099e+05])]",Success
3933,"[array([-8.45944800e+00,  1.63735311e+05]), array([ 8.27668215e+00, -1.60197443e+05])]",Success
3934,"[array([-8.52669322e+00,  1.65062079e+05]), array([ 8.21330786e+00, -1.58995480e+05])]",Success
3935,"[array([-1.36094844e+01,  2.63542102e+05]), array([ 5.97119917e+00, -1.15630137e+05])]",Success
3936,"[array([-8.43103279e+00,  1.63267172e+05]), array([ 8.28769220e+00, -1.60490959e+05])]",Success
3937,"[array([-8.44214304e+00,  1.63530721e+05]), array([ 8.27277906e+00, -1.60249631e+05])]",Success
3938,"[array([-8.46881648e+00,  1.64113483e+05]), array([ 8.26003210e+00, -1.60067241e+05])]",Success
3939,"[array([-8.45456265e+00,  1.63855993e+05]), array([ 8.27190235e+00, -1.60315554e+05])]",Success
3940,"[array([-8.52176903e+00,  1.65204240e+05]), array([ 8.19601334e+00, -1.58888829e+05])]",Success
3941,"[array([-8.43816381e+00,  1.63616183e+05]), array([ 8.26887966e+00, -1.60333341e+05])]",Success
3942,"[array([-8.45147321e+00,  1.63925241e+05]), array([ 8.26887966e+00, -1.60383344e+05])]",Success
3945,"[array([-8.48583172e+00,  1.64719412e+05]), array([ 8.22513029e+00, -1.59658683e+05])]",Success
3946,"[array([-8.52528911e+00,  1.65530075e+05]), array([ 8.18636324e+00, -1.58948995e+05])]",Success
3947,"[array([-8.59371037e+00,  1.66881391e+05]), array([ 8.12425123e+00, -1.57764623e+05])]",Success
3948,"[array([-8.47133158e+00,  1.64543967e+05]), array([ 8.22408842e+00, -1.59741305e+05])]",Success
3949,"[array([-8.49512284e+00,  1.65100398e+05]), array([ 8.20847759e+00, -1.59529151e+05])]",Success
3951,"[array([-8.46823954e+00,  1.64633854e+05]), array([ 8.23373444e+00, -1.60074387e+05])]",Success
3953,"[array([-8.39781616e+00,  1.63367786e+05]), array([ 8.28081872e+00, -1.61091307e+05])]",Success
3943,"[array([-8.47622073e+00,  1.64462079e+05]), array([ 8.22883487e+00, -1.59661732e+05])]",Success
3944,"[array([-8.49930130e+00,  1.64949885e+05]), array([ 8.21251506e+00, -1.59383679e+05])]",Success
3950,"[array([-1.33132522e+01,  2.58757699e+05]), array([ 6.01340156e+00, -1.16876831e+05])]",Success
3952,"[array([-8.49112522e+00,  1.65182496e+05]), array([ 8.19205037e+00, -1.59363977e+05])]",Success
3954,"[array([-8.45088292e+00,  1.64435091e+05]), array([ 8.24254066e+00, -1.60380957e+05])]",Success
3955,"[array([-8.42337531e+00,  1.63934174e+05]), array([ 8.25438784e+00, -1.60644953e+05])]",Success
3956,"[array([-8.54447815e+00,  1.66299595e+05]), array([ 8.15372457e+00, -1.58694095e+05])]",Success
3957,"[array([-8.48713137e+00,  1.65283292e+05]), array([ 8.20075577e+00, -1.59705874e+05])]",Success
3958,"[array([-8.47278566e+00,  1.65077301e+05]), array([ 8.21248503e+00, -1.60005463e+05])]",Success
3961,"[array([-8.50901570e+00,  1.65955999e+05]), array([ 8.15826238e+00, -1.59114651e+05])]",Success
3962,"[array([-1.42878659e+01,  2.78702510e+05]), array([ 5.80832811e+00, -1.13298365e+05])]",Success
3963,"[array([-8.42728763e+00,  1.64450394e+05]), array([ 8.23251211e+00, -1.60649120e+05])]",Success
3964,"[array([-8.41267714e+00,  1.64229149e+05]), array([ 8.21604713e+00, -1.60390040e+05])]",Success
3965,"[array([-8.47944442e+00,  1.65545601e+05]), array([ 8.19084454e+00, -1.59910811e+05])]",Success
3966,[],Success
3967,[],Success
3968,[],Success
3969,[],Success
3970,[],Success
3971,[],Success
3972,[],Success
3973,[],Success
3974,[],Success
3975,[],Success
3976,"[array([-8.39887620e+00,  1.63959774e+05]), array([ 8.23809682e+00, -1.60820606e+05])]",Success
3959,"[array([-1.32320469e+01,  2.57978427e+05]), array([ 6.01998532e+00, -1.17369646e+05])]",Success
3960,"[array([-8.46969731e+00,  1.65133832e+05]), array([ 8.19690031e+00, -1.59814764e+05])]",Success
3977,"[array([-8.47886549e+00,  1.65534261e+05]), array([ 8.20013324e+00, -1.60092241e+05])]",Success
3978,"[array([-1.33781516e+01,  2.61240348e+05]), array([ 5.97078578e+00, -1.16593741e+05])]",Success
3979,"[array([-8.41859521e+00,  1.64436969e+05]), array([ 8.23671198e+00, -1.60883979e+05])]",Success
3980,"[array([-1.37207953e+01,  2.68043562e+05]), array([ 5.90419177e+00, -1.15341622e+05])]",Success
3981,"[array([-8.33967088e+00,  1.62957384e+05]), array([ 8.30076106e+00, -1.62196664e+05])]",Success
3982,"[array([-8.58101184e+00,  1.67677782e+05]), array([ 8.07471916e+00, -1.57784130e+05])]",Success
3983,"[array([-8.45776843e+00,  1.65331644e+05]), array([ 8.19792915e+00, -1.60251956e+05])]",Success
3984,"[array([-8.44240414e+00,  1.65089807e+05]), array([ 8.19600525e+00, -1.60271064e+05])]",Success
3985,"[array([-8.44240414e+00,  1.65135108e+05]), array([ 8.20861449e+00, -1.60561760e+05])]",Success
3986,"[array([-8.42817840e+00,  1.64905824e+05]), array([ 8.20774912e+00, -1.60592485e+05])]",Success
3987,"[array([-8.44059919e+00,  1.65206968e+05]), array([ 8.20685952e+00, -1.60631705e+05])]",Success
3988,"[array([-1.32697977e+01,  2.59731457e+05]), array([ 5.98704679e+00, -1.17185075e+05])]",Success
3989,"[array([-8.41093742e+00,  1.64703237e+05]), array([ 8.21653979e+00, -1.60896119e+05])]",Success
3990,"[array([-8.46143891e+00,  1.65705141e+05]), array([ 8.17593024e+00, -1.60113526e+05])]",Success
3991,"[array([-8.39375445e+00,  1.64449452e+05]), array([ 8.22536122e+00, -1.61149856e+05])]",Success
3992,"[array([-1.32258910e+01,  2.59204854e+05]), array([ 6.00229062e+00, -1.17634588e+05])]",Success
3993,"[array([-8.35232731e+00,  1.63730772e+05]), array([ 8.27451060e+00, -1.62205026e+05])]",Success
3994,"[array([-8.45838861e+00,  1.65838558e+05]), array([ 8.17298286e+00, -1.60242479e+05])]",Success
3996,"[array([-8.46875776e+00,  1.66156305e+05]), array([ 8.15750173e+00, -1.60049226e+05])]",Success
3997,"[array([-8.60557130e+00,  1.68859416e+05]), array([ 8.02236240e+00, -1.57415222e+05])]",Success
3998,"[array([-8.43993798e+00,  1.65653999e+05]), array([ 8.18064649e+00, -1.60564633e+05])]",Success
3999,"[array([-8.70196219e+00,  1.70814920e+05]), array([ 7.93681202e+00, -1.55795023e+05])]",Success
4000,"[array([-8.44937631e+00,  1.66000786e+05]), array([ 8.16427466e+00, -1.60399233e+05])]",Success
3995,"[array([-8.41632885e+00,  1.65082159e+05]), array([ 8.20883847e+00, -1.61011998e+05])]",Success
4001,"[array([-8.43509883e+00,  1.65864384e+05]), array([ 8.17595601e+00, -1.60768366e+05])]",Success
4002,"[array([-8.44475342e+00,  1.66080155e+05]), array([ 8.15980776e+00, -1.60475849e+05])]",Success
4003,"[array([-1.32014756e+01,  2.59661354e+05]), array([ 5.99121020e+00, -1.17843747e+05])]",Success
4004,"[array([-8.44269257e+00,  1.66084798e+05]), array([ 8.15781644e+00, -1.60480335e+05])]",Success
4005,"[array([-8.44058396e+00,  1.66144635e+05]), array([ 8.15577898e+00, -1.60538153e+05])]",Success
4006,"[array([-1.38100852e+01,  2.71959478e+05]), array([ 5.84915601e+00, -1.15186063e+05])]",Success
4007,"[array([-8.39949892e+00,  1.65428354e+05]), array([ 8.17981972e+00, -1.61101350e+05])]",Success
4008,"[array([-8.39753509e+00,  1.65478262e+05]), array([ 8.17790725e+00, -1.61149914e+05])]",Success
4009,"[array([-8.39557217e+00,  1.65503795e+05]), array([ 8.17599567e+00, -1.61174817e+05])]",Success
4010,"[array([-8.43555109e+00,  1.66307449e+05]), array([ 8.13843367e+00, -1.60449344e+05])]",Success
4011,"[array([-8.42021433e+00,  1.66030069e+05]), array([ 8.16152879e+00, -1.60928923e+05])]",Success
4012,"[array([-8.41824703e+00,  1.66109051e+05]), array([ 8.14710718e+00, -1.60758460e+05])]",Success
4013,"[array([-8.39076880e+00,  1.65660667e+05]), array([ 8.18390855e+00, -1.61576244e+05])]",Success
4014,"[array([-8.40404533e+00,  1.65941386e+05]), array([ 8.15876597e+00, -1.61097827e+05])]",Success
4015,"[array([-8.37282369e+00,  1.65431885e+05]), array([ 8.19192935e+00, -1.61857438e+05])]",Success
4016,"[array([-8.58959583e+00,  1.69722391e+05]), array([ 7.98251161e+00, -1.57726566e+05])]",Success
4017,"[array([-8.40859952e+00,  1.66282683e+05]), array([ 8.16280969e+00, -1.61421852e+05])]",Success
4018,"[array([-1.29726804e+01,  2.56554698e+05]), array([ 6.01567607e+00, -1.18969250e+05])]",Success
4019,"[array([-8.40754342e+00,  1.66319200e+05]), array([ 8.14924715e+00, -1.61209171e+05])]",Success
4020,"[array([-8.40646254e+00,  1.66312181e+05]), array([ 8.14819948e+00, -1.61202369e+05])]",Success
4021,"[array([-8.40558206e+00,  1.66367714e+05]), array([ 8.14734605e+00, -1.61256270e+05])]",Success
4022,"[array([-8.43010131e+00,  1.66905577e+05]), array([ 8.10784973e+00, -1.60524943e+05])]",Success
4024,"[array([-1.26509968e+01,  2.50663350e+05]), array([ 6.07886199e+00, -1.20444561e+05])]",Success
4025,"[array([-8.38617318e+00,  1.66200342e+05]), array([ 8.14141544e+00, -1.61349187e+05])]",Success
4023,"[array([-8.40058266e+00,  1.66429078e+05]), array([ 8.14250024e+00, -1.61315674e+05])]",Success
4026,"[array([-8.39684225e+00,  1.66446150e+05]), array([ 8.15139609e+00, -1.61580466e+05])]",Success
4027,"[array([-1.24057125e+01,  2.45980112e+05]), array([ 6.13816827e+00, -1.21707180e+05])]",Success
4028,"[array([-8.39499084e+00,  1.66490618e+05]), array([ 8.14959880e+00, -1.61623634e+05])]",Success
4029,"[array([-8.38170763e+00,  1.66297870e+05]), array([ 8.13708021e+00, -1.61443869e+05])]",Success
4030,"[array([-8.36752966e+00,  1.66077244e+05]), array([ 8.14868658e+00, -1.61733268e+05])]",Success
4031,"[array([-1.27615650e+01,  2.53357906e+05]), array([ 6.05262795e+00, -1.20165753e+05])]",Success
4032,"[array([-8.37678187e+00,  1.66329527e+05]), array([ 8.14480945e+00, -1.61723140e+05])]",Success
4033,"[array([-8.37574854e+00,  1.66369874e+05]), array([ 8.13129505e+00, -1.61513771e+05])]",Success
4034,"[array([-1.37850861e+01,  2.73846440e+05]), array([ 5.81700338e+00, -1.15556885e+05])]",Success
4035,"[array([-8.37469884e+00,  1.66405438e+05]), array([ 8.14278410e+00, -1.61796912e+05])]",Success
4036,"[array([-8.33406403e+00,  1.65642154e+05]), array([ 8.17949097e+00, -1.62569626e+05])]",Success
4037,"[array([-8.37362446e+00,  1.66452176e+05]), array([ 8.12923296e+00, -1.61593708e+05])]",Success
4038,"[array([-8.33319340e+00,  1.65681682e+05]), array([ 8.17863649e+00, -1.62608421e+05])]",Success
4039,"[array([-8.1523869e+00,  1.6212102e+05]), array([ 8.35845039e+00, -1.66218480e+05])]",Success
4040,"[array([-8.49261493e+00,  1.68895669e+05]), array([ 8.02867845e+00, -1.59668902e+05])]",Success
4041,"[array([-8.37167579e+00,  1.66519446e+05]), array([ 8.12734117e+00, -1.61658978e+05])]",Success
4042,"[array([-8.35667981e+00,  1.66333151e+05]), array([ 8.13812050e+00, -1.61982483e+05])]",Success
4054,"[array([-8.43531579e+00,  1.68425561e+05]), array([ 8.05305072e+00, -1.60792652e+05])]",Success
4055,"[array([-8.35972034e+00,  1.66993376e+05]), array([ 8.10639548e+00, -1.61932548e+05])]",Success
4056,"[array([-8.37280284e+00,  1.67319712e+05]), array([ 8.10639548e+00, -1.61995631e+05])]",Success
4058,"[array([-8.37367160e+00,  1.67411222e+05]), array([ 8.09581221e+00, -1.61855739e+05])]",Success
4059,"[array([-3.87546823e+00,  7.75199035e+04])]",Success
4060,[],Success
4061,[],Success
4043,"[array([-1.25634199e+01,  2.50138026e+05]), array([ 6.08653598e+00, -1.21184317e+05])]",Success
4044,"[array([-8.33778360e+00,  1.66068778e+05]), array([ 8.14507673e+00, -1.62230061e+05])]",Success
4045,"[array([-1.31824309e+01,  2.62603127e+05]), array([ 5.93283367e+00, -1.18185848e+05])]",Success
4046,"[array([-8.32465323e+00,  1.65889330e+05]), array([ 8.17025471e+00, -1.62812179e+05])]",Success
4047,"[array([-8.24581027e+00,  1.64371665e+05]), array([ 8.23296633e+00, -1.64115251e+05])]",Success
4048,"[array([-8.40312303e+00,  1.67521278e+05]), array([ 8.09427930e+00, -1.61363957e+05])]",Success
4049,"[array([-8.45690302e+00,  1.68611780e+05]), array([ 8.04499907e+00, -1.60398999e+05])]",Success
4050,"[array([-1.29866489e+01,  2.58992572e+05]), array([ 5.97473496e+00, -1.19156315e+05])]",Success
4051,"[array([-1.48885959e+01,  2.97065391e+05]), array([ 5.60678137e+00, -1.11869257e+05])]",Success
4052,"[array([-8.34415814e+00,  1.66494282e+05]), array([ 8.12726106e+00, -1.62166011e+05])]",Success
4053,"[array([-8.34291014e+00,  1.66555785e+05]), array([ 8.13911386e+00, -1.62486988e+05])]",Success
4057,"[array([-1.22430687e+01,  2.44681336e+05]), array([ 6.15675606e+00, -1.23044729e+05])]",Success
