Pole Index,Coefficients,Status
0,"[array([-8.87629381e+05,  2.63901144e+02]), array([15269.06610381, -5690.24579761])]",Success
1,"[array([-2927.23028933,   809.20056219]), array([2510.91309263, -808.81490706])]",Success
2,[],Success
3,[],Success
5,[],Success
6,[],Success
7,"[array([-387.86946783, 4227.12632523]), array([  342.8489046 , -3760.36002069])]",Success
8,"[array([-322.68132198, 3836.01645673]), array([  357.20071921, -4252.64212161])]",Success
12,"[array([-279.44903164, 4930.94424629]), array([  276.99772435, -4893.90817842])]",Success
13,[],Success
14,[],Success
15,[],Success
16,"[array([-256.69920605, 5711.44562864]), array([  241.00580481, -5370.26121573])]",Success
17,"[array([-212.27049731, 5078.1043875 ]), array([  273.21945198, -6540.93255704])]",Success
18,"[array([-228.64208387, 6003.37134725]), array([  227.61678305, -5981.89783417])]",Success
20,[],Success
21,[],Success
28,[],Success
30,[],Success
31,[],Success
32,[],Success
33,[],Success
34,[],Success
35,[],Success
36,[],Success
4,"[array([-418.4748446 , 3265.43645489]), array([  424.28699522, -3322.17318684])]",Success
9,"[array([-272.93904479, 3906.83902028]), array([  357.59393569, -5128.49169774])]",Success
11,"[array([-373.57578756, 5708.52745391]), array([  412.77818502, -6462.81397827])]",Success
19,"[array([-230.86821747, 6298.54495885]), array([  216.81536945, -5917.55337462])]",Success
23,"[array([-199.07862201, 7063.23601237]), array([  193.54866028, -6869.42879279])]",Success
24,"[array([-188.49809175, 7813.07849612]), array([  174.05994004, -7217.23992733])]",Success
25,"[array([-171.14680297, 7140.27809084]), array([  192.03796202, -8017.50048703])]",Success
26,"[array([-178.75023036, 7958.59382182]), array([  171.84571502, -7653.56069283])]",Success
27,"[array([-181.53034915, 8643.00351488]), array([  162.69940006, -7761.73555443])]",Success
29,[],Success
37,[],Success
38,"[array([-181.33096286, 9008.57459946]), array([  184.0784017 , -9202.61768188])]",Success
39,"[array([-167.96093795, 8421.57701511]), array([  161.98899349, -8123.32300016])]",Success
41,"[array([-155.18219842, 8642.91656258]), array([  157.94099306, -8799.27709133])]",Success
45,"[array([-146.38432727, 9244.84220181]), array([  147.64626113, -9329.07104756])]",Success
46,"[array([ -429.31196996, 28044.24712916]), array([   86.31076158, -5649.22713581])]",Success
47,"[array([-150.94530451, 9927.10308068]), array([  138.31389827, -9104.02426104])]",Success
48,[],Success
49,[],Success
52,"[array([-123.45280853, 9155.03451143]), array([   150.47730393, -11161.62207855])]",Success
53,"[array([ -166.18647302, 12446.00149364]), array([  115.88482027, -8692.40466699])]",Success
54,"[array([ -140.67878181, 10552.38748553]), array([  130.3704228 , -9785.11047305])]",Success
62,[],Success
63,[],Success
64,[],Success
10,"[array([-324.61197075, 4760.84303034]), array([  286.9959913 , -4215.15695616])]",Success
22,"[array([-220.5034932 , 7125.26548084]), array([  194.98225556, -6311.53766436])]",Success
40,"[array([-165.36943204, 8704.95785806]), array([  156.77881219, -8255.31829195])]",Success
42,"[array([ -240.77423563, 13812.00609512]), array([  140.94101598, -8148.0945639 ])]",Success
43,"[array([-153.41367226, 9093.00516138]), array([  150.74560839, -8941.11924447])]",Success
44,"[array([ -584.09496787, 34815.40291738]), array([   883.63084883, -56788.51509573])]",Success
50,[],Success
51,[],Success
56,"[array([ -601.30116916, 48749.86420841]), array([  115.99904444, -9532.82955348])]",Success
58,"[array([ -164.84342967, 14008.26883284]), array([   189.62381452, -16306.62822471])]",Success
59,"[array([ -128.94419387, 11039.42337181]), array([   123.4572069 , -10570.74529277])]",Success
61,[],Success
65,[],Success
66,[],Success
74,"[array([ -116.45166232, 12439.42654446]), array([   109.42440683, -11690.58750968])]",Success
76,[],Success
77,[],Success
78,[],Success
79,[],Success
80,[],Success
81,[],Success
82,[],Success
84,[],Success
85,[],Success
86,[],Success
55,"[array([-123.81202699, 9790.94228376]), array([   139.28853036, -11016.22588395])]",Success
57,"[array([ -129.12688259, 10687.52211844]), array([   127.44261891, -10549.67919988])]",Success
60,[],Success
67,"[array([ -126.57452962, 11498.28450622]), array([   118.59235208, -10774.68919765])]",Success
68,"[array([ -123.61461962, 11505.30326998]), array([   118.04639351, -10987.98138885])]",Success
69,"[array([ -122.4593428 , 11694.43734616]), array([   116.4724416 , -11125.76556196])]",Success
71,"[array([ -511.49099877, 49564.2320758 ]), array([   592.86456676, -60955.84690988])]",Success
73,"[array([ -117.51415594, 12392.21597484]), array([   110.39208589, -11642.69525885])]",Success
75,"[array([ -112.82880117, 12472.27557132]), array([   108.92131022, -12042.23145521])]",Success
83,[],Success
87,[],Success
88,"[array([ -192.04842141, 21952.93916868]), array([   104.30215991, -12009.33600043])]",Success
89,"[array([ -121.59849798, 14019.69909467]), array([    98.36626463, -11346.97284271])]",Success
91,"[array([ -111.04146548, 13212.34088865]), array([   103.41630047, -12307.80991385])]",Success
92,"[array([ -107.57141968, 13034.58868976]), array([   104.76520873, -12696.24738126])]",Success
93,"[array([ -111.6029862 , 13794.23646767]), array([    99.15141336, -12259.01997982])]",Success
97,"[array([ -104.34399039, 13979.51979571]), array([    97.20935857, -13024.49706384])]",Success
100,[],Success
101,[],Success
102,[],Success
103,[],Success
104,[],Success
105,[],Success
106,[],Success
107,[],Success
72,"[array([ -118.04439055, 12174.53632611]), array([   111.8586583, -11537.5876033])]",Success
90,"[array([ -125.37876217, 14564.23553714]), array([    96.02421071, -11161.31366983])]",Success
94,"[array([ -109.10532615, 13788.92351641]), array([    99.14550384, -12531.64771936])]",Success
96,"[array([ -171.2409469 , 22456.57367433]), array([   192.64606526, -25661.77460847])]",Success
98,"[array([ -105.94162772, 14506.14046609]), array([    94.0231946 , -12877.56354385])]",Success
99,"[array([ -115.85289757, 16154.99248644]), array([    85.7842066 , -11963.18974001])]",Success
108,"[array([  -92.63684403, 13260.96575653]), array([   103.07479829, -14757.1370885 ])]",Success
109,"[array([ -104.05181059, 14948.0555808 ]), array([    91.09930305, -13088.830556  ])]",Success
110,"[array([  -99.94583313, 14638.34281879]), array([    93.11193001, -13638.58634965])]",Success
111,"[array([ -165.06231091, 24293.24448829]), array([   106.518043  , -15806.30652107])]",Success
112,"[array([  -99.18881986, 14722.59145666]), array([    92.80327351, -13776.79522488])]",Success
113,"[array([ -100.5728499 , 15049.88262423]), array([    90.85362491, -13596.81625975])]",Success
117,"[array([  -94.17689973, 15511.0078866 ]), array([    87.7374536 , -14452.10532909])]",Success
119,"[array([  -91.323606  , 15530.92098138]), array([    87.79608474, -14931.81783666])]",Success
123,[],Success
124,[],Success
125,[],Success
126,[],Success
127,[],Success
128,[],Success
129,[],Success
130,[],Success
131,[],Success
132,[],Success
133,[],Success
95,"[array([ -103.88724533, 13267.86893948]), array([   102.54964131, -13098.10685154])]",Success
114,"[array([  -96.30546444, 15135.77758348]), array([    90.21018188, -14178.79732349])]",Success
115,"[array([ -101.32612847, 15917.2002807 ]), array([    92.95570916, -14631.04309666])]",Success
116,"[array([  -94.51888011, 15325.83523056]), array([    88.43397367, -14339.94220913])]",Success
118,"[array([  -92.56329296, 15483.39944457]), array([    88.17451614, -14752.01366174])]",Success
120,"[array([  -93.40861983, 15941.04440867]), array([    85.59199893, -14608.96835749])]",Success
121,"[array([  -96.49286672, 16459.94172435]), array([   108.23538489, -18540.76655331])]",Success
122,"[array([  -97.64211152, 16727.56687684]), array([    81.89338386, -14030.3351402 ])]",Success
134,"[array([  -90.06134548, 15865.09951079]), array([    85.77270998, -15111.32800162])]",Success
135,"[array([  -91.41452896, 16217.25657758]), array([    84.02356705, -14907.02492676])]",Success
136,"[array([  -91.41452896, 16371.00740191]), array([    83.31450741, -14921.13146301])]",Success
137,"[array([  -89.34097201, 16423.12896363]), array([    82.87800808, -15235.90282245])]",Success
138,"[array([  -97.87101457, 18076.88448024]), array([   111.29332514, -20664.91607721])]",Success
139,"[array([  -88.5345526 , 16685.48753551]), array([    81.40677083, -15343.09464276])]",Success
140,"[array([  -87.53710007, 16705.20307643]), array([    81.204629  , -15497.46735567])]",Success
141,"[array([ -117.40589424, 22387.95007563]), array([   123.50490173, -23749.89047943])]",Success
143,"[array([  -84.92878626, 16723.68554987]), array([    81.25221543, -16000.56928136])]",Success
144,"[array([  -85.81335728, 17127.88169791]), array([    79.6055825, -15891.549372 ])]",Success
147,[],Success
148,[],Success
149,[],Success
150,[],Success
151,[],Success
152,[],Success
153,[],Success
70,"[array([ -145.590552  , 14022.34558293]), array([   137.20575581, -13304.72525127])]",Success
142,"[array([  -93.68938191, 18310.10367069]), array([    77.49615541, -15161.28651209])]",Success
145,"[array([  -86.20881054, 17554.30837965]), array([    77.62370077, -15806.82877571])]",Success
146,"[array([  -83.51478521, 17039.58197477]), array([    81.69131828, -16681.97294468])]",Success
154,"[array([  -84.63043084, 17568.6541579 ]), array([    77.72923691, -16137.0095275 ])]",Success
155,"[array([ -154.30667582, 32555.15202839]), array([    59.97967133, -12687.83066454])]",Success
156,"[array([  -83.70725969, 17870.94174611]), array([    76.25873234, -16281.88514833])]",Success
161,"[array([  -81.29043648, 17921.43020015]), array([    76.10168522, -16778.42675734])]",Success
162,"[array([  -81.40665701, 18186.66508082]), array([    74.90780624, -16735.26653349])]",Success
163,"[array([  -82.02081939, 18464.68450781]), array([    73.81873745, -16619.51464367])]",Success
169,"[array([  -83.56053962, 19455.66537196]), array([    70.20455173, -16346.88006075])]",Success
170,"[array([  -80.04631132, 18775.99713371]), array([    72.89323669, -17099.00522939])]",Success
171,"[array([  -77.98262699, 18661.44785405]), array([    73.29697558, -17541.21485011])]",Success
172,"[array([  -91.54111668, 22046.29343376]), array([    63.29608811, -15244.79819295])]",Success
173,"[array([  -77.74724978, 18902.57987306]), array([    71.84239537, -17468.66927479])]",Success
174,[],Success
175,[],Success
176,[],Success
178,[],Success
179,[],Success
180,[],Success
181,[],Success
182,[],Success
183,[],Success
185,[],Success
157,"[array([  -82.55532492, 17789.96110936]), array([    76.58323758, -16504.37884021])]",Success
158,"[array([  -82.17835996, 17813.524206  ]), array([    76.25873234, -16530.94903054])]",Success
159,"[array([ -224.25641958, 47889.91073415]), array([   320.36631369, -70312.31179725])]",Success
160,"[array([  -83.5696076 , 18360.55736258]), array([    74.20703745, -16304.46024703])]",Success
165,"[array([  -79.66155885, 18173.52070819]), array([    74.83358559, -17072.8757271 ])]",Success
167,"[array([  -79.66155885, 18453.08248191]), array([    73.87418064, -17113.32412103])]",Success
168,"[array([ -205.79236037, 47449.58084452]), array([   149.02205406, -34936.02770405])]",Success
177,[],Success
184,[],Success
186,[],Success
187,"[array([  -76.85023941, 19039.16247837]), array([    71.57296975, -17735.34731824])]",Success
188,"[array([  -76.49771538, 19056.65399978]), array([    71.57296975, -17830.68462532])]",Success
189,"[array([  -76.76105399, 19304.12359967]), array([    70.25587992, -17669.11943341])]",Success
190,"[array([  -79.25365137, 20196.92353488]), array([    67.8385164 , -17289.22426918])]",Success
191,"[array([ -179.18216832, 45914.3833672 ]), array([    46.30550417, -11880.12438714])]",Success
192,"[array([  -75.61816278, 19386.48890249]), array([    70.1479127, -17984.7878241])]",Success
193,"[array([  -73.26559771, 18994.25702842]), array([    71.36259517, -18501.93081536])]",Success
195,"[array([  -74.84029815, 19683.50279437]), array([    69.15622487, -18189.04152957])]",Success
197,"[array([  -77.82466091, 20962.09595921]), array([    65.22147696, -17568.80126388])]",Success
198,"[array([  -72.8945919, 19669.4338266]), array([    69.14036399, -18656.92919641])]",Success
199,"[array([  -74.30374996, 20277.11748078]), array([    67.12313547, -18319.30978617])]",Success
201,"[array([  -73.4136207 , 20252.11157188]), array([    67.50320209, -18623.82053799])]",Success
205,[],Success
206,[],Success
207,[],Success
164,"[array([ -177.4738787 , 40163.93019016]), array([   100.53433591, -22986.46265317])]",Success
166,"[array([ -124.36372857, 28016.89227332])]",Success
194,"[array([ -128.04707261, 33477.63165097]), array([   131.12020236, -34668.42422541])]",Success
196,"[array([  -75.01185396, 19839.39074393]), array([    68.65491719, -18158.92117866])]",Success
200,"[array([  -87.53162468, 24065.63325566]), array([    61.50870924, -16930.9301927 ])]",Success
202,"[array([ -256.94767246, 70631.02692155]), array([   189.65185348, -53322.69677284])]",Success
203,"[array([  -73.00262281, 20429.98356045]), array([    66.84206392, -18706.95576418])]",Success
204,"[array([  -73.26869968, 20750.3870318 ]), array([    65.91117335, -18667.78153395])]",Success
208,[],Success
209,[],Success
210,[],Success
211,[],Success
212,"[array([  -74.41604622, 21284.20009956]), array([    63.87377301, -18269.29771336])]",Success
213,"[array([  -70.3197501 , 20274.02789158]), array([    66.94194551, -19301.17602831])]",Success
214,"[array([ -112.71842296, 32491.31685539]), array([   209.99596606, -61353.52608619])]",Success
215,"[array([  -71.97044846, 21062.53584078]), array([    64.95637933, -19010.48302464])]",Success
216,"[array([  -46.17381181, 13523.66958279]), array([   133.30178715, -39075.56304364])]",Success
217,"[array([  -70.9708589 , 21063.46951886]), array([    64.95637933, -19279.78334728])]",Success
218,"[array([  -71.10847519, 21254.96432751]), array([    64.23664776, -19202.2472102 ])]",Success
219,"[array([  -70.40230629, 21271.20122298]), array([    63.89453008, -19306.48741205])]",Success
223,"[array([  -73.39515909, 22862.27791972]), array([    60.18403045, -18747.53860941])]",Success
225,"[array([  -69.75431314, 22112.91295594]), array([    61.93951457, -19636.52907798])]",Success
231,[],Success
234,[],Success
235,"[array([  -74.21812796, 24488.65136269]), array([    69.04479891, -22841.23752191])]",Success
220,"[array([  -62.5042358 , 19286.19251494]), array([    71.01420218, -21914.97926923])]",Success
221,"[array([  -71.68732258, 22175.60176565]), array([    61.48790676, -19021.79546779])]",Success
222,"[array([ -123.32793125, 38366.61769958]), array([    48.3794457 , -15077.54652995])]",Success
224,"[array([  -69.01838355, 21669.25042628]), array([    62.95400675, -19766.04120939])]",Success
226,"[array([  -67.80695258, 21950.01258184]), array([    62.13273061, -20115.19647968])]",Success
227,"[array([  -96.42677023, 31180.09068839]), array([   110.81882549, -36125.55409588])]",Success
228,"[array([  -69.21007227, 22538.60718734]), array([    60.45287945, -19687.23193394])]",Success
232,[],Success
233,[],Success
236,"[array([  -67.10896343, 22433.6758416 ]), array([    60.85304311, -20343.87488055])]",Success
237,"[array([  -67.10896343, 22568.8356722 ]), array([    60.59627921, -20379.65722431])]",Success
238,"[array([  -66.79682871, 22599.20197601]), array([    60.59627921, -20502.940343  ])]",Success
240,"[array([  -66.27588626, 22769.9522285 ]), array([    59.8440492 , -20561.04946264])]",Success
241,"[array([  -84.21363557, 29185.29281734]), array([    53.99958311, -18743.09903059])]",Success
242,"[array([  -65.94702929, 23126.97852137]), array([    59.04880447, -20708.96203608])]",Success
243,"[array([  -67.52470942, 23849.89013488]), array([    57.36855394, -20263.28946458])]",Success
252,"[array([  -52.16142488, 19411.12059345]), array([   121.86385989, -45513.51322407])]",Success
253,"[array([  -64.17499626, 24094.85877932]), array([    56.60131139, -21251.71722689])]",Success
254,[],Success
255,[],Success
256,[],Success
257,[],Success
258,[],Success
259,[],Success
260,"[array([  -63.73789488, 23930.99236268]), array([    56.27455835, -21128.74307982])]",Success
229,"[array([  -74.80280538, 24681.35403176]), array([    68.91779352, -22799.12611843])]",Success
230,[],Success
239,"[array([  -67.23641721, 22835.06804715]), array([    59.89126239, -20341.22196945])]",Success
244,"[array([  -70.38931763, 25010.87060377]), array([    55.20730795, -19617.02267502])]",Success
248,"[array([  -607.57434408, 220279.47326144]), array([    322.8429873 , -122584.11686522])]",Success
249,"[array([  -64.9653303 , 23949.75712786]), array([    56.94491915, -20993.47324599])]",Success
250,"[array([  -35.57800143, 13167.5326973 ]), array([   176.97775071, -65510.68811324])]",Success
251,"[array([  -64.65078013, 23968.81580432]), array([    57.13948617, -21184.95999391])]",Success
261,"[array([  -62.68107298, 23663.68202617]), array([    57.61324154, -21750.87786498])]",Success
262,"[array([  -64.16640646, 24285.67285808]), array([    56.17888698, -21263.47909466])]",Success
263,"[array([  -66.38739167, 25414.14465845]), array([    53.90656204, -20636.67379897])]",Success
264,"[array([  -61.95908817, 23835.91210485]), array([    57.21328567, -22010.91673594])]",Success
265,"[array([  -57.70438684, 22171.49528207]), array([   165.98916214, -64150.08241689])]",Success
266,"[array([  -64.02377465, 24782.75934149]), array([    55.06571565, -21315.6203075 ])]",Success
267,"[array([  -61.66273093, 24046.95919049]), array([    56.65592799, -22094.77184547])]",Success
269,"[array([  -60.95162765, 24068.58392381]), array([    56.52351795, -22321.17577375])]",Success
270,"[array([  -63.90912159, 25394.44177039]), array([    54.17810308, -21528.63311518])]",Success
272,"[array([  -63.61465576, 25740.73479001]), array([    53.27080929, -21556.94628355])]",Success
273,"[array([  -68.49712172, 27844.96795458]), array([    50.05558895, -20348.83008779])]",Success
275,"[array([  -64.59910316, 26433.33670885]), array([    51.93767894, -21253.39442714])]",Success
279,"[array([  -61.26041427, 25749.26625513]), array([    52.97519431, -22267.26581413])]",Success
280,"[array([  -31.526701  , 13253.35304015]), array([    497.15182354, -209350.60415297])]",Success
283,[],Success
284,[],Success
285,[],Success
245,"[array([  -63.70073994, 22957.6091043 ]), array([    59.40026804, -21409.23358172])]",Success
246,"[array([  -65.01484605, 23518.37551274]), array([    57.79097426, -20905.47330829])]",Success
247,"[array([ -25.0771549 , 9064.39186896])]",Success
268,"[array([  -64.20632621, 25165.96867276]), array([    54.43005432, -21334.64574088])]",Success
271,"[array([  -59.84217749, 24058.42437649]), array([    56.99254999, -22916.50897481])]",Success
274,"[array([  -48.74327013, 19861.47207127]), array([    70.73072351, -28824.06706829])]",Success
276,"[array([  -60.25660917, 24873.36800774]), array([    54.66316866, -22565.27898371])]",Success
277,"[array([  -60.53818211, 25193.41657098]), array([    53.97987905, -22464.42412796])]",Success
278,"[array([  -61.10929704, 25549.13839431]), array([    53.53376435, -22382.9913817 ])]",Success
281,"[array([ -159.57959768, 67607.90686101]), array([   122.3521048 , -52542.49478934])]",Success
282,"[array([  -55.00403154, 23439.07755594]), array([    57.96388974, -24700.87470693])]",Success
286,[],Success
287,"[array([ -160.49370254, 67996.23893637]), array([   120.98877313, -51959.96944465])]",Success
288,[],Success
291,"[array([  -57.98540279, 25127.69604882]), array([    54.23634658, -23503.40701929])]",Success
293,"[array([  -59.35298305, 26073.55962655]), array([    52.21092285, -22936.37856274])]",Success
294,"[array([  -54.8246753 , 24160.99483767]), array([    56.55338128, -24925.48929766])]",Success
295,"[array([  -59.2209936 , 26226.04742838]), array([    52.53075583, -23270.25304382])]",Success
296,"[array([  -61.91708136, 27680.61242237]), array([    49.58300141, -22167.33105328])]",Success
302,"[array([  -55.94585049, 25699.56760995]), array([    52.83774768, -24272.10742755])]",Success
310,"[array([  -56.40320714, 27057.93335505]), array([    50.52634102, -24239.18653085])]",Success
311,[],Success
312,[],Success
313,[],Success
314,[],Success
289,"[array([  -59.91824955, 25766.37509192]), array([    54.00357256, -23234.02985218])]",Success
290,"[array([  -62.29124953, 26843.12687694]), array([   127.09931723, -55100.35734685])]",Success
292,"[array([  -58.79828227, 25768.213722  ]), array([    52.86904372, -23169.84577735])]",Success
297,"[array([  -57.08868511, 25707.77896777]), array([    52.95886533, -23848.79307615])]",Success
298,"[array([  -58.30054617, 26343.96433728]), array([    51.74173473, -23380.67286632])]",Success
299,"[array([  -51.20294782, 23305.05360497]), array([    58.7256558 , -26732.38075128])]",Success
300,"[array([  -58.17424119, 26539.63747465]), array([    51.84566265, -23659.24800802])]",Success
301,"[array([  -59.86045108, 27405.50951526]), array([    50.1664509 , -22971.12675725])]",Success
303,"[array([  -60.60800469, 27987.26324679]), array([    49.25909545, -22748.06491624])]",Success
304,"[array([  -54.59010521, 25286.51413606]), array([    53.64071208, -24846.9323976 ])]",Success
305,"[array([  -52.27350414, 24363.80885572]), array([    56.09257294, -26148.3853622 ])]",Success
307,"[array([  -57.13615569, 27062.78369778]), array([    50.55256573, -23944.79768617])]",Success
308,"[array([  -80.81758864, 38439.27020073]), array([    40.54215668, -19294.52823409])]",Success
315,[],Success
316,[],Success
317,[],Success
318,[],Success
319,"[array([  -56.43142285, 27071.35407048]), array([    50.41740736, -24186.96038065])]",Success
320,"[array([  -56.12503838, 27204.75086154]), array([    49.99373167, -24233.02995367])]",Success
321,"[array([  -49.78455288, 24301.32781827]), array([    57.75974824, -28210.73713869])]",Success
322,"[array([  -60.58067718, 29732.69076934]), array([    58.49168831, -28774.41582596])]",Success
323,"[array([  -56.27399397, 27837.34703583]), array([    49.06534185, -24272.81909693])]",Success
324,"[array([  -53.7276594 , 26660.94193935]), array([    51.18022727, -25397.15845426])]",Success
326,"[array([  -56.88481296, 28636.43310038]), array([    47.6726975 , -24002.01640563])]",Success
343,[],Success
306,"[array([  -91.67368264, 42922.58532468]), array([    47.79872947, -22442.75538857])]",Success
309,"[array([ -126.64199457, 59349.16449051]), array([    454.9730916 , -217303.90766614])]",Success
325,"[array([  -53.74749254, 26933.59953903]), array([    50.5318306 , -25322.69882767])]",Success
327,"[array([  -38.78226647, 19641.17501033]), array([    77.30938644, -39156.64512325])]",Success
328,"[array([  -78.17960559, 39718.93087985]), array([    80.3215126 , -41052.61287288])]",Success
329,"[array([  -54.17905271, 27640.85352737]), array([    49.37837715, -25195.07043527])]",Success
330,"[array([  -58.807414  , 30014.76550046]), array([    46.07352514, -23517.71950009])]",Success
331,"[array([  -55.61327456, 28680.01244725]), array([    47.66852105, -24583.24816921])]",Success
332,"[array([  -56.96969589, 29468.72126846]), array([    46.52903449, -24069.02807562])]",Success
334,"[array([  -54.31994259, 28291.93959539]), array([    48.25945313, -25136.27586944])]",Success
337,"[array([  -53.44063837, 28147.45140275]), array([    48.479904 , -25534.9223319])]",Success
338,"[array([  -53.193228  , 28087.67396811]), array([    48.68532732, -25708.09357334])]",Success
339,"[array([  -54.08626861, 28622.28680062]), array([    47.77620394, -25283.33059498])]",Success
340,"[array([  -29.10225621, 15430.38037592]), array([   182.00458643, -96559.28390866])]",Success
341,"[array([  -54.60137593, 29002.27321752]), array([    47.18637426, -25065.10029865])]",Success
342,[],Success
344,[],Success
345,[],Success
346,[],Success
347,[],Success
350,[],Success
352,[],Success
353,"[array([  -53.33145646, 28789.67093297]), array([    47.50533097, -25644.8074963 ])]",Success
355,"[array([  -50.25008342, 27240.78178865]), array([    50.47441415, -27371.38883743])]",Success
356,"[array([  -52.97797638, 28806.10377732]), array([    47.21468188, -25673.31210597])]",Success
333,"[array([  -52.3712451 , 27162.06379908]), array([    50.33960197, -26110.45377255])]",Success
335,"[array([ -146.93093121, 76646.12761836]), array([   120.91191214, -63928.29476402])]",Success
336,"[array([  -54.24085778, 28467.38098087]), array([    47.96505606, -25174.31505376])]",Success
348,[],Success
349,[],Success
351,[],Success
354,"[array([  -63.51836388, 34377.88387462]), array([    41.26375464, -22333.61804596])]",Success
357,"[array([  -61.32776614, 33493.10305599]), array([    44.95740625, -24578.12108413])]",Success
358,"[array([  -52.87440565, 29098.51917504]), array([    46.92603501, -25825.54437885])]",Success
359,"[array([  -52.62732898, 29168.09754478]), array([    46.73132117, -25900.58743084])]",Success
362,"[array([  -52.64857021, 29474.29427469]), array([    46.28686798, -25913.64599047])]",Success
364,"[array([  -52.64857021, 29668.94773202]), array([    46.09480629, -25976.73838796])]",Success
366,"[array([  -52.79588056, 29908.74920987]), array([    45.62606962, -25847.36595418])]",Success
372,"[array([  -52.58461893, 30486.23696347]), array([    45.01070262, -26095.63073672])]",Success
373,"[array([  -53.87980659, 31547.26419912]), array([    43.75040295, -25617.06076138])]",Success
374,"[array([  -51.15138811, 30118.55222722]), array([    45.20848825, -26620.00097114])]",Success
375,"[array([  -55.47940314, 32739.24363096]), array([    42.31114013, -24971.40116867])]",Success
376,"[array([  -52.02853117, 30919.38984015]), array([    44.38352251, -26377.02068901])]",Success
377,[],Success
378,[],Success
379,[],Success
380,[],Success
381,[],Success
382,[],Success
383,[],Success
360,"[array([  -59.20550767, 32826.04186252]), array([    45.61735837, -25318.25677667])]",Success
361,"[array([  -52.75182674, 29345.09664436]), array([    46.37764767, -25799.54950538])]",Success
363,"[array([  -52.64857021, 29649.67970941]), array([    48.51025465, -27340.09897429])]",Success
368,"[array([  -44.17185226, 25336.69217675]), array([    61.25488905, -35178.12172094])]",Success
369,"[array([  -55.77876436, 32049.94423957]), array([    43.31056998, -24890.6378136 ])]",Success
370,"[array([  -51.93745411, 29942.97404207]), array([    45.47221086, -26216.34866835])]",Success
371,"[array([  -52.08381304, 30141.6797092 ]), array([    45.38423543, -26264.85156959])]",Success
384,"[array([  -93.77999599, 56001.31492358]), array([    45.49327465, -27262.70924273])]",Success
385,"[array([  -51.15272509, 30592.17287368]), array([    44.73188093, -26752.39319444])]",Success
386,"[array([  -50.90914068, 30786.46745321]), array([    44.360662  , -26826.69981126])]",Success
387,"[array([  -50.57197268, 30768.38072383]), array([    44.46119264, -27050.75137826])]",Success
388,"[array([  -51.055915  , 31145.99639341]), array([    43.73232063, -26678.63048779])]",Success
389,"[array([  -51.45140064, 31569.22007189]), array([    43.4711834 , -26673.27378983])]",Success
390,"[array([  -50.6756585 , 31499.61128912]), array([    43.40660912, -26981.52193532])]",Success
391,"[array([  -50.1953205 , 31288.22563301]), array([    43.76534143, -27280.93457224])]",Success
392,"[array([  -50.7303755 , 31753.93090211]), array([    43.06905349, -26958.83555802])]",Success
399,"[array([  -49.18664568, 31760.97955186]), array([    43.06382672, -27808.65617976])]",Success
404,"[array([  -47.78450221, 31477.19356384]), array([    43.36744738, -28569.06869617])]",Success
405,"[array([  -48.91683638, 32255.08844639]), array([    42.30103474, -27893.90483596])]",Success
407,[],Success
408,[],Success
409,[],Success
410,[],Success
411,[],Success
412,[],Success
365,"[array([  -52.64857021, 29729.88575533]), array([    46.09480629, -26029.48102375])]",Success
367,"[array([  -53.04849243, 30331.56016909]), array([    45.06965414, -25770.3728426 ])]",Success
393,"[array([  -49.07868886, 30868.34615396]), array([    44.15028495, -27768.89149635])]",Success
395,"[array([  -48.85671875, 31133.50197349]), array([    43.74618331, -27877.6756131 ])]",Success
396,"[array([  -49.55136404, 31714.60510256]), array([    43.02608153, -27538.28534403])]",Success
397,"[array([  -38.58058233, 24717.75357577]), array([   117.47570575, -75504.78054546])]",Success
398,"[array([  -48.18128024, 30963.59974852]), array([    43.92999081, -28231.70315291])]",Success
400,"[array([  -49.80643965, 32241.52850447]), array([    42.28465081, -27372.49607821])]",Success
401,"[array([  -99.6128793 , 64485.58310575]), array([    30.11552165, -19508.76714868])]",Success
402,"[array([  -48.54764011, 31622.3479812 ]), array([    43.0860306 , -28065.03425628])]",Success
403,"[array([  -48.77663841, 31870.50566125]), array([    42.7299477 , -27919.70604191])]",Success
406,[],Success
413,[],Success
414,[],Success
415,[],Success
416,[],Success
417,"[array([  -44.58639069, 29539.95631362]), array([    45.99226788, -30471.85124523])]",Success
418,"[array([  -49.56448286, 33068.17863259]), array([    41.50521735, -27691.84070416])]",Success
419,"[array([  -47.93560314, 32111.54026235]), array([    42.54284778, -28499.19240579])]",Success
420,"[array([  -48.30527223, 32467.87379357]), array([    41.94408412, -28192.25737086])]",Success
421,"[array([  -46.75418551, 31492.12307205]), array([    43.00595967, -28967.52128013])]",Success
422,"[array([  -47.54409231, 32096.74095302]), array([    42.39348231, -28619.88836861])]",Success
424,"[array([  -47.99262148, 32460.6346955 ]), array([    42.21757574, -28555.18930324])]",Success
427,"[array([  -56.87395097, 38910.67372273]), array([    39.16999736, -26824.74897867])]",Success
428,"[array([  -47.93661582, 32818.13771574]), array([    41.77049511, -28597.03489478])]",Success
423,"[array([  -61.663247 , 41523.2772423]), array([    69.68791613, -47148.12756028])]",Success
426,"[array([  -52.34511009, 35682.55578734]), array([    49.28100608, -33661.95905527])]",Success
431,"[array([  -46.68356355, 32338.67706048]), array([    42.13389422, -29189.65003374])]",Success
432,"[array([  -47.57702888, 33015.91903879]), array([    41.77982789, -29000.7341757 ])]",Success
433,"[array([  -45.95443931, 32103.53998767]), array([    42.41948244, -29634.47677874])]",Success
434,"[array([ -137.86331794, 96640.07697635]), array([    29.80828496, -20934.77781991])]",Success
435,"[array([  -44.83597292, 31702.20136808]), array([    42.89502171, -30330.02836418])]",Success
436,"[array([  -47.18452388, 33391.03072769]), array([    40.94524799, -28975.99584248])]",Success
437,"[array([  -45.03977279, 31929.89775756]), array([    42.71012937, -30279.41158062])]",Success
439,"[array([  -45.16600263, 32212.63153774]), array([    42.09087053, -30019.94014403])]",Success
440,"[array([  -48.72588461, 34789.40831607]), array([    39.40778715, -28137.90608791])]",Success
444,[],Success
445,[],Success
446,[],Success
447,[],Success
448,[],Success
449,[],Success
450,[],Success
451,[],Success
452,[],Success
453,[],Success
454,[],Success
455,[],Success
456,[],Success
457,[],Success
394,"[array([  -63.48280549, 40179.68313796]), array([    52.11275078, -33084.07555923])]",Success
425,"[array([  -49.28100608, 33617.828793  ]), array([    40.73631551, -27789.12501646])]",Success
429,"[array([  -46.76563613, 32107.67667331]), array([    42.56872007, -29226.47402804])]",Success
430,"[array([  -47.66067223, 32815.65254144]), array([    41.67816107, -28696.67252197])]",Success
438,"[array([  -42.89502171, 30476.41963827]), array([    44.83597292, -31856.22372233])]",Success
441,"[array([  -46.8784577 , 33633.76638751]), array([    40.53833842, -29084.9177466 ])]",Success
442,"[array([  -47.55458931, 34184.07227423]), array([    40.04596994, -28786.76614577])]",Success
443,"[array([  -49.70529938, 35828.08567911]), array([    38.63810381, -27851.38949813])]",Success
458,[],Success
459,[],Success
460,[],Success
461,[],Success
462,[],Success
463,"[array([  -62.81205372, 45622.94245862]), array([    32.90155195, -23901.67717406])]",Success
464,"[array([  -46.95658385, 34178.89162247]), array([    39.97130691, -29094.36381511])]",Success
465,"[array([ -116.34581195, 85253.43402658]), array([    29.17432747, -21410.53259738])]",Success
466,"[array([  -46.20431766, 33876.31640664]), array([    40.23625997, -29500.85843162])]",Success
467,"[array([  -44.09453147, 32404.24560693]), array([    41.98566257, -30855.03981025])]",Success
468,"[array([  -41.0923506 , 30311.41695121]), array([    47.80545739, -35288.77204317])]",Success
469,"[array([  -44.50093268, 32910.55230321]), array([    41.44507464, -30654.09023974])]",Success
470,"[array([  -45.68905474, 34021.09996191]), array([    40.16829396, -29910.84189643])]",Success
471,"[array([  -46.12627058, 34458.20045764]), array([    39.6723891 , -29637.29599998])]",Success
472,"[array([  -45.90662167, 34398.26932629]), array([    39.6723891 , -29726.79500488])]",Success
473,"[array([  -45.47354033, 34141.35780607]), array([    40.00162054, -30033.15960631])]",Success
480,"[array([  -44.7881366 , 34659.47898271]), array([    39.39869277, -30489.23912204])]",Success
474,"[array([  -46.04844106, 34693.4971084 ]), array([    39.44313189, -29717.66989169])]",Success
475,"[array([  -47.88121484, 36167.10281676]), array([    38.19096898, -28848.14973337])]",Success
477,"[array([  -46.63016239, 35349.97574719]), array([    38.70114692, -29339.7471027 ])]",Success
478,"[array([  -45.9474384 , 35138.03482839]), array([    38.97999897, -29811.14386441])]",Success
479,"[array([  -45.00040265, 34520.31936291]), array([    39.56285399, -30349.2287181 ])]",Success
481,"[array([  -64.05013255, 49685.25539768]), array([    30.97849548, -24034.92979144])]",Success
482,"[array([  -44.50431745, 34608.99984782]), array([    39.33369136, -30588.63521143])]",Success
483,"[array([  -39.49758174, 30846.73490291]), array([    44.29635335, -34595.48583601])]",Success
484,"[array([  -45.57413278, 35628.82361493]), array([    38.37821708, -30003.79547366])]",Success
485,"[array([  -48.86298772, 38240.73820301]), array([    36.31961539, -28424.50727553])]",Success
486,"[array([  -45.71865378, 35874.91671148]), array([    38.16032796, -29944.25990131])]",Success
487,"[array([  -45.49885256, 35812.89677803]), array([    38.31482321, -30158.60614316])]",Success
488,"[array([  -23.65940333, 18677.95091239]), array([    143.39032323, -113226.76532161])]",Success
489,"[array([  -45.71865378, 36141.71787257]), array([    38.00707363, -30046.08763634])]",Success
490,"[array([  -44.85194945, 35690.72183887]), array([    38.27919546, -30460.88010785])]",Success
491,[],Success
493,[],Success
494,"[array([  -45.05237954, 35849.99076631]), array([    38.36412561, -30528.56084957])]",Success
495,"[array([  -45.04007562, 36073.7201349 ]), array([    37.87043093, -30332.08490716])]",Success
496,[],Success
497,"[array([ -118.76026269, 94778.28000381]), array([   104.08202798, -84002.9563917 ])]",Success
498,"[array([  -44.32201191, 35693.16385489]), array([    38.2781012 , -30826.43271724])]",Success
499,"[array([  -44.67674267, 36054.7887743 ]), array([    37.9019907 , -30587.67735385])]",Success
502,"[array([  -44.03333473, 36136.06801276]), array([    37.87229201, -31080.09783197])]",Success
503,"[array([  -63.36779898, 52174.76561629]), array([    34.03085501, -28059.69206581])]",Success
476,"[array([  -40.78018721, 30867.24157372]), array([    54.06811338, -40988.8208009 ])]",Success
500,"[array([  -45.55707257, 36946.15963458]), array([    36.99234293, -30000.57199445])]",Success
501,"[array([  -44.17628429, 36075.50388712]), array([    37.8395222, -30900.8357485])]",Success
504,"[array([  -44.60354783, 36806.85386245]), array([    37.04972118, -30573.71992011])]",Success
506,"[array([  -25.3416174 , 21039.53777561]), array([    176.41664424, -146700.24991671])]",Success
507,"[array([  -45.79371026, 38143.28063032]), array([    36.05803958, -30036.86434612])]",Success
508,"[array([  -44.24513069, 36994.15409648]), array([    37.07992734, -31003.48397771])]",Success
511,"[array([  -44.53891112, 37658.98961919]), array([    36.34375147, -30730.8997935 ])]",Success
512,"[array([  -42.06452717, 35677.70946226]), array([    38.33729058, -32518.86984624])]",Success
513,"[array([  -121.99582856, 104055.10992573]), array([    23.88278125, -20382.43678909])]",Success
514,"[array([  -39.70489117, 33924.86790653]), array([    40.2366531 , -34380.32563879])]",Success
515,"[array([  -43.12445117, 36907.04276817]), array([    37.09057734, -31743.70351218])]",Success
516,"[array([  -87.50495432, 75024.00388371]), array([    34.0113596 , -29234.27622559])]",Success
517,"[array([  -42.7156886 , 36677.83069588]), array([    37.24384419, -31979.73086622])]",Success
518,"[array([  -42.31460232, 36453.26802327]), array([    37.39838297, -32218.32669496])]",Success
519,"[array([  -40.90000327, 35411.4138191 ]), array([    38.28091656, -33143.84769184])]",Success
520,[],Success
521,[],Success
522,[],Success
523,[],Success
524,[],Success
525,[],Success
527,[],Success
530,[],Success
531,[],Success
492,"[array([  -35.9838834 , 28659.34327624])]",Success
505,"[array([  -43.47708768, 36075.49024478]), array([    37.75170988, -31325.50226872])]",Success
509,"[array([  -85.85412251, 72145.64092731]), array([    56.87835616, -48069.23424343])]",Success
510,"[array([  -43.89341966, 37034.91062133]), array([    36.78517356, -31037.6402556 ])]",Success
526,[],Success
528,[],Success
529,[],Success
532,"[array([  -40.84560867, 35364.33878128]), array([    38.5909243 , -33412.66690257])]",Success
533,"[array([  -42.24883182, 36647.317165  ]), array([    37.29917788, -32356.08034517])]",Success
534,"[array([  -43.06523437, 37471.98087561]), array([    36.38572863, -31660.3044176 ])]",Success
535,"[array([  -42.18377647, 36885.14345296]), array([    37.08657014, -32428.71141866])]",Success
536,"[array([  -43.63125899, 38205.72861624]), array([    35.89022917, -31427.49470765])]",Success
537,"[array([  -43.20765453, 37961.19789689]), array([    36.03553374, -31660.04201209])]",Success
538,"[array([  -42.319138  , 37474.42914224]), array([    36.42220894, -32253.17310752])]",Success
539,"[array([  -268.46474249, 238710.94477864]), array([    43.21627562, -38655.3128614 ])]",Success
541,"[array([  -40.08749549, 35910.80607399]), array([    38.02290344, -34064.35862746])]",Success
543,"[array([  -48.87107816, 43841.57375691]), array([    32.28344944, -28962.98861536])]",Success
544,"[array([  -41.59546994, 37591.04259204]), array([    36.14032634, -32661.14260216])]",Success
545,"[array([  -42.1925341 , 38225.98606718]), array([    35.70137501, -32345.13705854])]",Success
546,"[array([  -59.39948103, 53746.60843652]), array([    59.39948103, -53990.93434281])]",Success
547,"[array([  -42.26501535, 38398.29553702]), array([    35.59159187, -32335.58573553])]",Success
554,"[array([  -66.18262326, 61262.45257439]), array([    27.52356713, -25492.21392895])]",Success
555,"[array([  -41.08968553, 38128.92724284]), array([    35.97478692, -33382.89705106])]",Success
561,"[array([  -40.32756793, 37957.53916382]), array([    35.80954164, -33705.11657567])]",Success
565,[],Success
540,"[array([  -42.18731668, 37626.83828079]), array([    36.16055715, -32252.05599093])]",Success
549,"[array([  -57.95100429, 52798.54047439]), array([    37.39573354, -34142.16803218])]",Success
550,"[array([  -43.75300824, 40083.79692055]), array([    34.31608489, -31439.59797825])]",Success
551,"[array([  -43.10641206, 39654.56867906]), array([    34.86295477, -32074.23841537])]",Success
553,"[array([  -41.74699952, 38538.73352187]), array([    35.44235061, -32718.69462359])]",Success
556,"[array([  -43.28184021, 40227.24631574]), array([    34.35066684, -31933.2905213 ])]",Success
557,"[array([  -41.55564435, 38769.59909961]), array([    35.27989398, -32914.59482313])]",Success
558,"[array([  -38.07741861, 35698.00276818]), array([    38.07741861, -35699.17710641])]",Success
559,"[array([  -64.50428377, 60426.80299417]), array([    48.28812304, -45413.86437419])]",Success
560,"[array([  -42.57918239, 40009.67616464]), array([    34.4365499 , -32360.55872628])]",Success
562,"[array([  -41.09571208, 38801.20983133]), array([    35.16175342, -33198.47675165])]",Success
563,"[array([  -24.44787404, 23065.06799987]), array([    194.98790532, -184300.97687968])]",Success
564,[],Success
566,[],Success
567,[],Success
568,[],Success
569,[],Success
570,[],Success
572,[],Success
574,[],Success
575,"[array([  -40.97821054, 38690.34036627]), array([    35.05017195, -33093.09284194])]",Success
576,"[array([  -24.44722788, 23064.44451143]), array([    194.36913538, -183716.57519917])]",Success
577,"[array([  -41.11654787, 38912.8161949 ]), array([    35.05017195, -33171.58539247])]",Success
578,"[array([  -40.34076395, 38391.79234177]), array([    35.48648115, -33772.23268867])]",Success
579,"[array([  -40.09276025, 38286.87618366]), array([    35.73120475, -34123.01083562])]",Success
542,"[array([    17.07657364, -15323.81209518])]",Success
552,"[array([  -39.77546204, 36620.78268687]), array([    37.23660276, -34283.57824408])]",Success
571,[],Success
573,[],Success
580,"[array([  -40.99600581, 39309.98008787]), array([    34.66328946, -33238.88993633])]",Success
581,"[array([  -45.11729739, 43415.65595298]), array([    32.0570271, -30849.0529808])]",Success
583,"[array([  -41.73797651, 40330.64751545]), array([    34.19496871, -33043.93991056])]",Success
584,"[array([  -43.98514629, 42739.55475091]), array([    33.68703664, -32749.36038133])]",Success
585,"[array([  -40.94968103, 39900.62660287]), array([    34.17977408, -33304.82406521])]",Success
586,"[array([  -45.57303211, 44567.66958863]), array([    31.51146458, -30817.01745775])]",Success
587,"[array([  -47.07327746, 46126.05636263]), array([    32.16075063, -31532.38489875])]",Success
588,"[array([  -40.19725672, 39608.23968352]), array([    34.43125678, -33927.52927487])]",Success
589,"[array([  -41.4677389 , 41032.72987692]), array([    33.50593303, -33156.01745146])]",Success
590,"[array([  -43.33656482, 42939.96660522]), array([    32.29327031, -31998.21265807])]",Success
592,"[array([  -34.79952159, 34727.10368649]), array([    39.39568482, -39317.40411788])]",Success
593,"[array([  -46.65857643, 46595.70568163]), array([    30.48133278, -30440.97213946])]",Success
594,"[array([  -309.32908079, 309326.72558448]), array([    18.64260085, -18642.41593541])]",Success
597,"[array([-1.01852258e+02,  1.01853387e+05]), array([ 2.19209585e+01, -2.19228835e+04])]",Success
603,[],Success
607,"[array([-3.87970388e+01,  3.92736107e+04]), array([ 3.45940263e+01, -3.50195701e+04])]",Success
608,"[array([-3.54810526e+01,  3.60201520e+04]), array([ 3.79112617e+01, -3.84877290e+04])]",Success
609,"[array([-3.93486555e+01,  4.00192004e+04]), array([ 3.41669395e+01, -3.47495738e+04])]",Success
610,[],Success
614,[],Success
615,[],Success
548,"[array([    44.26280176, -40742.63160735])]",Success
591,"[array([  -42.18123829, 41937.81059968]), array([    32.88143772, -32692.16544237])]",Success
598,"[array([  -50.31256133, 50311.74411252]), array([ 2.95119618e+01, -2.95215457e+04])]",Success
599,"[array([  -24.20836284, 24189.74239419]), array([ 1.09893226e+02, -1.09949044e+05])]",Success
601,[],Success
602,"[array([-4.33720372e+01,  4.34854184e+04]), array([ 3.22768649e+01, -3.23687601e+04])]",Success
604,"[array([-3.63102614e+01,  3.65280232e+04]), array([ 3.71207583e+01, -3.73435956e+04])]",Success
606,"[array([-3.95954755e+01,  3.98747484e+04]), array([ 3.43597101e+01, -3.46023624e+04])]",Success
611,"[array([-3.97428518e+01,  4.05459717e+04]), array([ 3.38350260e+01, -3.45206016e+04])]",Success
612,[],Success
613,[],Success
616,[],Success
617,[],Success
618,"[array([-3.98364035e+01,  4.06412846e+04]), array([ 3.37314822e+01, -3.44148772e+04])]",Success
619,"[array([-4.13592044e+01,  4.23987570e+04]), array([ 3.24034711e+01, -3.32179203e+04])]",Success
620,"[array([-3.70742417e+01,  3.80112593e+04]), array([ 3.62576285e+01, -3.71832080e+04])]",Success
622,"[array([-4.06877801e+01,  4.19753837e+04]), array([ 3.27447473e+01, -3.37815681e+04])]",Success
623,"[array([-4.23027361e+01,  4.37199359e+04]), array([ 3.16862193e+01, -3.27479370e+04])]",Success
624,"[array([-4.31933200e+01,  4.47001249e+04]), array([ 3.10861015e+01, -3.21705337e+04])]",Success
625,"[array([-3.72511283e+01,  3.85861508e+04]), array([ 3.51727391e+01, -3.64333768e+04])]",Success
626,"[array([-3.80610076e+01,  3.94614049e+04]), array([ 3.45279183e+01, -3.57985321e+04])]",Success
627,"[array([-4.15386631e+01,  4.31375763e+04]), array([ 3.19652993e+01, -3.31964749e+04])]",Success
628,"[array([-4.05104784e+01,  4.21133893e+04]), array([ 3.26020583e+01, -3.38932177e+04])]",Success
630,"[array([-3.93419069e+01,  4.09909495e+04]), array([ 3.34004761e+01, -3.48005759e+04])]",Success
638,"[array([-3.82163403e+01,  4.04057580e+04]), array([ 3.38990132e+01, -3.58416157e+04])]",Success
595,"[array([    11.28633133, -11286.04633341])]",Success
600,"[array([  -35.48842233, 35328.23015485])]",Success
605,"[array([ 2.12661122e+01, -2.14436777e+04])]",Success
621,"[array([-3.98977261e+01,  4.10248313e+04]), array([ 3.35466595e+01, -3.44961596e+04])]",Success
629,"[array([-7.43919694e+02,  7.69291209e+05]), array([ 2.68185929e+02, -2.88899486e+05])]",Success
631,"[array([-4.09478803e+01,  4.27542837e+04]), array([ 3.22080166e+01, -3.36300293e+04])]",Success
633,"[array([-9.14277376e+01,  9.55577541e+04]), array([ 6.89582089e+01, -7.26092345e+04])]",Success
634,"[array([-3.83271163e+01,  4.01929641e+04]), array([ 3.38556194e+01, -3.55037894e+04])]",Success
635,"[array([-3.88772663e+01,  4.08066641e+04]), array([ 3.35758209e+01, -3.52422327e+04])]",Success
636,"[array([-3.90641762e+01,  4.10454649e+04]), array([ 3.33006093e+01, -3.49895810e+04])]",Success
637,"[array([-3.75630716e+01,  3.96786585e+04]), array([ 3.45260573e+01, -3.64723813e+04])]",Success
640,"[array([-3.92744798e+01,  4.16785250e+04]), array([ 3.28883856e+01, -3.49026286e+04])]",Success
641,"[array([-3.96022045e+01,  4.21834912e+04]), array([ 3.25760069e+01, -3.47001178e+04])]",Success
642,"[array([-3.44768939e+01,  3.68212467e+04]), array([ 3.70073081e+01, -3.95239531e+04])]",Success
644,"[array([-3.49772753e+01,  3.74842474e+04]), array([ 3.62377177e+01, -3.88356978e+04])]",Success
646,"[array([-3.90522977e+01,  4.19734547e+04]), array([ 3.25699325e+01, -3.50061975e+04])]",Success
647,"[array([-3.96294252e+01,  4.26402929e+04]), array([ 3.23083266e+01, -3.47631707e+04])]",Success
648,"[array([-4.25649382e+01,  4.58882310e+04]), array([ 3.04726262e+01, -3.28525405e+04])]",Success
649,"[array([-3.83084444e+01,  4.13616473e+04]), array([ 3.29703825e+01, -3.55980271e+04])]",Success
653,"[array([-4.10799195e+01,  4.48020872e+04]), array([ 5.60180720e+01, -6.12778873e+04])]",Success
654,"[array([-3.79098834e+01,  4.14606566e+04]), array([ 3.30536586e+01, -3.61497796e+04])]",Success
655,"[array([-3.88300262e+01,  4.26124570e+04]), array([ 3.20788952e+01, -3.52043461e+04])]",Success
656,[],Success
658,[],Success
659,[],Success
582,"[array([    33.92249883, -32923.08530892])]",Success
596,"[array([    12.31841472, -12318.17345979])]",Success
632,"[array([-4.19436528e+01,  4.39530249e+04]), array([ 3.24186002e+01, -3.39855749e+04])]",Success
639,"[array([-2.61829866e+01,  2.77466236e+04]), array([ 5.57968472e+01, -5.91359173e+04])]",Success
643,"[array([-3.89738801e+01,  4.17204275e+04]), array([ 3.27950942e+01, -3.51066080e+04])]",Success
645,"[array([-2.95763725e+01,  3.17356174e+04]), array([ 4.81722954e+01, -5.17211314e+04])]",Success
650,"[array([-3.86767948e+01,  4.18717846e+04]), array([ 3.27023306e+01, -3.54038734e+04])]",Success
651,"[array([-3.87540203e+01,  4.20840935e+04]), array([ 3.26100903e+01, -3.54124205e+04])]",Success
652,"[array([-3.82003915e+01,  4.16138900e+04]), array([ 3.27431927e+01, -3.56698288e+04])]",Success
657,[],Success
660,[],Success
661,"[array([-3.87275710e+01,  4.25001216e+04]), array([ 3.22864627e+01, -3.54324427e+04])]",Success
662,"[array([-3.86406749e+01,  4.26786446e+04]), array([ 3.20701957e+01, -3.54216506e+04])]",Success
663,"[array([-4.40074353e+01,  4.85969834e+04]), array([ 3.03499554e+01, -3.35337329e+04])]",Success
664,"[array([-4.27595677e+01,  4.72440432e+04]), array([ 3.76691429e+01, -4.16881620e+04])]",Success
665,"[array([-3.91609902e+01,  4.33644910e+04]), array([ 3.16420801e+01, -3.50390028e+04])]",Success
666,"[array([-3.78493781e+01,  4.19557492e+04]), array([ 3.25535803e+01, -3.60860065e+04])]",Success
667,"[array([-3.91056273e+01,  4.34695702e+04]), array([ 3.15973469e+01, -3.51236129e+04])]",Success
668,"[array([-3.91056273e+01,  4.35671716e+04]), array([ 3.15973469e+01, -3.52027688e+04])]",Success
669,"[array([-5.55533725e+01,  6.18994993e+04]), array([ 5.08940574e+01, -5.69361514e+04])]",Success
670,"[array([-3.80553476e+01,  4.25078725e+04]), array([ 3.21528856e+01, -3.59148191e+04])]",Success
671,"[array([-3.86149851e+01,  4.32213203e+04]), array([ 3.17639394e+01, -3.55531246e+04])]",Success
676,"[array([-3.85083239e+01,  4.34277968e+04]), array([ 3.15489883e+01, -3.55794946e+04])]",Success
677,"[array([-3.80309977e+01,  4.31330114e+04]), array([ 3.17181600e+01, -3.59733763e+04])]",Success
679,"[array([-3.78472731e+01,  4.30640243e+04]), array([ 3.17181600e+01, -3.60900818e+04])]",Success
672,"[array([-3.80553476e+01,  4.26539920e+04]), array([ 3.21528856e+01, -3.60383751e+04])]",Success
673,"[array([-3.80553476e+01,  4.28044891e+04]), array([ 3.18925383e+01, -3.58728741e+04])]",Success
674,"[array([-4.34627578e+01,  4.88683759e+04]), array([ 4.11872207e+01, -4.64098912e+04])]",Success
675,"[array([-1.57113962e+03,  1.76807838e+06]), array([ 1.93477702e+02, -2.24610511e+05])]",Success
678,[],Success
681,"[array([-4.40204731e+01,  5.01550557e+04]), array([ 2.90732229e+01, -3.31373689e+04])]",Success
682,"[array([-3.80079206e+01,  4.33137160e+04]), array([ 3.16732672e+01, -3.60948751e+04])]",Success
683,"[array([-3.76406944e+01,  4.29288463e+04]), array([ 3.16732672e+01, -3.61230501e+04])]",Success
684,"[array([-3.78234162e+01,  4.32263966e+04]), array([ 3.16732672e+01, -3.61977186e+04])]",Success
685,"[array([-3.81942340e+01,  4.37439289e+04]), array([ 3.12916616e+01, -3.58383961e+04])]",Success
686,"[array([-3.79032938e+01,  4.35527830e+04]), array([ 3.14581993e+01, -3.61473484e+04])]",Success
687,[],Success
688,"[array([-3.87972318e+01,  4.46681653e+04]), array([ 3.07914538e+01, -3.54511234e+04])]",Success
689,"[array([-3.78509579e+01,  4.36487546e+04]), array([ 3.12880902e+01, -3.60806202e+04])]",Success
690,"[array([-3.99416606e+01,  4.61841227e+04]), array([ 3.00336518e+01, -3.47281698e+04])]",Success
691,"[array([-3.79837361e+01,  4.40063702e+04]), array([ 3.11192054e+01, -3.60538016e+04])]",Success
692,"[array([-3.89381013e+01,  4.52041897e+04]), array([ 3.05066227e+01, -3.54159739e+04])]",Success
696,"[array([-3.30759131e+01,  3.88727960e+04]), array([ 3.51903551e+01, -4.13606156e+04])]",Success
702,[],Success
703,[],Success
704,[],Success
705,[],Success
706,[],Success
707,[],Success
708,[],Success
680,"[array([-3.31965488e+01,  3.77266287e+04]), array([ 5.47859128e+01, -6.23854157e+04])]",Success
693,"[array([-1.86916285e+01,  2.18056271e+04]), array([ 1.61215296e+02, -1.88137950e+05])]",Success
694,"[array([-3.69742962e+01,  4.32649704e+04]), array([ 3.16706062e+01, -3.70593275e+04])]",Success
695,"[array([-3.88323010e+01,  4.54724671e+04]), array([ 3.03044232e+01, -3.54865377e+04])]",Success
697,"[array([-3.72303756e+01,  4.38639749e+04]), array([ 3.12011650e+01, -3.67612789e+04])]",Success
698,"[array([-3.75935988e+01,  4.44466103e+04]), array([ 3.08267510e+01, -3.64465932e+04])]",Success
699,"[array([-3.77778812e+01,  4.47321875e+04]), array([ 3.07286858e+01, -3.63854474e+04])]",Success
700,"[array([-3.48718903e+01,  4.13136747e+04]), array([ 3.41776229e+01, -4.05097754e+04])]",Success
701,[],Success
709,"[array([-3.80022229e+01,  4.49976165e+04]), array([ 3.06425603e+01, -3.62833434e+04])]",Success
710,"[array([-3.52130689e+01,  4.17174265e+04]), array([ 3.42761751e+01, -4.06268101e+04])]",Success
711,"[array([-3.74213942e+01,  4.44821412e+04]), array([ 3.09067385e+01, -3.67398854e+04])]",Success
712,"[array([-3.91485355e+01,  4.66492403e+04]), array([ 2.95890094e+01, -3.52581433e+04])]",Success
713,"[array([-3.71904871e+01,  4.44399659e+04]), array([ 3.07421365e+01, -3.67360282e+04])]",Success
714,"[array([-3.68311588e+01,  4.42113942e+04]), array([ 3.09920726e+01, -3.72023667e+04])]",Success
715,"[array([-3.70099508e+01,  4.44710624e+04]), array([ 3.07421365e+01, -3.69396614e+04])]",Success
718,"[array([-3.66370337e+01,  4.44003590e+04]), array([ 3.08287235e+01, -3.73612741e+04])]",Success
720,"[array([-3.70263276e+01,  4.50231097e+04]), array([ 3.04571404e+01, -3.70352417e+04])]",Success
721,"[array([-3.68457114e+01,  4.49019373e+04]), array([ 3.04571404e+01, -3.71168135e+04])]",Success
722,"[array([-3.63142828e+01,  4.43275797e+04]), array([ 3.08300850e+01, -3.76334068e+04])]",Success
723,"[array([-3.69257913e+01,  4.52525465e+04]), array([ 3.03744413e+01, -3.72242682e+04])]",Success
724,"[array([-3.76160587e+01,  4.62393948e+04]), array([ 2.96189438e+01, -3.64094432e+04])]",Success
725,"[array([-4.17956207e+01,  5.15083254e+04]), array([ 2.74569771e+01, -3.38383801e+04])]",Success
729,"[array([-4.05063013e+01,  5.02922260e+04]), array([ 2.78574935e+01, -3.45883992e+04])]",Success
730,"[array([-3.19812796e+01,  3.97775271e+04]), array([ 3.41717782e+01, -4.25029059e+04])]",Success
716,"[array([-3.69125409e+01,  4.45118176e+04]), array([ 3.07853580e+01, -3.71233118e+04])]",Success
717,"[array([-2.95874841e+01,  3.56818834e+04]), array([ 4.02327165e+01, -4.85397034e+04])]",Success
719,"[array([-6.11602095e+01,  7.39537290e+04]), array([ 5.49555506e+01, -6.67765129e+04])]",Success
726,"[array([-4.68979752e+01,  5.78820009e+04]), array([ 3.13961340e+01, -3.88064588e+04])]",Success
727,"[array([-3.66032977e+01,  4.52481858e+04]), array([ 3.03792552e+01, -3.75543649e+04])]",Success
731,"[array([-8.03653038e+01,  1.00058564e+05]), array([ 2.04206919e+01, -2.54301700e+04])]",Success
732,"[array([-3.61061510e+01,  4.49758626e+04]), array([ 3.03820051e+01, -3.78454398e+04])]",Success
734,"[array([-3.60593729e+01,  4.49965081e+04]), array([ 3.04664905e+01, -3.80174622e+04])]",Success
736,"[array([-3.58860105e+01,  4.50493567e+04]), array([ 3.04664905e+01, -3.82463808e+04])]",Success
737,"[array([-3.59634863e+01,  4.52621083e+04]), array([ 3.02619580e+01, -3.80868029e+04])]",Success
738,"[array([-3.72222084e+01,  4.69204225e+04]), array([ 2.94246706e+01, -3.70919172e+04])]",Success
739,"[array([-2.9501593e+01,  3.7274346e+04]), array([ 3.69870718e+01, -4.67343266e+04])]",Success
740,"[array([-4.08483595e+01,  5.17460659e+04]), array([ 2.99774251e+01, -3.80067142e+04])]",Success
741,"[array([-3.54019116e+01,  4.48618948e+04]), array([ 3.05942446e+01, -3.87700390e+04])]",Success
742,"[array([-3.60893273e+01,  4.57830143e+04]), array([ 3.00200613e+01, -3.80836527e+04])]",Success
744,[],Success
745,[],Success
746,[],Success
747,[],Success
748,[],Success
749,[],Success
750,[],Success
751,[],Success
752,[],Success
753,[],Success
728,"[array([-3.10069258e+01,  3.83572928e+04]), array([ 3.90816460e+01, -4.83810553e+04])]",Success
733,"[array([-4.84694168e+01,  6.04151725e+04]), array([ 3.34721533e+01, -4.18021925e+04])]",Success
735,"[array([-3.60593729e+01,  4.51983542e+04]), array([ 3.03426430e+01, -3.80331561e+04])]",Success
743,"[array([-3.66226671e+01,  4.65067547e+04]), array([ 2.93530444e+01, -3.72750197e+04])]",Success
754,"[array([-3.63541840e+01,  4.61186393e+04]), array([ 3.00631799e+01, -3.81384618e+04])]",Success
755,"[array([-3.67141264e+01,  4.66227679e+04]), array([ 2.93886505e+01, -3.73203412e+04])]",Success
756,"[array([-3.80234602e+01,  4.83730072e+04]), array([ 2.85912840e+01, -3.63742651e+04])]",Success
757,"[array([-3.65175806e+01,  4.65332204e+04]), array([ 2.93886505e+01, -3.74492376e+04])]",Success
758,"[array([-3.61595651e+01,  4.61829203e+04]), array([ 2.96247039e+01, -3.78370976e+04])]",Success
759,"[array([-3.44266543e+01,  4.41712522e+04]), array([ 3.08255398e+01, -3.95516445e+04])]",Success
760,"[array([-3.75882858e+01,  4.83040897e+04]), array([ 2.86665526e+01, -3.68397709e+04])]",Success
761,"[array([-3.2413912e+01,  4.1743518e+04]), array([ 3.28480269e+01, -4.23092659e+04])]",Success
762,"[array([-3.63775680e+01,  4.69396757e+04]), array([ 2.9275971e+01, -3.7776345e+04])]",Success
763,"[array([-2.90445404e+01,  3.75250637e+04]), array([ 3.67413436e+01, -4.74703032e+04])]",Success
764,"[array([-3.49015788e+01,  4.51847923e+04]), array([ 3.02864940e+01, -3.92103529e+04])]",Success
765,"[array([-7.52731884e+01,  9.76065739e+04]), array([ 3.10702097e+01, -4.04005585e+04])]",Success
767,"[array([-3.52729434e+01,  4.58602999e+04]), array([ 2.98020379e+01, -3.87477779e+04])]",Success
769,"[array([-3.68762590e+01,  4.80880073e+04]), array([ 2.86333305e+01, -3.73390159e+04])]",Success
770,"[array([-3.60992692e+01,  4.71573833e+04]), array([ 2.91682095e+01, -3.81031699e+04])]",Success
771,"[array([-2.95224793e+01,  3.85845566e+04]), array([ 4.76604731e+01, -6.23784908e+04])]",Success
772,"[array([-3.59214403e+01,  4.69977198e+04]), array([ 2.92853509e+01, -3.83155128e+04])]",Success
774,"[array([-3.53063164e+01,  4.63828395e+04]), array([ 2.94457537e+01, -3.86837593e+04])]",Success
778,"[array([-3.34311012e+01,  4.42274219e+04]), array([ 3.20997741e+01, -4.24851997e+04])]",Success
779,"[array([-3.41768370e+01,  4.53730004e+04]), array([ 3.00642716e+01, -3.99133783e+04])]",Success
781,"[array([-3.47888997e+01,  4.63845062e+04]), array([ 2.96561112e+01, -3.95411960e+04])]",Success
766,"[array([-2.90896386e+01,  3.78051882e+04]), array([ 3.66909511e+01, -4.76919555e+04])]",Success
768,"[array([-3.59679767e+01,  4.68524674e+04]), array([ 2.92059971e+01, -3.80442000e+04])]",Success
773,"[array([-3.60054514e+01,  4.72359225e+04]), array([ 2.90924047e+01, -3.81668256e+04])]",Success
775,"[array([-2.99304575e+01,  3.94157708e+04]), array([ 3.51357545e+01, -4.62799400e+04])]",Success
776,"[array([-3.78333064e+01,  4.98625481e+04]), array([ 2.78313978e+01, -3.66818055e+04])]",Success
777,"[array([-3.44265158e+01,  4.54417941e+04]), array([ 3.00165076e+01, -3.96231631e+04])]",Success
780,"[array([-3.46224457e+01,  4.60613338e+04]), array([ 2.96561112e+01, -3.94544728e+04])]",Success
782,"[array([-6.16925453e+01,  8.22119764e+04]), array([ 3.83937649e+01, -5.13398007e+04])]",Success
783,"[array([-4.62694089e+01,  6.17698372e+04]), array([ 2.45511150e+01, -3.27853455e+04])]",Success
784,"[array([-3.64546858e+01,  4.86983573e+04]), array([ 2.84174323e+01, -3.79624872e+04])]",Success
787,"[array([-3.55567872e+01,  4.77350440e+04]), array([ 2.87570829e+01, -3.86070042e+04])]",Success
788,"[array([-1.92233603e+01,  2.58353500e+04]), array([ 8.68525314e+01, -1.16760080e+05])]",Success
789,"[array([-3.55111335e+01,  4.77832284e+04]), array([ 2.88350404e+01, -3.88007616e+04])]",Success
790,"[array([-3.17566524e+01,  4.28055842e+04]), array([ 3.18971686e+01, -4.29981283e+04])]",Success
791,"[array([-3.62249251e+01,  4.88643895e+04]), array([ 2.82696475e+01, -3.81335673e+04])]",Success
793,"[array([-3.53757487e+01,  4.79495046e+04]), array([ 3.84025507e+01, -5.21356913e+04])]",Success
795,"[array([-3.53296702e+01,  4.79952285e+04]), array([ 2.85733986e+01, -3.88181153e+04])]",Success
796,"[array([-3.21610899e+01,  4.37394417e+04]), array([ 3.11822741e+01, -4.24098347e+04])]",Success
797,"[array([-3.63568232e+01,  4.95101219e+04]), array([ 2.78688489e+01, -3.79517087e+04])]",Success
798,"[array([-3.33129962e+01,  4.54419149e+04]), array([ 2.99879036e+01, -4.09067973e+04])]",Success
799,"[array([-3.58807728e+01,  4.89947746e+04]), array([ 2.83219090e+01, -3.86737418e+04])]",Success
800,[],Success
801,[],Success
802,[],Success
805,[],Success
785,"[array([-3.43715609e+01,  4.59533753e+04]), array([ 2.98265611e+01, -3.98786208e+04])]",Success
786,"[array([-3.52098917e+01,  4.71687618e+04]), array([ 2.91049508e+01, -3.89905011e+04])]",Success
792,"[array([-3.42845518e+01,  4.64106461e+04]), array([ 2.95071962e+01, -3.99446813e+04])]",Success
794,"[array([-3.73537659e+01,  5.06982845e+04]), array([ 2.74786324e+01, -3.72962248e+04])]",Success
803,[],Success
804,[],Success
806,[],Success
807,[],Success
808,"[array([-3.34349278e+01,  4.56080004e+04]), array([ 2.99428404e+01, -4.08453242e+04])]",Success
809,"[array([-3.54730981e+01,  4.84385538e+04]), array([ 2.82793493e+01, -3.86155866e+04])]",Success
810,"[array([-3.57692005e+01,  4.89778192e+04]), array([ 2.82463131e+01, -3.86785928e+04])]",Success
811,"[array([-3.48925044e+01,  4.78573871e+04]), array([ 2.87018988e+01, -3.93670584e+04])]",Success
812,"[array([-3.45537422e+01,  4.74622027e+04]), array([ 2.88181008e+01, -3.95842545e+04])]",Success
813,"[array([-3.66019221e+01,  5.03620995e+04]), array([ 2.75223755e+01, -3.78696543e+04])]",Success
814,"[array([-3.81761983e+01,  5.26239858e+04]), array([ 2.67953694e+01, -3.69415448e+04])]",Success
816,"[array([-3.39317823e+01,  4.69403010e+04]), array([ 2.93047210e+01, -4.05449295e+04])]",Success
817,"[array([-3.71295418e+01,  5.13732994e+04]), array([ 2.70677194e+01, -3.74517110e+04])]",Success
818,"[array([-3.42596256e+01,  4.74868075e+04]), array([ 2.89458877e+01, -4.01235104e+04])]",Success
819,"[array([-3.42178202e+01,  4.75764393e+04]), array([ 2.87930438e+01, -4.00340286e+04])]",Success
820,"[array([-3.78774801e+01,  5.26561071e+04]), array([ 2.76683155e+01, -3.84816035e+04])]",Success
822,"[array([-3.41328142e+01,  4.76517898e+04]), array([ 2.86052329e+01, -3.99356825e+04])]",Success
823,"[array([-3.52827536e+01,  4.93914495e+04]), array([ 2.78915048e+01, -3.90448143e+04])]",Success
825,"[array([-3.36390480e+01,  4.73008913e+04]), array([ 2.89323499e+01, -4.06836719e+04])]",Success
826,"[array([-3.62400053e+01,  5.10186231e+04]), array([ 2.70406193e+01, -3.80676367e+04])]",Success
837,"[array([-7.12075645e+01,  1.01688795e+05]), array([ 1.98813143e+01, -2.84038341e+04])]",Success
815,"[array([-3.44259344e+01,  4.75841601e+04]), array([ 2.88282215e+01, -3.98475995e+04])]",Success
821,"[array([-3.51945415e+01,  4.90282882e+04]), array([ 2.79608808e+01, -3.89519942e+04])]",Success
824,"[array([-3.49779155e+01,  4.91225127e+04]), array([ 2.80102033e+01, -3.93374486e+04])]",Success
827,"[array([-3.45911285e+01,  4.87478083e+04]), array([ 2.80879964e+01, -3.95832168e+04])]",Success
828,"[array([-3.61958716e+01,  5.10809206e+04]), array([ 2.72170507e+01, -3.84108278e+04])]",Success
829,"[array([-3.79567518e+01,  5.36969051e+04]), array([ 2.61040858e+01, -3.69298161e+04])]",Success
830,"[array([-4.47261089e+01,  6.32153574e+04]), array([ 3.98977221e+01, -5.65452270e+04])]",Success
831,"[array([-3.33543481e+01,  4.72368460e+04]), array([ 2.88247452e+01, -4.08220628e+04])]",Success
835,"[array([-3.47622123e+01,  4.95395897e+04]), array([ 2.77270027e+01, -3.95136197e+04])]",Success
836,"[array([-3.44197275e+01,  4.91251286e+04]), array([ 2.79488187e+01, -3.98896009e+04])]",Success
838,"[array([-3.30727077e+01,  4.73292234e+04]), array([ 2.88361212e+01, -4.12665878e+04])]",Success
839,"[array([-3.41670618e+01,  4.90133703e+04]), array([ 2.79922916e+01, -4.01559222e+04])]",Success
840,"[array([-3.63025031e+01,  5.21637068e+04]), array([ 2.66033611e+01, -3.82272017e+04])]",Success
841,"[array([-3.44639805e+01,  4.95942505e+04]), array([ 2.77359524e+01, -3.99127936e+04])]",Success
842,"[array([-3.15010139e+01,  4.54114469e+04]), array([ 2.98786440e+01, -4.30733835e+04])]",Success
843,"[array([-3.44639805e+01,  4.97604759e+04]), array([ 2.76258891e+01, -3.98877432e+04])]",Success
845,"[array([-3.42514298e+01,  4.95471149e+04]), array([ 2.75914296e+01, -3.99128375e+04])]",Success
846,"[array([-4.37298130e+01,  6.34610508e+04]), array([ 3.01286694e+01, -4.37916492e+04])]",Success
847,[],Success
848,[],Success
849,[],Success
850,[],Success
851,"[array([-4.33031341e+01,  6.28420905e+04]), array([ 3.00383627e+01, -4.36602727e+04])]",Success
855,"[array([-3.34257477e+01,  4.90581798e+04]), array([ 2.79906668e+01, -4.10817421e+04])]",Success
857,"[array([-3.35467902e+01,  4.94122247e+04]), array([ 2.77302096e+01, -4.08449765e+04])]",Success
832,"[array([-3.41266986e+01,  4.83942478e+04]), array([ 2.83237782e+01, -4.01652707e+04])]",Success
833,"[array([-3.48058369e+01,  4.94826593e+04]), array([ 2.77617985e+01, -3.94685997e+04])]",Success
834,"[array([-3.12320233e+01,  4.44530012e+04]), array([ 3.05501014e+01, -4.34845468e+04])]",Success
844,"[array([-2.32833581e+01,  3.36364253e+04]), array([ 4.64114938e+01, -6.70720022e+04])]",Success
852,"[array([-3.13352834e+01,  4.56378089e+04]), array([ 3.03689971e+01, -4.42431465e+04])]",Success
853,"[array([-3.39594205e+01,  4.95089964e+04]), array([ 2.77974288e+01, -4.05258176e+04])]",Success
854,"[array([-3.47762829e+01,  5.09416661e+04]), array([ 2.71090710e+01, -3.97106297e+04])]",Success
856,"[array([-3.02004562e+01,  4.44342500e+04]), array([ 3.07397501e+01, -4.52315503e+04])]",Success
858,"[array([-3.36719277e+01,  4.96649234e+04]), array([ 2.76978760e+01, -4.08555816e+04])]",Success
859,"[array([-3.43453663e+01,  5.07325139e+04]), array([ 2.71504872e+01, -4.01049442e+04])]",Success
860,"[array([-3.40519817e+01,  5.04349885e+04]), array([ 2.72687184e+01, -4.03882798e+04])]",Success
861,"[array([-3.45679208e+01,  5.12374704e+04]), array([ 2.69466469e+01, -3.99411208e+04])]",Success
862,"[array([-4.30468448e+01,  6.37955859e+04]), array([ 2.56346379e+01, -3.80221027e+04])]",Success
863,"[array([-3.37164942e+01,  5.00447629e+04]), array([ 2.73777933e+01, -4.06364419e+04])]",Success
864,"[array([-3.42222416e+01,  5.08958194e+04]), array([ 2.70531554e+01, -4.02338458e+04])]",Success
865,"[array([-3.32254773e+01,  4.95386645e+04]), array([ 2.77103171e+01, -4.13156437e+04])]",Success
866,"[array([-1.84765850e+01,  2.75670541e+04]), array([ 8.7645339e+01, -1.3083473e+05])]",Success
868,"[array([-3.57487770e+01,  5.34847436e+04]), array([ 2.59620396e+01, -3.88426148e+04])]",Success
870,"[array([-2.6776535e+01,  4.0140559e+04]), array([ 4.55201094e+01, -6.83246343e+04])]",Success
871,"[array([-3.82210441e+01,  5.74759546e+04]), array([ 2.51975772e+01, -3.79041965e+04])]",Success
872,"[array([-3.41454025e+01,  5.14395718e+04]), array([ 2.67517130e+01, -4.03012712e+04])]",Success
873,"[array([-3.36382926e+01,  5.07505755e+04]), array([ 2.72888960e+01, -4.11752928e+04])]",Success
874,"[array([-3.22034839e+01,  4.86598802e+04]), array([ 2.81947514e+01, -4.26030447e+04])]",Success
875,"[array([-3.27879714e+01,  4.95946339e+04]), array([ 2.75898783e+01, -4.17322655e+04])]",Success
876,"[array([-3.32701474e+01,  5.03832454e+04]), array([ 2.73673793e+01, -4.14445831e+04])]",Success
867,"[array([-3.29855865e+01,  4.92694068e+04]), array([ 2.78694548e+01, -4.16310244e+04])]",Success
869,"[array([-3.34706687e+01,  5.01788134e+04]), array([ 2.73120657e+01, -4.09459984e+04])]",Success
878,"[array([-3.37667168e+01,  5.13003080e+04]), array([ 2.68265220e+01, -4.07564568e+04])]",Success
882,"[array([-3.54691852e+01,  5.41416968e+04]), array([ 2.56241262e+01, -3.91156325e+04])]",Success
883,"[array([-3.38244137e+01,  5.16748749e+04]), array([ 2.67105489e+01, -4.08068556e+04])]",Success
884,"[array([-3.39952440e+01,  5.20856419e+04]), array([ 2.66049736e+01, -4.07629786e+04])]",Success
885,"[array([-3.34474355e+01,  5.14007600e+04]), array([ 2.67845997e+01, -4.11615690e+04])]",Success
886,"[array([-3.29555614e+01,  5.06771900e+04]), array([ 2.71086070e+01, -4.16861787e+04])]",Success
887,"[array([-4.09935033e+01,  6.30589576e+04]), array([ 2.31825329e+01, -3.56637049e+04])]",Success
888,"[array([-3.32818541e+01,  5.12744653e+04]), array([ 2.67845997e+01, -4.12649984e+04])]",Success
889,"[array([-3.16731981e+01,  4.88708701e+04]), array([ 2.79779917e+01, -4.31702935e+04])]",Success
890,"[array([-3.66924481e+01,  5.67571214e+04]), array([ 2.47775572e+01, -3.83274772e+04])]",Success
891,"[array([-4.90125401e+01,  7.57052692e+04]), array([ 7.29860652e+01, -1.13333402e+05])]",Success
892,"[array([-3.22822981e+01,  5.00669913e+04]), array([ 2.72956016e+01, -4.23334525e+04])]",Success
893,"[array([-3.38699058e+01,  5.25702492e+04]), array([ 2.62989857e+01, -4.08194410e+04])]",Success
894,"[array([-3.15959874e+01,  4.91828504e+04]), array([ 2.78511376e+01, -4.33556481e+04])]",Success
896,[],Success
898,[],Success
899,[],Success
900,[],Success
902,[],Success
903,[],Success
905,[],Success
907,[],Success
908,[],Success
877,"[array([-3.49851035e+01,  5.30293283e+04]), array([ 2.62050582e+01, -3.97221301e+04])]",Success
879,"[array([-3.35603500e+01,  5.10693651e+04]), array([ 2.67952202e+01, -4.07747311e+04])]",Success
880,"[array([-6.68840803e+01,  1.01744859e+05]), array([ 4.16993340e+01, -6.37049044e+04])]",Success
895,[],Success
897,[],Success
901,[],Success
904,[],Success
906,[],Success
909,[],Success
910,[],Success
911,[],Success
912,"[array([-3.14125109e+01,  4.88975291e+04]), array([ 2.80452065e+01, -4.36581264e+04])]",Success
913,"[array([-3.32077570e+01,  5.17852199e+04]), array([ 2.66990366e+01, -4.16358187e+04])]",Success
914,"[array([-3.25243437e+01,  5.08324404e+04]), array([ 2.68850422e+01, -4.20202289e+04])]",Success
915,"[array([-2.91156789e+01,  4.55517500e+04]), array([ 3.00337408e+01, -4.69890729e+04])]",Success
916,"[array([-3.23664585e+01,  5.06937612e+04]), array([ 2.69938885e+01, -4.22791029e+04])]",Success
918,"[array([-3.29701052e+01,  5.17476092e+04]), array([ 2.66398450e+01, -4.18123664e+04])]",Success
919,"[array([-3.21737258e+01,  5.05173543e+04]), array([ 2.70730132e+01, -4.25088006e+04])]",Success
920,"[array([-3.34671420e+01,  5.25999376e+04]), array([ 2.62203199e+01, -4.12102803e+04])]",Success
921,"[array([-3.27324075e+01,  5.15469193e+04]), array([ 2.65787149e+01, -4.18561929e+04])]",Success
922,"[array([-3.57240791e+01,  5.63172719e+04]), array([ 2.48864371e+01, -3.92325287e+04])]",Success
925,"[array([-3.28944491e+01,  5.20729514e+04]), array([ 2.64728236e+01, -4.19076047e+04])]",Success
927,"[array([-3.29029855e+01,  5.22502750e+04]), array([ 2.63486059e+01, -4.18419555e+04])]",Success
930,"[array([-3.25396268e+01,  5.18964466e+04]), array([ 2.64221769e+01, -4.21402050e+04])]",Success
932,"[array([-3.64539047e+01,  5.84297544e+04]), array([ 2.45284638e+01, -3.93246751e+04])]",Success
881,"[array([-3.50015135e+01,  5.33234360e+04]), array([ 2.60822089e+01, -3.97383491e+04])]",Success
917,"[array([-3.30073785e+01,  5.17629100e+04]), array([ 2.65637070e+01, -4.16581869e+04])]",Success
923,"[array([-3.28944491e+01,  5.19181229e+04]), array([ 2.64728236e+01, -4.17830016e+04])]",Success
926,"[array([-3.31445747e+01,  5.25379851e+04]), array([ 2.63052180e+01, -4.17030379e+04])]",Success
928,"[array([-3.27400994e+01,  5.20677611e+04]), array([ 2.64540003e+01, -4.20709512e+04])]",Success
929,"[array([-5.33346781e+01,  8.49011987e+04]), array([ 2.04120373e+01, -3.25050976e+04])]",Success
931,"[array([-3.26641423e+01,  5.22265729e+04]), array([ 2.62874771e+01, -4.20311388e+04])]",Success
933,"[array([-3.22690414e+01,  5.18174366e+04]), array([ 2.65438889e+01, -4.26242223e+04])]",Success
934,"[array([-3.27506689e+01,  5.26630575e+04]), array([ 2.61225573e+01, -4.20052486e+04])]",Success
935,"[array([-3.10162225e+01,  5.00205131e+04]), array([ 2.71712363e+01, -4.38201174e+04])]",Success
936,"[array([-3.69406695e+01,  5.95985619e+04]), array([ 2.38240550e+01, -3.84370096e+04])]",Success
937,"[array([-3.28397818e+01,  5.30916109e+04]), array([ 2.58580959e+01, -4.18045033e+04])]",Success
939,"[array([-3.28903259e+01,  5.33125160e+04]), array([ 2.58702564e+01, -4.19338547e+04])]",Success
940,"[array([-3.80533422e+01,  6.17052419e+04]), array([ 2.56673524e+01, -4.16526804e+04])]",Success
942,"[array([-3.33545347e+01,  5.42388156e+04]), array([ 2.53391039e+01, -4.12052402e+04])]",Success
943,"[array([-3.11308990e+01,  5.06688581e+04]), array([ 2.70144165e+01, -4.39708723e+04])]",Success
944,"[array([-4.94708101e+01,  8.06616422e+04]), array([ 2.28326816e+01, -3.72644805e+04])]",Success
945,"[array([-3.21305208e+01,  5.25106830e+04]), array([ 2.61947620e+01, -4.28099185e+04])]",Success
947,"[array([-2.81142057e+01,  4.60788373e+04]), array([ 2.95135553e+01, -4.83732367e+04])]",Success
949,"[array([-3.61930748e+01,  5.95787568e+04]), array([ 2.40396807e+01, -3.95808411e+04])]",Success
950,"[array([-3.25337886e+01,  5.36874022e+04]), array([ 2.57112972e+01, -4.24290793e+04])]",Success
952,[],Success
953,[],Success
959,[],Success
960,[],Success
924,"[array([-2.7802003e+01,  4.3955082e+04]), array([ 3.09054824e+01, -4.88649861e+04])]",Success
938,"[array([-2.15804591e+01,  3.49519633e+04]), array([ 4.40299300e+01, -7.13253539e+04])]",Success
941,"[array([-3.28903259e+01,  5.34240190e+04]), array([ 2.57684049e+01, -4.18561117e+04])]",Success
946,"[array([-3.24502275e+01,  5.31204005e+04]), array([ 2.58829196e+01, -4.23699369e+04])]",Success
951,"[array([-3.05481583e+01,  5.04775150e+04]), array([ 2.70255124e+01, -4.46573580e+04])]",Success
954,[],Success
955,[],Success
956,[],Success
957,[],Success
958,[],Success
961,[],Success
962,"[array([-3.25047362e+01,  5.36394044e+04]), array([ 2.56868521e+01, -4.23887914e+04])]",Success
963,"[array([-3.06648455e+01,  5.06700954e+04]), array([ 2.69595317e+01, -4.45483506e+04])]",Success
964,"[array([-2.32744158e+01,  3.85162016e+04]), array([ 3.80605153e+01, -6.30004970e+04])]",Success
965,"[array([-3.21904856e+01,  5.33604631e+04]), array([ 2.58811504e+01, -4.29020203e+04])]",Success
966,"[array([-3.17170961e+01,  5.26272828e+04]), array([ 2.59850908e+01, -4.31164229e+04])]",Success
967,"[array([-3.33519980e+01,  5.53843667e+04]), array([ 2.49818054e+01, -4.14849064e+04])]",Success
969,"[array([-3.20311268e+01,  5.33150362e+04]), array([ 2.57780383e+01, -4.29071132e+04])]",Success
970,"[array([-3.23160245e+01,  5.39068509e+04]), array([ 2.56476385e+01, -4.27860377e+04])]",Success
971,"[array([-3.28081467e+01,  5.47716231e+04]), array([ 2.52468942e+01, -4.21484722e+04])]",Success
972,"[array([-3.04868156e+01,  5.08917893e+04]), array([ 2.76205338e+01, -4.61211706e+04])]",Success
974,"[array([-3.19605479e+01,  5.34810519e+04]), array([ 2.56191694e+01, -4.28700124e+04])]",Success
976,"[array([-3.18881627e+01,  5.35619056e+04]), array([ 2.56629835e+01, -4.31057890e+04])]",Success
981,"[array([-3.19001766e+01,  5.40260274e+04]), array([ 2.54441885e+01, -4.30922822e+04])]",Success
982,"[array([-2.86247120e+01,  4.86245478e+04]), array([ 2.78779804e+01, -4.73576662e+04])]",Success
948,"[array([-1.0715055e+01,  1.7573153e+04])]",Success
968,"[array([-3.47864925e+01,  5.78468587e+04]), array([ 2.42332869e+01, -4.02983588e+04])]",Success
973,"[array([-3.18031068e+01,  5.31292946e+04]), array([ 2.58241227e+01, -4.31420613e+04])]",Success
975,"[array([-5.65685875e+01,  9.47467362e+04]), array([ 1.96012735e+01, -3.28469075e+04])]",Success
977,"[array([-3.80287167e+01,  6.40035291e+04]), array([ 2.26297645e+01, -3.80888462e+04])]",Success
979,"[array([-3.91881288e+01,  6.61538631e+04]), array([ 3.15041820e+01, -5.32805697e+04])]",Success
980,"[array([-3.20596775e+01,  5.41935293e+04]), array([ 2.54441885e+01, -4.30107418e+04])]",Success
983,"[array([-3.13969721e+01,  5.34394137e+04]), array([ 2.57228205e+01, -4.37820783e+04])]",Success
984,"[array([-3.31118663e+01,  5.64230009e+04]), array([ 2.45791930e+01, -4.18837894e+04])]",Success
985,"[array([-3.11736107e+01,  5.31867303e+04]), array([ 2.57685088e+01, -4.39653278e+04])]",Success
986,"[array([-3.45437307e+01,  5.90104398e+04]), array([ 2.37568408e+01, -4.05844700e+04])]",Success
987,"[array([-3.20782812e+01,  5.48669795e+04]), array([ 2.51321967e+01, -4.29866201e+04])]",Success
988,"[array([-3.12561892e+01,  5.35703592e+04]), array([ 2.56074803e+01, -4.38897523e+04])]",Success
989,"[array([-3.33835739e+01,  5.73261387e+04]), array([ 2.43368802e+01, -4.17918437e+04])]",Success
990,"[array([-3.14101606e+01,  5.40015800e+04]), array([ 2.54034367e+01, -4.36745733e+04])]",Success
991,"[array([-3.18060189e+01,  5.47255201e+04]), array([ 2.51430979e+01, -4.32612772e+04])]",Success
992,"[array([-3.14585469e+01,  5.42041879e+04]), array([ 2.53172369e+01, -4.36225879e+04])]",Success
994,"[array([-3.12016093e+01,  5.38779665e+04]), array([ 2.54374566e+01, -4.39247099e+04])]",Success
995,"[array([-3.77019445e+01,  6.51445594e+04]), array([ 2.22243042e+01, -3.84022034e+04])]",Success
996,"[array([-2.63913612e+01,  4.56427989e+04]), array([ 2.98770127e+01, -5.16727155e+04])]",Success
997,"[array([-6.39068307e+01,  1.10616334e+05]), array([ 1.75743784e+01, -3.04197972e+04])]",Success
998,"[array([-2.82445368e+01,  4.88934925e+04]), array([ 2.78712610e+01, -4.82479836e+04])]",Success
1003,"[array([-3.15979450e+01,  5.49776768e+04]), array([ 2.50777342e+01, -4.36332755e+04])]",Success
1006,"[array([-3.15615625e+01,  5.51571087e+04]), array([ 2.49498518e+01, -4.36027444e+04])]",Success
1013,[],Success
978,"[array([-3.15041820e+01,  5.30695672e+04]), array([ 2.58106551e+01, -4.34790715e+04])]",Success
1000,"[array([-7.71558078e+01,  1.33798277e+05]), array([ 2.38746273e+01, -4.14903058e+04])]",Success
1002,"[array([-3.11663854e+01,  5.41119399e+04]), array([ 2.52062798e+01, -4.37636334e+04])]",Success
1004,"[array([-3.14045398e+01,  5.47096819e+04]), array([ 2.52492500e+01, -4.39867923e+04])]",Success
1005,"[array([-3.39371640e+01,  5.92156109e+04]), array([ 2.36416199e+01, -4.12521467e+04])]",Success
1007,"[array([-2.23840869e+01,  3.92020237e+04]), array([ 4.32350172e+01, -7.57763393e+04])]",Success
1008,"[array([-3.13671113e+01,  5.50287453e+04]), array([ 2.50190055e+01, -4.38920691e+04])]",Success
1010,"[array([-3.03114874e+01,  5.33437288e+04]), array([ 2.55506604e+01, -4.49651035e+04])]",Success
1011,[],Success
1012,[],Success
1014,[],Success
1015,[],Success
1016,[],Success
1017,[],Success
1018,[],Success
1019,[],Success
1020,[],Success
1021,[],Success
1022,[],Success
1023,[],Success
1024,[],Success
1025,[],Success
1027,[],Success
1028,[],Success
1029,[],Success
993,"[array([-3.15120731e+01,  5.43449589e+04]), array([ 2.52347677e+01, -4.35193717e+04])]",Success
999,"[array([-3.59475923e+01,  6.22733320e+04]), array([ 2.28403474e+01, -3.95691132e+04])]",Success
1001,"[array([-3.24450063e+01,  5.63131231e+04]), array([ 2.44277075e+01, -4.23979003e+04])]",Success
1009,"[array([-3.16823587e+01,  5.56781436e+04]), array([ 2.47210871e+01, -4.34445813e+04])]",Success
1026,[],Success
1030,"[array([-3.18150642e+01,  5.59111698e+04]), array([ 2.47965337e+01, -4.35773274e+04])]",Success
1031,"[array([-3.02854938e+01,  5.32978778e+04]), array([ 2.57252285e+01, -4.52726480e+04])]",Success
1032,"[array([-4.51119305e+01,  7.94805537e+04]), array([ 2.00979434e+01, -3.54172296e+04])]",Success
1033,"[array([-3.02925524e+01,  5.34220422e+04]), array([ 2.55941157e+01, -4.51361788e+04])]",Success
1034,"[array([-3.13527917e+01,  5.53249312e+04]), array([ 2.47848156e+01, -4.37351200e+04])]",Success
1035,"[array([-3.35323976e+01,  5.92769992e+04]), array([ 2.35735276e+01, -4.16726332e+04])]",Success
1036,"[array([-3.04073495e+01,  5.38276786e+04]), array([ 2.54630650e+01, -4.50761109e+04])]",Success
1037,"[array([-3.11637512e+01,  5.52513109e+04]), array([ 2.49558326e+01, -4.42452731e+04])]",Success
1038,"[array([-3.38589945e+01,  6.01182000e+04]), array([ 2.32859256e+01, -4.13454020e+04])]",Success
1039,"[array([-2.96867962e+01,  5.27981449e+04]), array([ 2.57774238e+01, -4.58453919e+04])]",Success
1040,"[array([-3.43801096e+01,  6.11865359e+04]), array([ 2.30043381e+01, -4.09411606e+04])]",Success
1041,"[array([-2.97960950e+01,  5.30688266e+04]), array([ 2.58561155e+01, -4.60533884e+04])]",Success
1042,"[array([-3.59608043e+01,  6.41364338e+04]), array([ 2.23470713e+01, -3.98576893e+04])]",Success
1045,"[array([-3.06893906e+01,  5.48768729e+04]), array([ 2.49197852e+01, -4.45601152e+04])]",Success
1048,"[array([-3.06554512e+01,  5.50680235e+04]), array([ 2.48922263e+01, -4.47162112e+04])]",Success
1051,"[array([-2.96774916e+01,  5.36554744e+04]), array([ 2.54204744e+01, -4.59598921e+04])]",Success
1053,"[array([-1.97314799e+01,  3.57741104e+04]), array([ 4.48962659e+01, -8.14162854e+04])]",Success
1054,"[array([-3.09784235e+01,  5.62513093e+04]), array([ 2.44888723e+01, -4.44676283e+04])]",Success
1055,"[array([-3.24014949e+01,  5.89505254e+04]), array([ 2.36209371e+01, -4.29765014e+04])]",Success
1058,"[array([-4.94052737e+01,  9.02997554e+04]), array([ 1.90606766e+01, -3.48505135e+04])]",Success
1043,"[array([-3.65916956e+01,  6.53598518e+04]), array([ 2.21885814e+01, -3.96383962e+04])]",Success
1046,"[array([-3.29262253e+01,  5.89383626e+04]), array([ 2.35721840e+01, -4.21946918e+04])]",Success
1047,"[array([-3.17502887e+01,  5.69690674e+04]), array([ 2.42142280e+01, -4.34473184e+04])]",Success
1049,"[array([-3.12369464e+01,  5.62465441e+04]), array([ 2.44730406e+01, -4.40671709e+04])]",Success
1056,"[array([-3.11901981e+01,  5.69406031e+04]), array([ 2.43136190e+01, -4.43925589e+04])]",Success
1057,"[array([-3.11901981e+01,  5.69841431e+04]), array([ 2.41236688e+01, -4.40741405e+04])]",Success
1059,"[array([-3.05725704e+01,  5.60153399e+04]), array([ 2.45065842e+01, -4.49013683e+04])]",Success
1061,"[array([-3.06581020e+01,  5.62859558e+04]), array([ 2.43568320e+01, -4.47170961e+04])]",Success
1062,"[array([-2.78836131e+01,  5.12698438e+04]), array([ 2.64475472e+01, -4.86310065e+04])]",Success
1063,"[array([-3.17643221e+01,  5.84622548e+04]), array([ 2.37010711e+01, -4.36222022e+04])]",Success
1064,"[array([-3.08113925e+01,  5.68228199e+04]), array([ 2.42609389e+01, -4.47423667e+04])]",Success
1068,"[array([-3.06764058e+01,  5.67306360e+04]), array([ 2.42501232e+01, -4.48462523e+04])]",Success
1069,"[array([-3.06764058e+01,  5.68071713e+04]), array([ 2.42501232e+01, -4.49069481e+04])]",Success
1070,"[array([-3.11435592e+01,  5.77151162e+04]), array([ 2.38726893e+01, -4.42407590e+04])]",Success
1071,"[array([-2.76364016e+01,  5.12761209e+04]), array([ 3.31636820e+01, -6.15980174e+04])]",Success
1072,"[array([-3.11435592e+01,  5.78652963e+04]), array([ 2.38726893e+01, -4.43562588e+04])]",Success
1074,[],Success
1075,[],Success
1076,[],Success
1077,[],Success
1078,[],Success
1079,[],Success
1080,[],Success
1081,[],Success
1082,[],Success
1044,"[array([-8.42815211e+01,  1.50281168e+05]), array([ 6.17508174e+01, -1.10893644e+05])]",Success
1050,"[array([-3.07730313e+01,  5.54933105e+04]), array([ 2.47655471e+01, -4.46602443e+04])]",Success
1052,"[array([-3.44588653e+01,  6.23504049e+04]), array([ 2.27201309e+01, -4.11112304e+04])]",Success
1060,"[array([-3.14401964e+01,  5.76952817e+04]), array([ 2.39777373e+01, -4.40017345e+04])]",Success
1065,"[array([-3.92083596e+01,  7.23293135e+04]), array([ 2.26312958e+01, -4.17792378e+04])]",Success
1066,"[array([-3.12472713e+01,  5.76952717e+04]), array([ 2.39521885e+01, -4.42258334e+04])]",Success
1073,"[array([-3.31251867e+01,  6.16893609e+04]), array([ 2.26294128e+01, -4.21439752e+04])]",Success
1083,[],Success
1084,[],Success
1085,[],Success
1086,"[array([-3.32776864e+01,  6.19732258e+04]), array([ 2.26834957e+01, -4.22448040e+04])]",Success
1087,"[array([-3.67581949e+01,  6.85521925e+04]), array([ 2.11870151e+01, -3.95138178e+04])]",Success
1088,"[array([-4.51078260e+01,  8.42827555e+04]), array([ 1.96437307e+01, -3.67175748e+04])]",Success
1089,"[array([-1.82050504e+02,  3.31010714e+05]), array([ 7.61194564e+02, -1.42580628e+06])]",Success
1090,"[array([-3.51997486e+01,  6.59548130e+04]), array([ 2.17484161e+01, -4.07514364e+04])]",Success
1091,"[array([-2.76798023e+01,  5.18822494e+04]), array([ 2.62480884e+01, -4.91996394e+04])]",Success
1092,"[array([-3.07553359e+01,  5.77157482e+04]), array([ 2.39746320e+01, -4.49916954e+04])]",Success
1093,"[array([-3.12284950e+01,  5.86607991e+04]), array([ 2.36029322e+01, -4.43367420e+04])]",Success
1094,[],Success
1095,"[array([-3.01463194e+01,  5.67163322e+04]), array([ 2.55863719e+01, -4.81596184e+04])]",Success
1096,"[array([-2.99664837e+01,  5.65300214e+04]), array([ 2.43327848e+01, -4.59024718e+04])]",Success
1098,"[array([-3.18491947e+01,  6.01897466e+04]), array([ 2.30424098e+01, -4.35470938e+04])]",Success
1099,"[array([-3.00831624e+01,  5.69429421e+04]), array([ 2.42103538e+01, -4.58268801e+04])]",Success
1100,"[array([-3.18157006e+01,  6.03462615e+04]), array([ 2.30181773e+01, -4.36607010e+04])]",Success
1109,"[array([-1.80390813e+01,  3.45971338e+04]), array([ 5.57875292e+01, -1.07047187e+05])]",Success
1097,"[array([-3.04159810e+01,  5.74281496e+04]), array([ 2.39495913e+01, -4.52190043e+04])]",Success
1101,"[array([-2.99349695e+01,  5.68230254e+04]), array([ 2.42103538e+01, -4.59569474e+04])]",Success
1102,"[array([-3.12906504e+01,  5.95113767e+04]), array([ 2.33476391e+01, -4.44054795e+04])]",Success
1104,"[array([-1.83756641e+02,  3.44427575e+05]), array([ 2.88760436e+02, -5.54497435e+05])]",Success
1106,"[array([-2.64802147e+01,  5.05562719e+04]), array([ 2.68317220e+01, -5.12276768e+04])]",Success
1107,"[array([-2.95803374e+01,  5.65121014e+04]), array([ 2.41592397e+01, -4.61552751e+04])]",Success
1108,"[array([-3.06261069e+01,  5.85654734e+04]), array([ 2.35952108e+01, -4.51206534e+04])]",Success
1110,"[array([-3.12178920e+01,  5.99104212e+04]), array([ 2.31732814e+01, -4.44719632e+04])]",Success
1111,"[array([-2.78937646e+01,  5.35936404e+04]), array([ 2.54221652e+01, -4.88461765e+04])]",Success
1112,"[array([-3.00615806e+01,  5.78559771e+04]), array([ 2.38583973e+01, -4.59176408e+04])]",Success
1113,"[array([-3.00285875e+01,  5.79378395e+04]), array([ 2.36445571e+01, -4.56203350e+04])]",Success
1114,"[array([-2.98791915e+01,  5.77425707e+04]), array([ 2.38322123e+01, -4.60566679e+04])]",Success
1115,"[array([-3.12797786e+01,  6.04878127e+04]), array([ 2.29225859e+01, -4.43270294e+04])]",Success
1116,"[array([-2.85696801e+01,  5.53900038e+04]), array([ 2.45886591e+01, -4.76726164e+04])]",Success
1117,"[array([-3.05768442e+01,  5.93610968e+04]), array([ 2.33193053e+01, -4.52715898e+04])]",Success
1118,"[array([-3.25709862e+01,  6.32748061e+04]), array([ 2.22790389e+01, -4.32809960e+04])]",Success
1120,"[array([-2.54487603e+01,  4.95178021e+04]), array([ 2.75597173e+01, -5.36258387e+04])]",Success
1121,"[array([-2.95763668e+01,  5.76577569e+04]), array([ 2.38977043e+01, -4.65878637e+04])]",Success
1122,"[array([-1.62790901e+01,  3.17446832e+04]), array([ 6.35577243e+01, -1.23945166e+05])]",Success
1123,"[array([-2.44853528e+01,  4.77290803e+04]), array([ 3.55620600e+01, -6.93876079e+04])]",Success
1128,"[array([-3.08570539e+01,  6.04942342e+04]), array([ 2.29938664e+01, -4.50791920e+04])]",Success
1129,"[array([-2.74442922e+01,  5.38730282e+04]), array([ 2.53421762e+01, -4.97467964e+04])]",Success
1132,"[array([-2.88771189e+01,  5.68312524e+04]), array([ 2.40837510e+01, -4.73986135e+04])]",Success
1133,"[array([-3.03504413e+01,  5.98185504e+04]), array([ 2.31466401e+01, -4.56206555e+04])]",Success
1139,[],Success
1067,"[array([ 1.31813971e+01, -2.43745629e+04])]",Success
1105,"[array([-2.83363045e+01,  5.40542500e+04]), array([ 2.52665382e+01, -4.81985652e+04])]",Success
1119,"[array([-3.28956204e+01,  6.38773129e+04]), array([ 4.40220803e+01, -8.57045033e+04])]",Success
1124,"[array([-3.01738691e+01,  5.88912942e+04]), array([ 2.34291219e+01, -4.57276425e+04])]",Success
1125,"[array([-2.99914909e+01,  5.86127903e+04]), array([ 2.34972704e+01, -4.59213302e+04])]",Success
1126,"[array([-6.81143236e+01,  1.32261718e+05]), array([ 1.26848978e+02, -2.48542527e+05])]",Success
1127,"[array([-3.46622208e+01,  6.78331637e+04]), array([ 2.19996383e+01, -4.30691188e+04])]",Success
1130,"[array([-3.03847521e+01,  5.97107811e+04]), array([ 2.30829900e+01, -4.53615728e+04])]",Success
1131,"[array([-2.94822347e+01,  5.79790806e+04]), array([ 2.37267387e+01, -4.66605494e+04])]",Success
1134,"[array([-3.01963782e+01,  5.95701114e+04]), array([ 2.32370566e+01, -4.58412502e+04])]",Success
1135,"[array([-2.95954552e+01,  5.84095322e+04]), array([ 2.35125948e+01, -4.64043030e+04])]",Success
1136,"[array([-3.05060846e+01,  6.02977459e+04]), array([ 2.29905491e+01, -4.54425364e+04])]",Success
1137,[],Success
1138,[],Success
1140,[],Success
1141,[],Success
1142,[],Success
1143,[],Success
1144,[],Success
1145,[],Success
1146,[],Success
1148,[],Success
1150,"[array([-3.16786207e+01,  6.26699851e+04]), array([ 2.22703085e+01, -4.40573753e+04])]",Success
1151,"[array([-2.79429343e+01,  5.53638730e+04]), array([ 2.46829253e+01, -4.89048610e+04])]",Success
1153,"[array([-2.98900579e+01,  5.93282650e+04]), array([ 2.33001238e+01, -4.62532286e+04])]",Success
1103,"[array([-3.19494009e+01,  6.08473482e+04]), array([ 2.29071176e+01, -4.36269371e+04])]",Success
1147,[],Success
1149,"[array([-3.06389534e+01,  6.05601269e+04]), array([ 2.29608607e+01, -4.53838762e+04])]",Success
1152,"[array([-1.76295896e+02,  3.41220685e+05]), array([ 5.91823146e+02, -1.17722091e+06])]",Success
1154,"[array([-3.07933660e+01,  6.11974675e+04]), array([ 2.26525910e+01, -4.50189172e+04])]",Success
1155,"[array([-2.76276928e+01,  5.50076234e+04]), array([ 2.47377668e+01, -4.92538892e+04])]",Success
1156,"[array([-3.14485440e+01,  6.26666398e+04]), array([ 2.23106651e+01, -4.44581165e+04])]",Success
1157,"[array([-3.00118084e+01,  5.98756436e+04]), array([ 2.30950245e+01, -4.60762711e+04])]",Success
1158,"[array([-2.92689419e+01,  5.84497574e+04]), array([ 2.35550847e+01, -4.70394386e+04])]",Success
1159,[],Success
1160,"[array([-2.86715286e+01,  5.73197990e+04]), array([ 2.39122870e+01, -4.78051729e+04])]",Success
1161,"[array([-3.73818664e+01,  7.42977091e+04]), array([ 2.95316744e+03, -5.90466734e+06])]",Success
1162,"[array([-1.81733381e+01,  3.62643733e+04]), array([ 2.95316744e+03, -5.90585517e+06])]",Success
1163,"[array([-1.37356625e+01,  2.74535655e+04]), array([ 3.28129716e+02, -6.56241135e+05])]",Success
1170,"[array([-1.90526932e+02,  3.81055010e+05]), array([ 1.33325844e+01, -2.66652099e+04])]",Success
1172,"[array([-2.78304759e+01,  5.57483363e+04]), array([ 2.43804169e+01, -4.88379810e+04])]",Success
1173,"[array([-2.99172673e+01,  6.00377652e+04]), array([ 2.31125555e+01, -4.63823130e+04])]",Success
1174,"[array([-2.88906944e+01,  5.80032845e+04]), array([ 2.36694846e+01, -4.75208580e+04])]",Success
1175,"[array([-3.00400322e+01,  6.03492762e+04]), array([ 2.29993996e+01, -4.62051101e+04])]",Success
1176,"[array([-2.81412098e+01,  5.66028991e+04]), array([ 2.42037566e+01, -4.86835594e+04])]",Success
1177,"[array([-3.02870216e+01,  6.09665984e+04]), array([ 2.26860316e+01, -4.56660973e+04])]",Success
1178,"[array([-2.89442473e+01,  5.83515629e+04]), array([ 2.35971172e+01, -4.75717604e+04])]",Success
1179,"[array([-3.05716965e+01,  6.16963829e+04]), array([ 2.28395553e+01, -4.61021771e+04])]",Success
1180,"[array([-2.94963102e+01,  5.95587179e+04]), array([ 2.32006550e+01, -4.68472623e+04])]",Success
1186,"[array([-2.25280226e+01,  4.57062868e+04]), array([ 3.23606954e+01, -6.56822202e+04])]",Success
1168,"[array([-9.68251620e+01,  1.93650259e+05]), array([ 1.45476229e+01, -2.90949856e+04])]",Success
1171,"[array([-2.96800748e+01,  5.93664035e+04]), array([ 2.32532869e+01, -4.65115666e+04])]",Success
1181,"[array([-2.96452814e+01,  5.99363232e+04]), array([ 2.30186891e+01, -4.65388847e+04])]",Success
1182,"[array([-2.87429815e+01,  5.81393524e+04]), array([ 2.36434203e+01, -4.78245078e+04])]",Success
1183,"[array([-2.97643058e+01,  6.02946597e+04]), array([ 2.28154406e+01, -4.62178839e+04])]",Success
1184,"[array([-2.90275655e+01,  5.88402153e+04]), array([ 2.33608296e+01, -4.73534765e+04])]",Success
1185,"[array([-2.9613981e+01,  6.0066841e+04]), array([ 2.29943852e+01, -4.66401319e+04])]",Success
1187,"[array([-2.94335974e+01,  5.98277856e+04]), array([ 2.30601806e+01, -4.68744894e+04])]",Success
1188,"[array([-2.90808312e+01,  5.91989742e+04]), array([ 2.31954249e+01, -4.72182259e+04])]",Success
1189,"[array([-3.04439952e+01,  6.20253685e+04]), array([ 2.23955827e+01, -4.56280416e+04])]",Success
1190,"[array([-3.07644583e+01,  6.27356077e+04]), array([ 2.22252741e+01, -4.53230438e+04])]",Success
1191,"[array([-2.69366225e+01,  5.49617517e+04]), array([ 2.48733918e+01, -5.07545254e+04])]",Success
1192,"[array([-2.93441686e+01,  5.99492108e+04]), array([ 2.30809864e+01, -4.71539249e+04])]",Success
1194,"[array([-1.02344677e+02,  2.09287102e+05]), array([ 4.13733802e+01, -8.50648963e+04])]",Success
1196,"[array([-2.88491298e+01,  5.92071691e+04]), array([ 2.32172280e+01, -4.76493794e+04])]",Success
1197,"[array([-2.89926578e+01,  5.95609402e+04]), array([ 2.30336926e+01, -4.73191547e+04])]",Success
1198,"[array([-2.91085274e+01,  5.98293147e+04]), array([ 2.30106936e+01, -4.72958975e+04])]",Success
1201,"[array([-2.77962956e+01,  5.72997807e+04]), array([ 2.39071020e+01, -4.92828342e+04])]",Success
1202,"[array([-2.89026159e+01,  5.96631475e+04]), array([ 2.30532769e+01, -4.75884594e+04])]",Success
1203,"[array([-2.88743287e+01,  5.96652068e+04]), array([ 2.30307146e+01, -4.75902963e+04])]",Success
1204,"[array([-2.96109187e+01,  6.12443334e+04]), array([ 2.25826462e+01, -4.67077372e+04])]",Success
1205,"[array([-2.91335815e+01,  6.02951038e+04]), array([ 2.28251288e+01, -4.72400381e+04])]",Success
1209,"[array([-2.95469212e+01,  6.14892925e+04]), array([ 2.24464983e+01, -4.67137341e+04])]",Success
1213,[],Success
1215,[],Success
1164,"[array([-1.10605522e+01,  2.21149341e+04])]",Success
1165,"[array([ 1.18126698e+01, -2.36251049e+04])]",Success
1166,"[array([ 1.13148178e+01, -2.26293287e+04])]",Success
1193,"[array([-2.99461003e+01,  6.12797521e+04]), array([ 2.25462917e+01, -4.61372542e+04])]",Success
1195,"[array([-2.15834231e+01,  4.42754524e+04]), array([ 3.18443947e+01, -6.53275113e+04])]",Success
1199,"[array([-2.94025530e+01,  6.04732134e+04]), array([ 2.29201003e+01, -4.71407335e+04])]",Success
1200,"[array([-2.95208519e+01,  6.07941119e+04]), array([ 2.28063052e+01, -4.69666278e+04])]",Success
1206,"[array([-2.95795037e+01,  6.13199219e+04]), array([ 2.24712509e+01, -4.65842107e+04])]",Success
1207,"[array([-2.57670343e+01,  5.34713592e+04]), array([ 2.53169551e+01, -5.25383118e+04])]",Success
1208,"[array([-2.89879136e+01,  6.02478575e+04]), array([ 2.28251288e+01, -4.74392467e+04])]",Success
1210,"[array([-2.96984439e+01,  6.19067220e+04]), array([ 2.23837340e+01, -4.66593151e+04])]",Success
1211,"[array([-2.87613682e+01,  5.99964617e+04]), array([ 2.31000135e+01, -4.81871552e+04])]",Success
1212,[],Success
1214,[],Success
1216,[],Success
1217,[],Success
1218,[],Success
1219,"[array([-2.98286202e+01,  6.21778122e+04]), array([ 2.24873026e+01, -4.68754098e+04])]",Success
1220,"[array([-2.84135249e+01,  5.92713463e+04]), array([ 2.30269979e+01, -4.80347541e+04])]",Success
1221,"[array([-2.90744922e+01,  6.07216395e+04]), array([ 2.27539504e+01, -4.75215854e+04])]",Success
1222,"[array([-3.53174814e+01,  7.38401457e+04]), array([ 1.99195483e+01, -4.16483933e+04])]",Success
1223,"[array([-2.90744922e+01,  6.08563415e+04]), array([ 2.26643680e+01, -4.74400674e+04])]",Success
1225,"[array([-2.90744922e+01,  6.10082370e+04]), array([ 2.26643680e+01, -4.75577991e+04])]",Success
1227,"[array([-3.34018632e+01,  7.02481814e+04]), array([ 2.04452686e+01, -4.29995809e+04])]",Success
1230,"[array([-2.84411904e+01,  6.00552718e+04]), array([ 2.27980971e+01, -4.81394349e+04])]",Success
1167,"[array([ 1.22284366e+01, -2.44565468e+04])]",Success
1169,"[array([ 1.12287735e+01, -2.24586246e+04])]",Success
1224,"[array([-2.89283893e+01,  6.06151532e+04]), array([ 2.27539504e+01, -4.76776326e+04])]",Success
1226,"[array([-2.91932633e+01,  6.13610334e+04]), array([ 2.24651284e+01, -4.72192293e+04])]",Success
1228,"[array([-2.84411904e+01,  5.98632214e+04]), array([ 2.28889262e+01, -4.81765771e+04])]",Success
1229,"[array([-2.85826889e+01,  6.02641213e+04]), array([ 2.27980971e+01, -4.80678076e+04])]",Success
1231,"[array([-2.96140230e+01,  6.25784077e+04]), array([ 2.21819323e+01, -4.68736822e+04])]",Success
1232,"[array([-1.94749846e+01,  4.11557514e+04]), array([ 3.61328331e+01, -7.63585995e+04])]",Success
1233,"[array([-3.23928721e+01,  6.86095886e+04]), array([ 2.06986944e+01, -4.38412159e+04])]",Success
1234,"[array([-2.88117505e+01,  6.11214357e+04]), array([ 2.24844641e+01, -4.76988700e+04])]",Success
1236,"[array([-2.92240205e+01,  6.21503890e+04]), array([ 2.22011938e+01, -4.72151082e+04])]",Success
1237,"[array([-2.91951087e+01,  6.22104619e+04]), array([ 2.22655304e+01, -4.74447417e+04])]",Success
1238,"[array([-7.33620680e+01,  1.56192041e+05]), array([ 3.97377868e+01, -8.50008729e+04])]",Success
1239,"[array([-2.63428360e+01,  5.61783333e+04]), array([ 2.42220145e+01, -5.16554976e+04])]",Success
1240,"[array([-2.90172356e+01,  6.20318240e+04]), array([ 2.22427837e+01, -4.75495798e+04])]",Success
1241,"[array([-2.88706839e+01,  6.17613397e+04]), array([ 2.23296696e+01, -4.77684294e+04])]",Success
1242,"[array([-2.85537582e+01,  6.12001687e+04]), array([ 2.23951045e+01, -4.79998254e+04])]",Success
1245,"[array([-2.84106682e+01,  6.10648379e+04]), array([ 2.25481494e+01, -4.84641613e+04])]",Success
1246,"[array([-3.00641992e+01,  6.46932732e+04]), array([ 2.15232335e+01, -4.63149629e+04])]",Success
1249,"[array([-2.75549578e+01,  5.94939981e+04]), array([ 2.30744769e+01, -4.98206794e+04])]",Success
1251,"[array([-2.85242277e+01,  6.17497533e+04]), array([ 2.22600836e+01, -4.81890121e+04])]",Success
1252,"[array([-2.99736226e+01,  6.49433409e+04]), array([ 2.15399797e+01, -4.66708724e+04])]",Success
1253,"[array([-2.89031360e+01,  6.26977292e+04]), array([ 2.19574212e+01, -4.76308220e+04])]",Success
1255,"[array([-3.01018212e+01,  6.54520718e+04]), array([ 2.12749713e+01, -4.62593484e+04])]",Success
1257,"[array([-2.89936050e+01,  6.31698183e+04]), array([ 2.19137712e+01, -4.77447216e+04])]",Success
1235,"[array([-2.89288283e+01,  6.14481636e+04]), array([ 2.23746407e+01, -4.75263030e+04])]",Success
1244,"[array([-3.13155317e+01,  6.71945131e+04]), array([ 2.63862351e+01, -5.66823806e+04])]",Success
1247,"[array([-2.81293745e+01,  6.05728904e+04]), array([ 2.26379826e+01, -4.87483882e+04])]",Success
1248,"[array([-2.92593882e+01,  6.31176140e+04]), array([ 2.20012454e+01, -4.74607254e+04])]",Success
1250,"[array([-2.92593882e+01,  6.32162103e+04]), array([ 2.19162985e+01, -4.73512294e+04])]",Success
1254,"[array([-2.87564196e+01,  6.24474802e+04]), array([ 2.22157438e+01, -4.82439359e+04])]",Success
1259,"[array([-2.89936050e+01,  6.33347262e+04]), array([ 2.18291621e+01, -4.76844355e+04])]",Success
1260,"[array([-2.78509999e+01,  6.08849403e+04]), array([ 2.26150119e+01, -4.94386659e+04])]",Success
1261,"[array([-3.00134892e+01,  6.57194189e+04]), array([ 2.12125412e+01, -4.64490370e+04])]",Success
1262,"[array([-2.82126798e+01,  6.18562122e+04]), array([ 2.23025137e+01, -4.88993497e+04])]",Success
1263,"[array([-2.98546877e+01,  6.54994768e+04]), array([ 2.12925886e+01, -4.67166513e+04])]",Success
1264,"[array([-2.89360819e+01,  6.35291317e+04]), array([ 2.18702944e+01, -4.80175297e+04])]",Success
1265,"[array([-2.79333464e+01,  6.14256597e+04]), array([ 2.23910157e+01, -4.92380176e+04])]",Success
1266,"[array([-2.54168287e+01,  5.59592879e+04]), array([ 2.43212757e+01, -5.35477653e+04])]",Success
1267,"[array([-2.85820273e+01,  6.29767789e+04]), array([ 2.19499958e+01, -4.83642850e+04])]",Success
1268,"[array([-2.94254294e+01,  6.49222997e+04]), array([ 2.14327830e+01, -4.72881529e+04])]",Success
1269,[],Success
1270,[],Success
1271,[],Success
1272,[],Success
1274,[],Success
1275,[],Success
1276,[],Success
1278,"[array([-2.93942143e+01,  6.48533491e+04]), array([ 2.14062946e+01, -4.72296561e+04])]",Success
1279,"[array([-2.87612779e+01,  6.34804358e+04]), array([ 2.18227595e+01, -4.81665700e+04])]",Success
1243,"[array([-2.87849837e+01,  6.17943736e+04]), array([ 2.23506932e+01, -4.79817022e+04])]",Success
1256,"[array([-2.85543079e+01,  6.21386370e+04]), array([ 2.22588700e+01, -4.84388807e+04])]",Success
1258,"[array([-2.85543079e+01,  6.22516927e+04]), array([ 2.21715803e+01, -4.83367011e+04])]",Success
1273,[],Success
1277,"[array([-2.87066172e+01,  6.32510050e+04]), array([ 2.19255870e+01, -4.83104691e+04])]",Success
1280,"[array([-2.82999547e+01,  6.25439519e+04]), array([ 2.20605946e+01, -4.87546419e+04])]",Success
1281,"[array([-2.84436093e+01,  6.29559081e+04]), array([ 2.19740824e+01, -4.86367214e+04])]",Success
1282,"[array([-2.88834589e+01,  6.39853490e+04]), array([ 2.17185699e+01, -4.81133032e+04])]",Success
1283,"[array([-2.81577438e+01,  6.24542765e+04]), array([ 2.20605946e+01, -4.89311913e+04])]",Success
1284,"[array([-2.82999547e+01,  6.28383421e+04]), array([ 2.19740824e+01, -4.87921210e+04])]",Success
1285,"[array([-2.85617833e+01,  6.35089599e+04]), array([ 2.17825274e+01, -4.84349406e+04])]",Success
1286,"[array([-2.21042384e+01,  4.91878230e+04]), array([ 2.79618616e+01, -6.22227142e+04])]",Success
1287,"[array([-3.36889898e+01,  7.50028467e+04]), array([ 1.94179594e+01, -4.32319031e+04])]",Success
1288,"[array([-2.83609747e+01,  6.32032308e+04]), array([ 2.18246563e+01, -4.86368578e+04])]",Success
1289,"[array([-2.87995465e+01,  6.42919172e+04]), array([ 2.14888924e+01, -4.79714620e+04])]",Success
1290,"[array([-2.80759398e+01,  6.27242201e+04]), array([ 2.19965040e+01, -4.91422969e+04])]",Success
1291,"[array([-2.83609747e+01,  6.34506301e+04]), array([ 2.17397355e+01, -4.86371471e+04])]",Success
1292,"[array([-2.83338528e+01,  6.34334842e+04]), array([ 2.18892902e+01, -4.90056723e+04])]",Success
1293,"[array([-2.83338528e+01,  6.35174010e+04]), array([ 2.17189455e+01, -4.86884248e+04])]",Success
1296,"[array([-2.76877916e+01,  6.22756655e+04]), array([ 2.20843099e+01, -4.96722535e+04])]",Success
1298,"[array([-2.98622431e+01,  6.72828419e+04]), array([ 2.07252881e+01, -4.66977523e+04])]",Success
1300,"[array([-2.95445596e+01,  6.67011384e+04]), array([ 2.08811173e+01, -4.71424235e+04])]",Success
1304,"[array([-2.88452693e+01,  6.54192327e+04]), array([ 2.12195084e+01, -4.81248650e+04])]",Success
1305,"[array([-2.80851080e+01,  6.37516489e+04]), array([ 2.16971227e+01, -4.92516622e+04])]",Success
1306,"[array([-3.33299173e+01,  7.58132511e+04]), array([ 1.92109940e+01, -4.36988412e+04])]",Success
1295,"[array([-2.83941128e+01,  6.37601928e+04]), array([ 2.16546541e+01, -4.86262565e+04])]",Success
1297,"[array([-2.82211912e+01,  6.35370227e+04]), array([ 2.18022536e+01, -4.90856609e+04])]",Success
1299,"[array([-2.76337175e+01,  6.23145177e+04]), array([ 2.20411794e+01, -4.97035343e+04])]",Success
1301,"[array([-2.75810034e+01,  6.23297463e+04]), array([ 2.20867797e+01, -4.99135640e+04])]",Success
1302,"[array([-2.81131558e+01,  6.36107046e+04]), array([ 2.17187910e+01, -4.91425838e+04])]",Success
1303,"[array([-2.72822251e+01,  6.17931379e+04]), array([ 2.21531668e+01, -5.01763183e+04])]",Success
1309,"[array([-2.74727550e+01,  6.26996253e+04]), array([ 2.20000946e+01, -5.02101523e+04])]",Success
1310,"[array([-2.95295388e+01,  6.74646855e+04]), array([ 2.06817369e+01, -4.72508121e+04])]",Success
1311,"[array([-2.03764714e+01,  4.66245793e+04]), array([ 3.06779098e+01, -7.02074765e+04])]",Success
1312,"[array([-2.77207951e+01,  6.34576311e+04]), array([ 2.16330911e+01, -4.95218265e+04])]",Success
1313,"[array([-2.58747552e+01,  5.93168230e+04]), array([ 2.29638453e+01, -5.26450034e+04])]",Success
1314,"[array([-2.76689730e+01,  6.35648271e+04]), array([ 2.15926495e+01, -4.96060577e+04])]",Success
1315,"[array([-3.09026032e+01,  7.11021598e+04]), array([ 1.99299397e+01, -4.58556417e+04])]",Success
1316,"[array([-2.89508598e+01,  6.67005621e+04]), array([ 2.08358461e+01, -4.80054805e+04])]",Success
1320,"[array([-2.82085301e+01,  6.53553241e+04]), array([ 2.11563976e+01, -4.90165689e+04])]",Success
1323,[],Success
1324,[],Success
1325,[],Success
1326,[],Success
1327,[],Success
1328,[],Success
1329,[],Success
1330,[],Success
1331,[],Success
1332,[],Success
1294,"[array([-2.83065482e+01,  6.35196176e+04]), array([ 2.41402164e+01, -5.42045442e+04])]",Success
1307,"[array([-2.75001393e+01,  6.26179032e+04]), array([ 2.19346349e+01, -4.99450344e+04])]",Success
1308,"[array([-2.80585178e+01,  6.39423783e+04]), array([ 2.15919062e+01, -4.92059419e+04])]",Success
1318,"[array([-2.80646090e+01,  6.48611958e+04]), array([ 2.13204007e+01, -4.92751452e+04])]",Success
1319,"[array([-2.16561550e+01,  5.01673911e+04]), array([ 2.75033168e+01, -6.37126950e+04])]",Success
1321,"[array([-2.45565329e+01,  5.69333197e+04]), array([ 2.40126251e+01, -5.56781816e+04])]",Success
1322,"[array([-2.88857322e+01,  6.70318452e+04]), array([ 2.08964829e+01, -4.84928985e+04])]",Success
1333,"[array([-2.44885576e+01,  5.67758621e+04]), array([ 2.40891945e+01, -5.58559215e+04])]",Success
1334,"[array([-2.88640347e+01,  6.69815164e+04]), array([ 2.07918143e+01, -4.82498338e+04])]",Success
1335,"[array([-2.69371781e+01,  6.25442961e+04]), array([ 2.19608319e+01, -5.09903259e+04])]",Success
1336,"[array([-2.74786289e+01,  6.38504113e+04]), array([ 2.16136251e+01, -5.02224581e+04])]",Success
1337,"[array([-2.81868410e+01,  6.55506537e+04]), array([ 2.10317198e+01, -4.89108615e+04])]",Success
1338,"[array([-2.98811320e+01,  6.95441389e+04]), array([ 2.02527672e+01, -4.71355594e+04])]",Success
1339,"[array([-2.75931817e+01,  6.43196592e+04]), array([ 2.15096456e+01, -5.01391440e+04])]",Success
1340,"[array([-2.71563908e+01,  6.33518928e+04]), array([ 2.46987989e+01, -5.76598518e+04])]",Success
1341,"[array([-2.77077896e+01,  6.47116600e+04]), array([ 2.13220100e+01, -4.97978325e+04])]",Success
1342,"[array([-2.78491559e+01,  6.51231576e+04]), array([ 2.12390449e+01, -4.96660019e+04])]",Success
1343,"[array([-2.81362606e+01,  6.58655855e+04]), array([ 2.10750369e+01, -4.93357980e+04])]",Success
1344,"[array([-2.90051822e+01,  6.79497488e+04]), array([ 2.05772613e+01, -4.82061335e+04])]",Success
1345,"[array([-2.73767762e+01,  6.41958113e+04]), array([ 2.14487341e+01, -5.02953329e+04])]",Success
1347,"[array([-2.65489689e+01,  6.24048734e+04]), array([ 2.19457202e+01, -5.15848676e+04])]",Success
1349,"[array([-2.73244339e+01,  6.43845862e+04]), array([ 2.14077258e+01, -5.04430385e+04])]",Success
1350,"[array([-2.80007363e+01,  6.60257249e+04]), array([ 2.09735245e+01, -4.94557480e+04])]",Success
1351,"[array([-2.67593244e+01,  6.32402017e+04]), array([ 2.16420034e+01, -5.11478127e+04])]",Success
1353,"[array([-2.46444851e+01,  5.83937779e+04]), array([ 2.32694709e+01, -5.51365930e+04])]",Success
1317,"[array([-2.59465253e+01,  5.98260265e+04]), array([ 2.27300139e+01, -5.24100713e+04])]",Success
1346,"[array([-2.80823632e+01,  6.59209888e+04]), array([ 2.09537633e+01, -4.91872827e+04])]",Success
1348,"[array([-2.84949666e+01,  6.70125052e+04]), array([ 2.06940632e+01, -4.86669588e+04])]",Success
1352,"[array([-2.81201347e+01,  6.65277193e+04]), array([ 2.07938161e+01, -4.91948161e+04])]",Success
1354,"[array([-2.66839861e+01,  6.33182537e+04]), array([ 2.17544144e+01, -5.16212050e+04])]",Success
1355,"[array([-2.77787137e+01,  6.59907011e+04]), array([ 2.09955394e+01, -4.98772589e+04])]",Success
1356,"[array([-2.74444246e+01,  6.52889210e+04]), array([ 2.11193424e+01, -5.02419572e+04])]",Success
1357,"[array([-2.80132210e+01,  6.67298321e+04]), array([ 2.07944294e+01, -4.95341585e+04])]",Success
1358,"[array([-2.78411983e+01,  6.63752276e+04]), array([ 2.09348545e+01, -4.99102488e+04])]",Success
1359,"[array([-2.81312108e+01,  6.71283544e+04]), array([ 2.06942240e+01, -4.93822437e+04])]",Success
1360,"[array([-2.71416707e+01,  6.48466284e+04]), array([ 2.12645373e+01, -5.08053214e+04])]",Success
1361,"[array([-2.79600684e+01,  6.68635648e+04]), array([ 2.07549739e+01, -4.96333351e+04])]",Success
1362,"[array([-2.64262446e+01,  6.32906523e+04]), array([ 2.17377174e+01, -5.20619662e+04])]",Success
1363,"[array([-2.75048669e+01,  6.59252215e+04]), array([ 2.09764743e+01, -5.02777880e+04])]",Success
1364,"[array([-2.91139114e+01,  6.98483235e+04]), array([ 2.00225785e+01, -4.80372137e+04])]",Success
1365,"[array([-2.52867306e+01,  6.07278111e+04]), array([ 2.24419734e+01, -5.38970512e+04])]",Success
1367,"[array([-2.64822298e+01,  6.37527559e+04]), array([ 2.14178990e+01, -5.15613728e+04])]",Success
1368,"[array([-2.78543661e+01,  6.71211320e+04]), array([ 2.05972899e+01, -4.96337170e+04])]",Success
1369,"[array([-2.51209937e+01,  6.05854837e+04]), array([ 2.24932747e+01, -5.42492136e+04])]",Success
1370,"[array([-2.88741547e+01,  6.97127702e+04]), array([ 2.00395253e+01, -4.83830985e+04])]",Success
1372,"[array([-2.90040547e+01,  7.01462859e+04]), array([ 2.00214556e+01, -4.84226957e+04])]",Success
1373,"[array([-2.91329880e+01,  7.05340974e+04]), array([ 1.99273970e+01, -4.82464592e+04])]",Success
1374,"[array([-2.69990009e+01,  6.54282005e+04]), array([ 2.10464652e+01, -5.10032825e+04])]",Success
1377,"[array([-2.67034697e+01,  6.49283436e+04]), array([ 2.12776651e+01, -5.17359392e+04])]",Success
1385,"[array([-2.64953224e+01,  6.50866539e+04]), array([ 2.11331738e+01, -5.19149346e+04])]",Success
1366,"[array([-2.74280237e+01,  6.59728406e+04]), array([ 2.09178702e+01, -5.03139139e+04])]",Success
1371,"[array([-2.72373102e+01,  6.58195790e+04]), array([ 2.10421573e+01, -5.08490475e+04])]",Success
1375,"[array([-2.81358009e+01,  6.82697408e+04]), array([ 2.03262440e+01, -4.93204348e+04])]",Success
1376,"[array([-2.96989010e+01,  7.21474351e+04]), array([ 2.14690850e+01, -5.21847592e+04])]",Success
1378,"[array([-4.48797810e+01,  1.09252218e+05]), array([ 1.58008696e+01, -3.84650922e+04])]",Success
1379,"[array([-2.71101215e+01,  6.60621534e+04]), array([ 2.08620857e+01, -5.08367923e+04])]",Success
1380,"[array([-2.69732017e+01,  6.58064428e+04]), array([ 2.08620857e+01, -5.08971595e+04])]",Success
1381,"[array([-2.72233325e+01,  6.64841627e+04]), array([ 2.07617633e+01, -5.07041575e+04])]",Success
1382,"[array([-3.37707162e+01,  8.25116880e+04]), array([ 2.35056087e+01, -5.75042332e+04])]",Success
1383,"[array([-2.76201239e+01,  6.76268109e+04]), array([ 2.05026304e+01, -5.01999927e+04])]",Success
1384,"[array([-2.76201239e+01,  6.76894984e+04]), array([ 2.05817911e+01, -5.04412922e+04])]",Success
1386,"[array([-2.08455142e+01,  5.12782572e+04]), array([ 2.69827721e+01, -6.63769063e+04])]",Success
1387,"[array([-2.75420006e+01,  6.78234056e+04]), array([ 2.04446389e+01, -5.03461149e+04])]",Success
1388,"[array([-2.85785275e+01,  7.04774780e+04]), array([ 1.98343512e+01, -4.89133716e+04])]",Success
1389,"[array([-2.68464955e+01,  6.63020961e+04]), array([ 2.08455142e+01, -5.14818162e+04])]",Success
1390,"[array([-2.69827721e+01,  6.66855142e+04]), array([ 2.06832923e+01, -5.11171865e+04])]",Success
1391,"[array([-2.72329328e+01,  6.73578116e+04]), array([ 2.05035595e+01, -5.07133993e+04])]",Success
1392,"[array([-2.74906195e+01,  6.80986293e+04]), array([ 2.04064983e+01, -5.05503214e+04])]",Success
1393,"[array([-3.06687258e+01,  7.60578593e+04]), array([ 1.88814575e+01, -4.68259085e+04])]",Success
1394,"[array([-2.49093407e+01,  6.18288709e+04]), array([ 2.21070399e+01, -5.48740377e+04])]",Success
1395,"[array([-2.71820235e+01,  6.75266330e+04]), array([ 2.04368547e+01, -5.07701486e+04])]",Success
1398,"[array([-2.71820235e+01,  6.77386093e+04]), array([ 2.04368547e+01, -5.09293420e+04])]",Success
1399,"[array([-2.70487783e+01,  6.74825618e+04]), array([ 2.05128281e+01, -5.11764916e+04])]",Success
1400,"[array([-2.76754453e+01,  6.91389968e+04]), array([ 2.02440757e+01, -5.05739893e+04])]",Success
1402,"[array([-2.77035709e+01,  6.92534074e+04])]",Success
1396,"[array([-2.69168330e+01,  6.69063248e+04]), array([ 2.06664823e+01, -5.13708918e+04])]",Success
1397,"[array([ 8.94319412e+00, -2.22588965e+04])]",Success
1401,"[array([-2.93508020e+01,  7.32672801e+04])]",Success
