Pole Index,Coefficients,Status
0,[],Success
1,"[array([-4421.46878206,  1140.3694611 ]), array([2796.01001342, -960.07269264])]",Success
2,[],Success
3,[],Success
4,"[array([-4413.53614177,  1137.6656345 ]), array([2808.57688219, -965.40708688])]",Success
5,[],Success
7,"[array([-3054.25949677,  3976.48769359]), array([ 594.02686109, -786.48392335])]",Success
8,[],Success
9,[],Success
10,[],Success
11,[],Success
13,[],Success
14,[],Success
15,[],Success
16,[],Success
19,"[array([-559.62098285, 2015.87927173]), array([  701.0772845 , -2547.71078396])]",Success
21,[],Success
22,[],Success
23,[],Success
24,[],Success
25,[],Success
36,[],Success
37,[],Success
38,[],Success
39,[],Success
6,"[array([-1085.45927529,  1201.49320237]), array([ 1641.54841171, -1936.62382267])]",Success
12,"[array([-833.98785563, 1691.55083863]), array([  804.11111567, -1643.39508492])]",Success
17,"[array([  440.37027202, -1301.67516126])]",Success
18,"[array([-619.97226531, 1940.99736855]), array([  765.58318477, -2434.80069452])]",Success
20,"[array([-326.63709171, 1219.26450976])]",Success
26,"[array([-532.48036654, 2579.47139102]), array([  521.40899258, -2532.38551481])]",Success
27,"[array([-1005.00588265,  5410.16584141]), array([  549.81157055, -3115.28123605])]",Success
28,[],Success
29,[],Success
30,"[array([-1013.35493409,  5454.72921101]), array([  549.32285423, -3113.14709717])]",Success
32,"[array([-454.39323577, 2899.18661286]), array([  465.60129092, -2978.55844648])]",Success
33,"[array([-211.28128585, 1462.6159717 ])]",Success
34,"[array([-445.23769464, 3148.82733522]), array([  429.72118254, -3048.56289469])]",Success
35,"[array([-231.57160636, 1759.27768255]), array([  3124.10947318, -23981.21413119])]",Success
40,[],Success
41,"[array([-232.12063591, 1763.41885552]), array([  3054.34543329, -23445.57207564])]",Success
42,"[array([-416.901087  , 3647.14645322]), array([  382.29346781, -3363.16174005])]",Success
43,"[array([-547.79534254, 4884.24071526]), array([  347.72259232, -3147.44422432])]",Success
45,"[array([-381.78981071, 3699.68330691]), array([  400.25918688, -3914.94993739])]",Success
46,[],Success
47,[],Success
48,[],Success
49,[],Success
51,"[array([-430.90325292, 4377.08473142]), array([  315.63949528, -3214.92950009])]",Success
56,[],Success
31,"[array([-495.11481537, 3044.67101427]), array([  497.83522645, -3103.03036315])]",Success
44,"[array([-429.42041022, 3977.31109096]), array([  346.78150878, -3224.69744179])]",Success
50,"[array([-381.92205916, 3700.97095981]), array([  400.34907227, -3915.87835562])]",Success
52,"[array([-719.44877745, 7704.33659724]), array([  270.00034702, -2936.03017861])]",Success
53,"[array([-339.31007913, 3955.91149277]), array([  338.98001096, -3956.60244938])]",Success
54,"[array([-253.61774948, 3106.95856819]), array([  522.51043368, -6442.41443342])]",Success
55,[],Success
57,[],Success
58,[],Success
59,"[array([-252.5523448 , 3093.96678151]), array([  525.79630786, -6482.83121719])]",Success
60,"[array([-332.93093092, 4123.1999871 ]), array([  326.86538764, -4055.20132472])]",Success
61,"[array([-317.59148019, 4076.92792878]), array([  338.40614379, -4360.76159795])]",Success
63,"[array([-1135.07367391, 15498.3002616 ]), array([  259.07264478, -3634.29827459])]",Success
65,"[array([-269.70759796, 3921.74694661]), array([  348.78574541, -5078.5192053 ])]",Success
66,"[array([-200.0388834, 2865.3695467]), array([  2523.07107768, -36818.4290218 ])]",Success
67,[],Success
68,[],Success
70,[],Success
79,[],Success
80,[],Success
81,[],Success
82,[],Success
83,[],Success
85,[],Success
86,[],Success
62,"[array([-267.59360657, 3546.66125251]), array([  418.68867729, -5579.38631671])]",Success
64,"[array([-259.49875111, 3616.92490804]), array([  609.17081341, -8634.95189597])]",Success
69,[],Success
71,[],Success
72,[],Success
73,[],Success
74,"[array([-280.10614422, 4313.45469624]), array([  315.23395947, -4864.73537535])]",Success
75,"[array([-288.89166259, 4645.9895217 ]), array([  288.89166259, -4650.80480648])]",Success
76,"[array([-328.16066463, 5457.91560681]), array([  253.81630167, -4233.12682239])]",Success
77,"[array([-313.07892045, 5493.95602444]), array([  253.8302288 , -4469.76753097])]",Success
78,[],Success
84,[],Success
87,[],Success
88,"[array([-306.11805334, 5372.36951493]), array([  258.48678398, -4551.90908421])]",Success
89,"[array([-319.46161277, 5750.35989102]), array([  244.51545543, -4417.04474032])]",Success
90,"[array([-294.69985021, 5332.41476995]), array([  254.42512987, -4611.51023813])]",Success
92,"[array([-231.59057864, 4396.09171804]), array([  311.50563747, -5917.10780052])]",Success
93,"[array([-229.48031191, 4410.05208271]), array([  311.47622525, -5991.47376957])]",Success
95,"[array([-180.73389173, 3644.87305536]), array([  442.98121097, -8943.91283873])]",Success
96,"[array([-163.59630499, 3306.82235168]), array([   589.3143301 , -11937.03770991])]",Success
97,"[array([-218.19991015, 4502.60367669]), array([  306.70772834, -6334.97621468])]",Success
98,"[array([-138.0832903 , 2875.26311259]), array([  1718.23449241, -35963.94936116])]",Success
99,"[array([-256.62773184, 5404.11881491]), array([  248.57902601, -5240.03508716])]",Success
100,[],Success
102,[],Success
91,"[array([  298.92446629, -5882.91175978])]",Success
94,"[array([-268.97335948, 5187.10768478]), array([  260.74219053, -5037.49286371])]",Success
101,[],Success
103,[],Success
104,[],Success
105,"[array([-138.41375111, 2882.17878654]), array([  1653.97609149, -34617.31061225])]",Success
106,"[array([-256.39091835, 5399.16011269]), array([  248.70681362, -5242.75074522])]",Success
107,"[array([-242.53495379, 5561.05698623]), array([  241.5753694 , -5544.78319603])]",Success
109,"[array([-276.31155512, 6517.94080178]), array([  216.13703867, -5115.55679136])]",Success
110,"[array([-297.6183213 , 7212.07150545]), array([  193.46957372, -4692.65268924])]",Success
111,[],Success
113,[],Success
114,[],Success
115,[],Success
116,"[array([-297.60196558, 7211.64885944]), array([  193.48533709, -4693.03833962])]",Success
117,"[array([-349.62948505, 8728.16629612]), array([  174.15004769, -4357.99927176])]",Success
118,"[array([-210.62960112, 5343.82600423]), array([  264.81241856, -6740.96086286])]",Success
119,"[array([-191.4012707 , 4881.99170851]), array([   417.03123579, -10755.67219005])]",Success
120,"[array([ -512.89969265, 13524.25938498]), array([  162.49192849, -4323.23046378])]",Success
122,"[array([-219.76884784, 5965.486718  ]), array([  225.4885576 , -6127.06950008])]",Success
123,"[array([-244.15241807, 6778.57540126]), array([  201.03737355, -5589.89449188])]",Success
125,[],Success
126,[],Success
127,[],Success
128,[],Success
108,"[array([-243.39756607, 5697.68210745]), array([  234.93156377, -5502.74834148])]",Success
112,[],Success
121,"[array([-226.40422289, 5988.78877704]), array([  229.16244692, -6076.57600217])]",Success
124,"[array([ -72.15203589, 2014.63566175])]",Success
129,[],Success
130,[],Success
131,[],Success
132,"[array([-243.96213486, 6773.31646296]), array([  200.80806994, -5583.45963273])]",Success
133,[],Success
134,"[array([-187.56276697, 5317.74985369]), array([  263.37614743, -7481.52653867])]",Success
135,[],Success
137,"[array([-131.27200609, 3788.03382421]), array([   746.17771885, -21649.75111569])]",Success
139,"[array([-200.98285944, 6144.81450371]), array([  220.05422567, -6736.02500857])]",Success
141,"[array([-184.24720344, 5809.04489328]), array([  239.16502745, -7555.57804596])]",Success
142,"[array([-207.5423153 , 6648.97570369]), array([  202.76405397, -6503.0852743 ])]",Success
143,"[array([-208.98932348, 6705.49169623]), array([  199.98646419, -6420.49345335])]",Success
144,[],Success
146,[],Success
147,[],Success
148,[],Success
149,[],Success
150,[],Success
151,[],Success
152,[],Success
167,[],Success
136,"[array([-208.08282766, 5956.19021019]), array([  240.02330685, -6897.13978967])]",Success
138,"[array([-202.91732888, 6014.65450757]), array([  223.18772451, -6619.43133096])]",Success
140,"[array([-203.69884403, 6286.24122615]), array([  213.37917332, -6589.01499988])]",Success
145,[],Success
153,"[array([-207.57402299, 6649.97200255]), array([  202.52789889, -6495.50438679])]",Success
154,"[array([-208.80075558, 6699.45162897]), array([  199.92368258, -6418.47300225])]",Success
155,"[array([ -396.11359758, 13183.71051683]), array([  157.19290592, -5279.18064829])]",Success
157,"[array([-157.31726739, 5291.53739962]), array([  272.39592601, -9170.12946576])]",Success
159,"[array([-163.23297526, 5628.02581547]), array([  262.90238134, -9091.82864814])]",Success
161,"[array([-206.33191051, 7245.11897837]), array([  189.58099132, -6670.92146171])]",Success
163,"[array([-145.88884148, 5171.0012996 ]), array([   287.92724434, -10210.1812562 ])]",Success
164,"[array([-244.93950933, 8664.77484513]), array([   332.7164666 , -12012.51569359])]",Success
165,"[array([ -90.8536111 , 3252.69980754])]",Success
166,[],Success
168,[],Success
169,[],Success
170,[],Success
171,[],Success
173,[],Success
174,[],Success
183,[],Success
184,[],Success
185,[],Success
186,[],Success
187,[],Success
156,"[array([-206.48912356, 6919.08897566]), array([  193.62125218, -6491.02590341])]",Success
158,"[array([-206.54661594, 7093.65390434]), array([  189.21954043, -6501.67904767])]",Success
160,"[array([-165.27168852, 5760.1434014 ]), array([  245.65754692, -8576.74622985])]",Success
162,"[array([-255.45855588, 8979.9275334 ]), array([  157.78322569, -5552.5217161 ])]",Success
172,[],Success
175,"[array([   84.54592389, -3169.72168284])]",Success
176,"[array([-163.90156353, 6274.3466892 ]), array([  229.82285253, -8823.27205991])]",Success
179,"[array([-197.463836  , 7873.27259292]), array([  173.56225436, -6931.56796624])]",Success
180,"[array([ -267.68953718, 10828.27767945]), array([  138.50077537, -5611.91366902])]",Success
181,[],Success
182,[],Success
188,"[array([ -267.51337007, 10821.14372534]), array([  138.39509435, -5607.60448742])]",Success
189,"[array([-146.94918145, 6063.39456667]), array([  241.74231064, -9997.54249408])]",Success
190,"[array([-189.45062521, 7864.56366844]), array([  175.67916522, -7308.80104313])]",Success
191,"[array([-194.39954407, 8136.76816103]), array([  165.36584593, -6923.72437659])]",Success
200,[],Success
201,[],Success
202,[],Success
203,[],Success
204,[],Success
205,[],Success
206,[],Success
207,[],Success
208,[],Success
209,[],Success
177,"[array([-229.49508714, 8978.81699842]), array([  154.06795389, -6029.89908638])]",Success
178,"[array([-187.84912652, 7399.40240586]), array([  181.63621766, -7159.87235538])]",Success
192,"[array([-205.5162866 , 8672.06109547]), array([  157.22359028, -6639.10594606])]",Success
193,"[array([-173.19935795, 7395.1290372 ]), array([  180.99953374, -7730.18169494])]",Success
194,"[array([-187.02355731, 8112.31280961]), array([  165.40335285, -7176.96874955])]",Success
195,"[array([-211.86977877, 9282.70241899]), array([  170.64997745, -7520.57420068])]",Success
196,"[array([-195.35431717, 8580.44956334]), array([  158.61498808, -6974.06474473])]",Success
197,"[array([-170.15342077, 7585.5100241 ]), array([  177.55888342, -7922.79742842])]",Success
198,"[array([-171.88314864, 7713.44963624]), array([  195.47871481, -8813.12767525])]",Success
199,"[array([-158.32507573, 7249.40514067]), array([  186.24325016, -8533.12464962])]",Success
210,"[array([-158.52757611, 7258.61946698]), array([  186.62984319, -8550.93465896])]",Success
211,"[array([ -264.88131498, 12377.59934957]), array([  123.94962049, -5799.10783014])]",Success
213,"[array([-141.70146168, 6658.04422419]), array([  210.77648498, -9914.65309142])]",Success
214,"[array([-180.89396489, 8671.58999244]), array([  155.26731986, -7446.68284953])]",Success
215,"[array([-151.61727437, 7320.42830193]), array([  188.41427579, -9110.7541932 ])]",Success
216,"[array([-100.04788651, 4853.27621169]), array([   455.53138516, -22123.76605337])]",Success
218,"[array([-165.93158863, 8201.61085178]), array([  163.17417221, -8067.41525147])]",Success
219,"[array([-189.20056305, 9477.00694783]), array([  143.37855169, -7183.96095647])]",Success
220,"[array([-189.20056305, 9534.71435511]), array([  142.75893824, -7196.93616813])]",Success
222,"[array([-142.44967486, 7288.50379428]), array([  189.24229297, -9693.18161244])]",Success
223,[],Success
224,[],Success
225,[],Success
226,[],Success
228,[],Success
212,"[array([-212.6417636 , 9968.19241878]), array([  143.7603718 , -6753.93729534])]",Success
221,"[array([-181.1097495 , 9134.63613604]), array([  148.00366626, -7468.32417512])]",Success
227,[],Success
229,[],Success
230,"[array([-142.48218473, 7290.16760477]), array([  189.01078078, -9681.33821183])]",Success
231,"[array([-171.01938026, 8771.99697844]), array([  154.19780187, -7916.54927068])]",Success
232,"[array([-180.27409306, 9304.51676088]), array([  145.23444191, -7497.4076072 ])]",Success
233,"[array([-156.460979  , 8161.13581512]), array([  176.8839829 , -9256.13112109])]",Success
234,[],Success
236,"[array([-170.76202622, 9119.72924136]), array([  148.02555532, -7910.970803  ])]",Success
238,"[array([-164.93386872, 9062.26546332]), array([  148.34747403, -8155.37641402])]",Success
239,"[array([-149.6129975 , 8242.74377182]), array([  162.89134403, -8977.63397564])]",Success
240,"[array([-153.92129047, 8587.0305252 ]), array([  159.89475237, -8934.57632236])]",Success
241,"[array([ -191.19746825, 10710.97800788]), array([  130.24512631, -7303.69332109])]",Success
242,[],Success
243,[],Success
244,[],Success
245,[],Success
246,[],Success
247,[],Success
248,"[array([-153.99185528, 8590.95164808]), array([  159.65294586, -8921.00702781])]",Success
258,"[array([ -184.32859219, 11257.18576802]), array([  123.54585807, -7549.74528937])]",Success
260,"[array([ -76.19290941, 4703.69961617]), array([  1158.84099433, -71635.80201806])]",Success
265,[],Success
266,[],Success
217,"[array([-203.32177609, 9914.23636309]), array([  139.6880152 , -6816.36386248])]",Success
235,"[array([-138.88448592, 7328.34690332]), array([  186.91604904, -9867.61652198])]",Success
237,"[array([-109.99422464, 5958.07550491]), array([   269.81489293, -14623.41061599])]",Success
249,"[array([ -190.44159203, 10668.70329142]), array([  130.42485111, -7313.78890161])]",Success
250,"[array([-159.5671108 , 9009.44218551]), array([  149.39861845, -8441.62332196])]",Success
251,"[array([   80.09295651, -4672.63660463])]",Success
252,"[array([ -268.01969533, 15458.34541942]), array([  106.41958491, -6147.19042721])]",Success
254,"[array([-149.39864418, 8762.16448078]), array([  154.11489465, -9046.78373903])]",Success
255,"[array([-160.92986879, 9605.40558969]), array([  140.21315061, -8373.3763839 ])]",Success
257,"[array([-143.85663467, 8745.31409774]), array([  154.85393939, -9423.09833279])]",Success
259,"[array([ -620.29248244, 38028.46965784]), array([   94.15283701, -5809.61162304])]",Success
261,[],Success
262,[],Success
263,[],Success
264,[],Success
267,[],Success
268,[],Success
269,"[array([ -628.35602947, 38522.2391407 ]), array([   94.14228501, -5809.34787907])]",Success
270,[],Success
276,"[array([-150.06351036, 9869.35281228]), array([  135.98172124, -8945.63887396])]",Success
277,"[array([ -218.02540411, 14364.6413447 ]), array([  105.09942557, -6929.2677128 ])]",Success
279,"[array([-142.41917598, 9455.64791396]), array([  141.57479351, -9401.82458787])]",Success
281,[],Success
283,[],Success
284,[],Success
253,"[array([-128.06603268, 7435.21538836]), array([   186.43519499, -10829.43817613])]",Success
256,"[array([-133.60755329, 8038.06325912]), array([   174.57432921, -10521.41322221])]",Success
271,"[array([ -92.9250575 , 5804.62715379]), array([   330.87274477, -20688.50549908])]",Success
273,"[array([-124.80745516, 7939.7396812 ]), array([   176.53083816, -11244.32821704])]",Success
278,"[array([-134.78239985, 8935.26805682]), array([   151.93392475, -10082.34777381])]",Success
280,"[array([-144.24097112, 9695.26574758]), array([  138.11490671, -9286.16132942])]",Success
282,[],Success
285,[],Success
286,[],Success
287,[],Success
288,[],Success
289,[],Success
290,[],Success
291,[],Success
292,[],Success
293,[],Success
294,[],Success
295,[],Success
297,"[array([-144.14232341, 9856.67111271]), array([  135.87760322, -9294.06323095])]",Success
298,"[array([-125.96221055, 8638.64359865]), array([   157.09893675, -10778.43884211])]",Success
310,[],Success
312,[],Success
313,[],Success
314,[],Success
315,[],Success
272,"[array([   79.2715951 , -5061.89957845])]",Success
274,"[array([-152.64505879, 9684.95162238]), array([   187.53535795, -11987.50708523])]",Success
275,"[array([-146.45256148, 9416.0042472 ]), array([  141.98842244, -9130.18335979])]",Success
296,"[array([   46.68035862, -3152.18834818])]",Success
299,"[array([ -171.73961666, 11886.21242665]), array([  117.20068434, -8118.45682847])]",Success
302,"[array([-134.21781393, 9430.35501828]), array([   153.09451644, -10785.96002307])]",Success
303,"[array([ -169.00287084, 11890.10075624]), array([  116.56353149, -8206.03875509])]",Success
304,"[array([-122.2319614 , 8647.84748363]), array([   159.08440546, -11265.93007456])]",Success
306,"[array([ -148.65609296, 10753.98087588]), array([  126.11174063, -9129.71085979])]",Success
307,"[array([-125.30554685, 9130.99110368]), array([   152.96496522, -11165.51823346])]",Success
308,[],Success
309,[],Success
311,[],Success
316,[],Success
317,[],Success
318,"[array([ -173.68601659, 12936.99408453]), array([  109.3367711 , -8150.76635294])]",Success
320,"[array([ -134.685799  , 10118.93061659]), array([  132.53941176, -9962.29627242])]",Success
321,"[array([-114.91327237, 8675.45807047]), array([   163.87878006, -12391.84764541])]",Success
322,"[array([ -136.87891428, 10493.88575668]), array([  127.92052528, -9811.1435502 ])]",Success
330,[],Success
331,[],Success
332,[],Success
334,[],Success
335,[],Success
336,[],Success
300,"[array([ -98.7655589 , 6874.91140685]), array([   228.98615554, -15948.73454485])]",Success
305,"[array([ -97.01357779, 6949.03381959]), array([   231.56507261, -16604.86443015])]",Success
319,"[array([ -136.39147315, 10164.9894616 ]), array([  131.80915093, -9825.84229288])]",Success
325,"[array([ -136.85965597, 10603.70219532]), array([  126.9709525 , -9843.15005855])]",Success
326,"[array([ -141.37786312, 11037.3756327 ]), array([  122.19462147, -9544.82459645])]",Success
327,"[array([ -181.10387425, 14201.12071641]), array([  101.68709413, -7977.79489635])]",Success
328,"[array([ -127.52804336, 10159.41471663]), array([   131.87704384, -10509.30526894])]",Success
329,"[array([-114.69367616, 9215.90034169]), array([   148.39152344, -11931.15321565])]",Success
333,[],Success
337,[],Success
338,"[array([-114.69828108, 9216.2757235 ]), array([   148.45683116, -11936.43358553])]",Success
339,"[array([ -142.68330416, 11525.88465008]), array([  117.06014015, -9457.93698035])]",Success
340,"[array([ -138.82699865, 11214.79758899]), array([  120.12626169, -9708.42038383])]",Success
341,"[array([ -129.97466979, 10581.56149611]), array([   126.89226655, -10336.10657017])]",Success
343,"[array([ -125.74516595, 10389.88061959]), array([   128.79661589, -10643.7134878 ])]",Success
353,[],Success
354,[],Success
355,[],Success
356,[],Success
357,[],Success
358,[],Success
359,[],Success
360,[],Success
361,[],Success
362,[],Success
301,"[array([ -148.49017008, 10108.40370242])]",Success
323,"[array([ -148.50215169, 11396.34171026]), array([  120.06271524, -9222.37862583])]",Success
324,"[array([   42.64017509, -3293.84076623])]",Success
342,"[array([-113.66036424, 9367.69072784]), array([   145.08183012, -11960.84361456])]",Success
344,"[array([ -169.87059977, 14064.5781876 ]), array([  100.97863431, -8364.19046435])]",Success
345,"[array([ -136.79936777, 11427.68113424]), array([  117.6727895 , -9832.17123827])]",Success
346,"[array([ -202.04548913, 16958.18386239]), array([   97.23535781, -8184.94866589])]",Success
347,"[array([ -137.83797469, 11594.75463321]), array([   120.00624425, -10111.45616784])]",Success
351,"[array([-111.55382129, 9540.45443352]), array([   155.40790338, -13325.09197143])]",Success
352,"[array([ -156.67923145, 13596.25544038]), array([  102.67747562, -8914.99670604])]",Success
363,[],Success
364,[],Success
365,[],Success
366,"[array([ -156.44638908, 13576.08768647]), array([  102.82124814, -8927.53705761])]",Success
367,"[array([ -120.86289468, 10580.61200036]), array([   129.20698574, -11324.23162395])]",Success
368,"[array([ -155.78845875, 13738.37319245]), array([  101.63464525, -8966.52167905])]",Success
370,"[array([ -185.76010278, 16492.9850248 ]), array([   91.56603726, -8136.67359411])]",Success
371,"[array([ -93.2321365 , 8309.84343389]), array([   177.45048779, -15822.35883359])]",Success
381,"[array([ -132.18081892, 12333.90676468]), array([   110.11150628, -10281.34381863])]",Success
382,"[array([ -124.76277879, 11736.05966062]), array([   114.3546    , -10758.36949382])]",Success
383,[],Success
385,[],Success
386,[],Success
387,[],Success
389,[],Success
349,"[array([   44.26562614, -3783.09665881])]",Success
350,"[array([-102.15965648, 8669.13252732]), array([   183.38616546, -15607.59876754])]",Success
369,"[array([ -125.73945607, 11143.78270472]), array([   124.97275207, -11094.92116739])]",Success
372,"[array([ -127.396564  , 11436.89492698]), array([   117.719325  , -10573.54292429])]",Success
373,"[array([ -74.5149714 , 6686.67612511]), array([   318.82317189, -28637.32831723])]",Success
374,"[array([ -125.29968013, 11322.12922571]), array([   118.2712648 , -10688.48614211])]",Success
377,"[array([ -127.10545939, 11696.56067143]), array([   114.68161749, -10556.16489541])]",Success
378,"[array([ -268.76583646, 24816.49261992]), array([   76.37894911, -7058.32788868])]",Success
379,"[array([ -118.95327992, 11011.53143703]), array([   121.70019301, -11268.29015149])]",Success
380,"[array([-103.72680044, 9667.17943305]), array([   142.62435061, -13299.87469052])]",Success
384,[],Success
388,[],Success
390,[],Success
391,[],Success
392,[],Success
393,[],Success
394,[],Success
395,"[array([ -132.33571557, 12348.31442216]), array([   109.89561862, -10261.12701033])]",Success
396,"[array([ -124.75825308, 11735.61831712]), array([   114.19192589, -10743.02826069])]",Success
398,"[array([ -122.03336309, 11560.13406693]), array([   115.8484363 , -10976.81599368])]",Success
399,"[array([ -93.81254589, 8937.60158945]), array([   159.97374919, -15245.75100037])]",Success
414,[],Success
415,[],Success
416,[],Success
417,[],Success
348,"[array([ -49.52712886, 4183.48014395])]",Success
375,"[array([   62.26705082, -5676.60698438])]",Success
376,"[array([ -121.91290326, 11120.45897578]), array([   123.01785405, -11234.67317448])]",Success
400,"[array([ -125.50887538, 11981.9815687 ]), array([   116.73807799, -11164.08723835])]",Success
401,[],Success
403,"[array([ -85.79804006, 8282.98879328]), array([   187.25762712, -18091.49980418])]",Success
404,"[array([ -116.76877312, 11447.85373304]), array([   117.00138023, -11472.6854684 ])]",Success
405,"[array([ -126.85678807, 12438.84318305]), array([   109.27384721, -10722.91375627])]",Success
406,"[array([ -111.73078307, 11041.02864567]), array([   123.12708797, -12177.49111622])]",Success
407,"[array([ -215.64246898, 21444.33095689]), array([   78.69211066, -7832.25622061])]",Success
408,"[array([ -69.42627216, 6943.2292077 ]), array([   360.63091371, -36134.95603379])]",Success
409,"[array([ -137.1710046 , 13756.04076167]), array([   99.43450939, -9973.63185991])]",Success
410,"[array([ -116.00672849, 11713.7841152 ]), array([   114.24067845, -11537.19268115])]",Success
411,"[array([ -90.0825289 , 9119.28061097]), array([   161.93490328, -16410.11583627])]",Success
412,[],Success
413,[],Success
418,[],Success
419,[],Success
420,[],Success
421,[],Success
422,[],Success
423,"[array([ -137.24864994, 13763.80609181]), array([   99.46052163, -9976.26102281])]",Success
424,"[array([ -115.86824483, 11699.83025719]), array([   114.20412489, -11533.51419011])]",Success
425,"[array([ -94.05035243, 9520.98373936]), array([   150.42614091, -15243.11456846])]",Success
427,"[array([ -54.56790564, 5581.12303085]), array([   8181.28813873, -837072.29072227])]",Success
397,"[array([   40.73354889, -3848.56654974])]",Success
402,"[array([ -123.01978093, 11834.64294684]), array([   125.77102204, -12135.54210269])]",Success
426,"[array([ -116.63750911, 11873.89530322]), array([   112.84535364, -11491.20481836])]",Success
428,"[array([ -121.72676214, 12446.54710973]), array([   153.42473779, -15790.26304452])]",Success
429,"[array([ -123.98427521, 12756.20036212]), array([   105.71411788, -10880.70780445])]",Success
430,"[array([ -140.85028793, 14571.43601739]), array([   95.91572638, -9930.78558823])]",Success
432,"[array([ -100.02630371, 10414.36771748]), array([   132.20665926, -13775.02133361])]",Success
433,"[array([ -132.58730798, 13938.11663621]), array([    98.57578115, -10369.55498826])]",Success
434,[],Success
435,"[array([ -88.70277647, 9361.48821907]), array([   152.98535536, -16149.00960344])]",Success
436,"[array([ -116.62764206, 12372.26189425]), array([   108.36884253, -11499.45928244])]",Success
437,"[array([ -75.79339386, 8089.16045036]), array([   234.95952097, -25129.68870897])]",Success
438,"[array([ -115.43497866, 12422.4860624 ]), array([   107.80565536, -11602.78252673])]",Success
439,"[array([ -106.16061767, 11469.75781395]), array([   116.99784739, -12642.88592033])]",Success
440,"[array([ -116.49110056, 12682.31538265]), array([   105.69661512, -11508.77988077])]",Success
441,[],Success
442,[],Success
443,[],Success
444,[],Success
445,[],Success
446,[],Success
447,[],Success
448,[],Success
450,[],Success
452,[],Success
431,"[array([ -133.11668568, 13777.88475931]), array([    98.99902949, -10248.69976678])]",Success
449,[],Success
451,[],Success
453,"[array([ -116.41654746, 12674.21053059]), array([   105.75859872, -11515.57299861])]",Success
455,"[array([ -114.78427573, 12604.35079539]), array([   106.253012  , -11668.56452621])]",Success
456,"[array([ -102.11328426, 11235.73664186]), array([   122.71808297, -13517.39328135])]",Success
457,"[array([ -581.84442874, 64319.99133818]), array([   58.74390867, -6499.95564808])]",Success
458,"[array([ -107.81235003, 11980.78744871]), array([   113.60392255, -12635.91702484])]",Success
459,"[array([ -114.43672054, 12775.45062475]), array([   104.82753026, -11705.25632106])]",Success
461,"[array([ -116.29990397, 13198.12783564]), array([   102.4442869 , -11632.57811272])]",Success
462,"[array([ -174.10363721, 19887.78717972]), array([   78.4657141 , -8970.80655272])]",Success
463,[],Success
465,"[array([ -101.75767977, 11789.409739  ]), array([   115.0808611 , -13341.62678509])]",Success
466,"[array([ -153.56941799, 17822.53693527]), array([   82.86909653, -9626.05960785])]",Success
467,[],Success
468,[],Success
469,[],Success
470,[],Success
471,[],Success
472,[],Success
473,[],Success
474,[],Success
476,[],Success
477,"[array([ -101.82522649, 11797.21017007]), array([   114.87995413, -13318.26838888])]",Success
478,"[array([ -153.74163016, 17842.50382969]), array([   82.89692484, -9629.32691506])]",Success
454,"[array([   43.22164086, -4740.46627493])]",Success
460,"[array([ -117.13749101, 13211.610431  ]), array([   101.70750611, -11472.50481142])]",Success
464,"[array([ -109.86954324, 12642.72650738]), array([   105.81216458, -12177.63498733])]",Success
475,"[array([   105.28175962, -12325.38207959])]",Success
479,[],Success
480,"[array([ -292.16056787, 34378.95427297]), array([   77.01836321, -9110.80515641])]",Success
482,"[array([  -85.25264159, 10094.70424771]), array([   157.81887818, -18731.70494782])]",Success
486,"[array([  -99.76661535, 12010.59316887]), array([   112.11867249, -13501.90415884])]",Success
487,"[array([  -87.41926196, 10507.7845246 ]), array([   273.07253995, -33064.26730721])]",Success
488,"[array([ -142.79264892, 17279.46797991]), array([    82.64597933, -10002.78412666])]",Success
489,"[array([ -105.43977596, 12853.03752609]), array([   104.5002136 , -12743.38014003])]",Success
490,"[array([ -109.27654399, 13428.25534481]), array([    99.75623902, -12259.18838473])]",Success
491,"[array([ -148.85632076, 18370.20475386]), array([   79.89389119, -9864.93455844])]",Success
492,"[array([ -145.96590676, 18053.48652444]), array([    82.07680938, -10163.47788216])]",Success
493,[],Success
495,[],Success
496,[],Success
497,[],Success
498,[],Success
499,[],Success
500,[],Success
501,[],Success
502,[],Success
503,[],Success
504,[],Success
481,"[array([ -170.23159893, 20091.29590413]), array([   77.69544772, -9178.96768204])]",Success
483,"[array([ -128.70665793, 15266.29590293]), array([    90.02910538, -10679.56163416])]",Success
484,"[array([  -88.60007196, 10593.93162394]), array([   144.88290456, -17362.88099123])]",Success
485,"[array([ -33.16186088, 3987.88170921])]",Success
494,"[array([ -60.34074817, 7521.85758782]), array([   323.15217405, -40308.45635513])]",Success
505,[],Success
506,"[array([ -148.6473539, 18344.4740378]), array([   79.8388435 , -9858.12119018])]",Success
507,"[array([ -146.13513016, 18074.36020402]), array([    81.9835115, -10151.8990929])]",Success
508,"[array([ -770.67430099, 96086.71795054]), array([   53.04075826, -6616.34495571])]",Success
509,"[array([ -60.32222041, 7519.54796604]), array([   322.71986354, -40254.51969096])]",Success
510,"[array([ -77.98494273, 9764.63315742]), array([   151.7265871 , -19002.51733106])]",Success
511,"[array([  -99.01543112, 12432.76974392]), array([   107.80990515, -13538.06190449])]",Success
512,"[array([ -119.88579458, 15085.12673634]), array([    91.78422241, -11559.72569871])]",Success
514,"[array([  -81.47302021, 10406.98324278]), array([   136.76214814, -17471.97815837])]",Success
515,"[array([ -320.51717928, 40785.32383372]), array([   187.065481  , -24356.88748148])]",Success
516,"[array([  -99.40677734, 12734.75656964]), array([   105.84980921, -13567.14563569])]",Success
517,"[array([ -100.5202157 , 13018.12707649]), array([   103.05860499, -13351.1846318 ])]",Success
518,"[array([ -100.5202157 , 13057.36138598]), array([   102.54072255, -13321.02960605])]",Success
521,"[array([  -83.07520457, 10970.32755863]), array([   127.416595  , -16831.18163963])]",Success
523,"[array([ -111.58015162, 14799.39079507]), array([    91.19949577, -12099.90881265])]",Success
525,[],Success
526,[],Success
527,[],Success
528,[],Success
529,[],Success
513,"[array([  -99.30751933, 12551.99328018]), array([   108.06075293, -13668.1435165 ])]",Success
519,"[array([  -97.26457634, 12756.59845811]), array([   106.29121585, -13949.80492723])]",Success
520,"[array([ -198.70034308, 26105.87750057]), array([   68.04624566, -8951.86951153])]",Success
522,"[array([ -71.9359746 , 9509.31665149]), array([   166.90561151, -22078.92333208])]",Success
524,"[array([  -94.21894707, 12531.56464716]), array([   108.18880732, -14397.42637354])]",Success
530,[],Success
531,[],Success
532,"[array([ -72.00815556, 9518.78361161]), array([   166.71670125, -22053.85791714])]",Success
533,"[array([ -111.72988212, 14819.18641492]), array([    91.31804311, -12115.69486198])]",Success
534,"[array([  -94.00601322, 12503.3290661 ]), array([   108.13718431, -14390.55910952])]",Success
535,"[array([  -98.43256521, 13150.45036339]), array([   101.84757257, -13608.67422373])]",Success
536,"[array([ -163.1820237 , 22008.71596433]), array([   72.92383477, -9848.85164373])]",Success
539,"[array([ -149.05681826, 20216.3367782 ]), array([    75.89590287, -10307.27002279])]",Success
541,"[array([ -103.8867387 , 14284.93992692]), array([    93.93174761, -12917.20280375])]",Success
543,"[array([ -109.22218389, 15194.76246696]), array([    88.87205601, -12365.4081253 ])]",Success
544,"[array([ -127.33725882, 17832.80937625]), array([    80.58792995, -11297.62775601])]",Success
545,"[array([ -110.26887446, 15473.75800861]), array([    87.52898213, -12283.82395497])]",Success
547,[],Success
549,[],Success
550,[],Success
551,[],Success
552,[],Success
554,[],Success
555,[],Success
556,[],Success
537,"[array([  -85.73732511, 11581.00122172]), array([   119.49704016, -16150.37986998])]",Success
538,"[array([ -103.16538122, 13966.06112445]), array([    97.40590352, -13197.16582121])]",Success
540,"[array([ -106.87796083, 14563.63089902]), array([    92.26302107, -12573.93117267])]",Success
546,[],Success
548,[],Success
553,[],Success
557,[],Success
558,[],Success
560,[],Success
561,"[array([  -96.21792666, 13644.82151166]), array([    98.16368858, -13923.67678761])]",Success
562,"[array([ -102.64443207, 14584.68209049]), array([    91.94216901, -13066.55562692])]",Success
563,"[array([ -66.94202092, 9546.11292554]), array([   170.1736637 , -24273.81461493])]",Success
564,"[array([ -229.65436023, 32785.43573441]), array([   61.68945895, -8819.49425993])]",Success
567,"[array([  -97.36761304, 14169.49275102]), array([    94.78517143, -13798.49715063])]",Success
570,"[array([  -91.75749473, 13517.06783361]), array([    99.24596795, -14622.58785058])]",Success
576,"[array([  -98.33202902, 14738.17931834]), array([    91.45984126, -13715.02384399])]",Success
577,[],Success
578,[],Success
579,[],Success
580,[],Success
581,[],Success
582,[],Success
583,[],Success
584,[],Success
585,[],Success
542,"[array([   40.34395354, -5588.80054619])]",Success
559,"[array([    86.99087057, -12461.16011336])]",Success
565,"[array([ -33.58632239, 4824.39501536])]",Success
566,"[array([ -32.0134637 , 4630.96071205])]",Success
568,"[array([  -99.8874788 , 14562.21081481]), array([    91.98408438, -13410.9557929 ])]",Success
569,"[array([ -34.22518596, 5023.25516377])]",Success
571,"[array([   32.3311616 , -4789.11442596])]",Success
572,"[array([   33.57233316, -4987.39486305])]",Success
573,"[array([ -155.5690866 , 23163.36873988]), array([    67.90613844, -10117.35914012])]",Success
574,"[array([ -66.84270643, 9970.160648  ]), array([   162.44612407, -24249.16431481])]",Success
575,"[array([ -200.21345744, 29479.3291811 ]), array([   258.44200099, -38915.396972  ])]",Success
586,"[array([   32.49255234, -4812.99087994])]",Success
588,"[array([ -155.11993084, 23096.52660968]), array([    67.88394016, -10114.02584028])]",Success
589,"[array([ -66.92941326, 9983.07874506]), array([   162.37586718, -24238.7139182 ])]",Success
590,"[array([  -98.40621072, 14749.27521008]), array([    91.49317986, -13720.04718777])]",Success
591,"[array([  -93.49948949, 14063.61863918]), array([    95.19776477, -14320.41957348])]",Success
592,"[array([  -73.80467253, 11144.14720674]), array([   129.25955698, -19522.56677838])]",Success
593,"[array([  -95.92350406, 14546.18804307]), array([    91.98529568, -13950.0751183 ])]",Success
595,"[array([ -281.50012954, 42831.00407146]), array([   54.53656802, -8298.98388346])]",Success
596,"[array([  -76.12686675, 11634.32280238]), array([   121.84248193, -18630.37104714])]",Success
598,"[array([ -136.64289349, 21070.79709204]), array([    69.95788858, -10788.46404039])]",Success
610,[],Success
611,[],Success
615,[],Success
616,[],Success
587,"[array([   33.50209531, -4976.96302783])]",Success
594,"[array([ -344.39942588, 52327.39251111]), array([   55.96490671, -8522.86194533])]",Success
597,"[array([  -99.3869592, 15244.7667622]), array([    88.07386224, -13511.71990982])]",Success
599,"[array([ -128.73793271, 19869.58123792]), array([    72.34035538, -11165.85342282])]",Success
600,"[array([ -110.08685412, 17038.25253879]), array([    80.29530855, -12429.76001195])]",Success
601,"[array([ -125.34865407, 19461.15960214]), array([    73.53129707, -11420.94967503])]",Success
602,"[array([ -101.61561184, 15809.92499984]), array([    85.12739041, -13245.14516474])]",Success
603,"[array([  -90.40149785, 14117.35534119]), array([    94.80685003, -14806.36363944])]",Success
605,"[array([  -88.77783098, 13977.7561153 ]), array([    95.89465608, -15099.33207086])]",Success
606,[],Success
608,"[array([  -93.96324306, 14891.98294658]), array([    90.24697373, -14308.23345936])]",Success
609,"[array([  -90.1502419 , 14330.13022125]), array([   103.73382008, -16526.58274737])]",Success
612,"[array([ -35.97376252, 5768.95691363])]",Success
613,[],Success
614,[],Success
617,[],Success
618,[],Success
619,[],Success
620,[],Success
621,[],Success
622,[],Success
625,"[array([  -93.86754958, 15009.94060549]), array([    89.11476226, -14250.60517974])]",Success
639,[],Success
642,[],Success
643,[],Success
604,"[array([  -90.1502419 , 14134.64956565]), array([    94.72639631, -14853.66888899])]",Success
607,"[array([ -40.70920609, 6448.66967806])]",Success
623,"[array([  -93.30331877, 14787.41989399]), array([    90.59752149, -14363.7474899 ])]",Success
624,"[array([  -90.09358233, 14321.02971456]), array([   103.88292944, -16550.36205451])]",Success
626,"[array([  -96.63113069, 15550.92659401]), array([    86.21908069, -13876.38891148])]",Success
627,"[array([ -36.05414642, 5781.60706342])]",Success
629,"[array([ -164.95440754, 26685.26273701]), array([    62.78030789, -10165.45518155])]",Success
630,"[array([  -89.70929884, 14570.35886137]), array([    95.33958956, -15503.62378964])]",Success
631,"[array([ -182.65460444, 29709.58476874]), array([   59.18483612, -9627.70765848])]",Success
632,"[array([  -90.4674165 , 14801.09524028]), array([    90.64781015, -14835.30360676])]",Success
633,"[array([  -93.46181908, 15480.03921739]), array([    86.49239089, -14327.28313094])]",Success
634,[],Success
635,"[array([  -98.36398181, 16348.03773089]), array([    83.46860506, -13882.08506495])]",Success
636,[],Success
637,"[array([  -94.12640287, 15807.96427941]), array([    86.24237228, -14494.91838827])]",Success
638,"[array([ -100.81001898, 16988.42982997]), array([    79.65633833, -13424.56562864])]",Success
640,[],Success
641,[],Success
644,[],Success
646,[],Success
648,"[array([  -94.11261109, 15805.64430911]), array([    86.26262785, -14498.35769538])]",Success
651,"[array([ -106.17151396, 17983.2546017 ]), array([    76.21402846, -12909.74232223])]",Success
653,"[array([ -101.82840608, 17350.62394736]), array([    78.30191367, -13343.61972982])]",Success
656,"[array([ -44.62028648, 7641.51791934]), array([    829.85392615, -142154.61478805])]",Success
659,"[array([ -125.34447163, 21680.73693513]), array([    67.76675805, -11728.1411155 ])]",Success
628,"[array([ -32.80107421, 5296.97855549])]",Success
645,"[array([    99.72047682, -16922.63845252])]",Success
647,"[array([   32.62971234, -5463.34961533])]",Success
649,"[array([ -100.64572273, 16960.79464456]), array([    79.69244562, -13430.68063304])]",Success
650,"[array([ -109.6630941 , 18502.49227318]), array([    74.67402965, -12600.56950393])]",Success
652,"[array([  -86.44509454, 14639.46331244]), array([    92.0886603 , -15601.98825411])]",Success
655,"[array([ -55.88066085, 9452.67051723])]",Success
657,"[array([  -86.75869044, 14897.43185674]), array([    89.83835998, -15428.91167966])]",Success
658,"[array([  -62.41830445, 10758.85062972]), array([   146.29612514, -25222.16072849])]",Success
660,"[array([  -85.14687032, 14816.66373837]), array([    90.37595141, -15728.99308608])]",Success
661,"[array([  -81.01637941, 14137.68494221]), array([    96.00308724, -16761.06117301])]",Success
662,"[array([  -82.47693741, 14432.44936853]), array([    93.21203085, -16314.84269999])]",Success
663,"[array([ -157.85908451, 27659.40734854]), array([    59.47695419, -10422.8869174 ])]",Success
664,"[array([ -151.22808965, 26536.3126185 ]), array([    61.29160736, -10763.06009407])]",Success
665,"[array([ -182.98284444, 32187.71416991]), array([   56.09607914, -9869.19200549])]",Success
667,"[array([ -108.66730827, 19289.31465512]), array([    71.96090063, -12775.89520602])]",Success
668,"[array([  -85.91309695, 15251.12378267]), array([    87.81662602, -15592.63849798])]",Success
669,[],Success
670,[],Success
671,[],Success
672,[],Success
673,[],Success
674,[],Success
675,[],Success
678,"[array([ -109.33835606, 19408.38588473]), array([    71.79064308, -12745.74552443])]",Success
654,"[array([   38.35609939, -6553.9080265 ])]",Success
666,"[array([  -83.26844671, 14695.30188465]), array([    94.33520705, -16665.92853258])]",Success
677,[],Success
680,"[array([  -91.14702359, 16277.26826893]), array([    82.35442628, -14708.01016377])]",Success
681,"[array([  -90.85888758, 16303.03429106]), array([    82.19741117, -14749.30586438])]",Success
682,"[array([  -990.32056614, 178543.4271759 ]), array([   42.71585982, -7702.42520881])]",Success
683,"[array([  -59.95677749, 10808.33220219]), array([   149.06209213, -26879.27258682])]",Success
684,"[array([  -96.11553535, 17416.72601127]), array([    77.77884642, -14097.61074198])]",Success
685,"[array([ -42.88305291, 7793.92346854]), array([    935.03700153, -169980.31276667])]",Success
686,"[array([  -82.80972831, 15065.03721572]), array([    91.24893629, -16615.26398057])]",Success
689,"[array([  -92.83728818, 17006.26708644]), array([    80.38350562, -14735.45594506])]",Success
693,"[array([  -95.8392374 , 17794.75821465]), array([    75.98986645, -14110.34473965])]",Success
694,"[array([ -102.34452099, 19097.13118227]), array([    74.48109119, -13914.07928365])]",Success
697,"[array([  -70.02355421, 13145.41955181]), array([   108.87418092, -20455.77659192])]",Success
699,[],Success
700,[],Success
701,[],Success
702,[],Success
703,[],Success
705,[],Success
706,[],Success
707,[],Success
708,[],Success
709,[],Success
710,[],Success
676,[],Success
679,"[array([  -85.42036243, 15163.70128036]), array([    88.32380039, -15682.77741753])]",Success
687,"[array([ -28.17539642, 5126.0927109 ])]",Success
688,"[array([  -94.72655351, 17265.59541703]), array([    78.0912261 , -14235.12751586])]",Success
690,"[array([ -25.89568359, 4747.03030744])]",Success
691,"[array([  -88.54396793, 16297.37310292]), array([    82.09205848, -15110.49676401])]",Success
692,"[array([ -25.93370158, 4788.79160395])]",Success
695,"[array([  -88.8423844 , 16657.06293929]), array([    80.51721745, -15098.89168306])]",Success
696,"[array([ -34.14278984, 6410.73125009])]",Success
698,[],Success
704,[],Success
711,[],Success
712,[],Success
713,[],Success
714,[],Success
715,"[array([  -88.87581927, 16663.30564524]), array([    80.55682503, -15106.33840897])]",Success
716,[],Success
718,"[array([  -92.19605235, 17412.18573028]), array([    77.33941408, -14607.05694726])]",Success
719,"[array([  -89.44686229, 16949.44663932]), array([    79.16173769, -15001.9749352 ])]",Success
721,"[array([ -102.72572685, 19516.42151333]), array([    70.82440408, -13459.07180911])]",Success
722,"[array([ -227.44422449, 43431.86652717]), array([   49.897098  , -9530.77488251])]",Success
725,"[array([ -11944.04798689, 2302317.69097248]), array([   39.49378172, -7616.46761641])]",Success
730,"[array([  -79.68969217, 15536.38453651]), array([    86.20001862, -16807.05943186])]",Success
742,[],Success
743,[],Success
717,"[array([  -70.07591495, 13155.22820414]), array([   108.67971994, -20419.18969381])]",Success
720,"[array([  -62.91373226, 11949.81249469]), array([   124.33617605, -23619.89636886])]",Success
723,"[array([  -53.6896879 , 10296.44935552]), array([   185.94965077, -35691.0050739 ])]",Success
724,"[array([  -86.48063179, 16632.8458351 ]), array([    80.57666558, -15499.52868284])]",Success
729,"[array([  -70.39558759, 13671.47403494]), array([   101.97893802, -19815.09301732])]",Success
731,"[array([   33.93950245, -6640.11935297])]",Success
732,"[array([ -254.90953519, 49977.75011715]), array([   48.04346859, -9424.43425677])]",Success
733,"[array([  -55.38565981, 10882.38180592]), array([   156.97818834, -30855.88646613])]",Success
734,"[array([ -105.11402019, 20723.56190563]), array([    67.41542327, -13292.31527309])]",Success
735,"[array([ -108.39456178, 21417.88335352]), array([    65.93017106, -13029.13560837])]",Success
736,"[array([ -43.91750159, 8697.8941331 ]), array([   429.93405811, -85186.94245777])]",Success
737,[],Success
739,[],Success
740,[],Success
741,[],Success
744,[],Success
745,"[array([ -105.07025305, 20714.93343124]), array([    67.42724761, -13294.643598  ])]",Success
746,"[array([ -108.2635957 , 21392.02531219]), array([    66.00177717, -13043.32549675])]",Success
747,"[array([ -44.15064999, 8744.13089253]), array([   409.34735669, -81108.02634126])]",Success
748,"[array([  -8186.94713397, 1622150.00887442]), array([   40.25047755, -7986.49542986])]",Success
750,"[array([  -59.23893409, 11851.88586681]), array([   141.29355436, -28307.15274701])]",Success
752,"[array([  -98.9685597 , 19843.23161879]), array([    70.29065375, -14102.77291789])]",Success
753,"[array([  -84.30103883, 17021.47286912]), array([    78.69721255, -15891.43506902])]",Success
754,"[array([  -94.37507487, 19163.48033051]), array([    71.13160665, -14446.33488674])]",Success
769,[],Success
726,"[array([   35.87524082, -6939.52019698])]",Success
727,"[array([   37.80873433, -7315.06101362])]",Success
728,"[array([   33.19489507, -6449.75558032])]",Success
738,"[array([  -62.40535077, 12389.91323945]), array([   133.17281619, -26485.348503  ])]",Success
749,"[array([  -62.26998143, 12363.09415966]), array([   133.3379012 , -26518.19842949])]",Success
751,"[array([  -99.76703411, 19979.67543872]), array([    69.03710377, -13827.53069095])]",Success
755,"[array([  -69.97052372, 14209.48929261]), array([    96.38543149, -19575.55506688])]",Success
756,"[array([  -77.65826271, 15818.93349327]), array([    85.31012507, -17384.25494368])]",Success
757,"[array([  -80.9208967 , 16512.71163158]), array([    81.08225442, -16548.30629557])]",Success
758,"[array([  -72.50505978, 14855.43469272]), array([    91.3449572 , -18718.70907903])]",Success
759,"[array([  -81.12454241, 16687.12291033]), array([    80.16354092, -16491.18281431])]",Success
760,"[array([  -93.66282232, 19279.10772016]), array([    70.61362344, -14536.40101098])]",Success
761,"[array([  -86.01400755, 17803.97780447]), array([    75.72448142, -15678.70984934])]",Success
762,[],Success
763,"[array([ -40.69645671, 8463.79649207]), array([    936.01943972, -194857.63095061])]",Success
764,"[array([  -52.7065511 , 10976.81805814]), array([   165.4481002 , -34481.61557695])]",Success
765,[],Success
766,[],Success
767,[],Success
768,[],Success
770,[],Success
771,[],Success
772,[],Success
773,[],Success
775,[],Success
774,[],Success
776,"[array([    57.1614897 , -12003.09329182])]",Success
777,"[array([ -39.85707921, 8289.28183627]), array([   1535.63145836, -319682.24100134])]",Success
778,"[array([  -52.63731394, 10962.30832451]), array([   166.36007466, -34671.57948638])]",Success
779,"[array([  -82.66339113, 17274.91693936]), array([    77.52702508, -16202.31392107])]",Success
780,"[array([  -83.02703518, 17403.10209797]), array([    76.930364  , -16125.91199028])]",Success
781,"[array([  -97.57711611, 20551.94478302]), array([    67.36288218, -14193.20159233])]",Success
782,"[array([  -65.75669089, 13865.94560729]), array([   100.46161109, -21184.91050856])]",Success
783,"[array([  -83.14064366, 17576.94949462]), array([    76.21225669, -16113.4663    ])]",Success
784,"[array([  -86.29674184, 18298.91322244]), array([    73.67184813, -15626.06207671])]",Success
785,"[array([  -55.06269618, 11687.68699615]), array([   137.89531366, -29271.13715487])]",Success
786,"[array([ -100.33492557, 21329.57547889]), array([    65.32479144, -13888.75962047])]",Success
788,"[array([  -88.80088837, 18964.88199539]), array([    71.48750762, -15270.96123638])]",Success
789,"[array([  -76.21225669, 16295.1826865 ]), array([    82.36604139, -17614.69773587])]",Success
790,"[array([  -68.76888157, 14786.62687968]), array([    92.30347561, -19847.70838265])]",Success
795,"[array([  -72.13562645, 15662.47860313]), array([    86.3904408 , -18763.11875252])]",Success
803,[],Success
804,[],Success
805,[],Success
806,[],Success
807,[],Success
808,[],Success
809,[],Success
811,[],Success
812,[],Success
787,"[array([   31.52361172, -6709.13300133])]",Success
791,"[array([   36.716934  , -7907.84790379])]",Success
792,"[array([ -39.44749429, 8502.37122452]), array([    970.31214609, -209266.62944877])]",Success
793,"[array([  -743.60370075, 160691.18068373]), array([   39.44749429, -8524.9087512 ])]",Success
794,"[array([  -64.26946363, 13917.97061647]), array([   100.8435944 , -21840.34664844])]",Success
796,[],Success
797,"[array([ -188.99191444, 41111.84128616]), array([    50.77127218, -11061.7329141 ])]",Success
798,"[array([ -43.454722  , 9478.22100311]), array([   304.84902674, -66503.74676056])]",Success
799,[],Success
802,[],Success
810,[],Success
813,[],Success
814,[],Success
815,[],Success
816,[],Success
817,[],Success
818,[],Success
819,[],Success
820,"[array([   26.94970056, -5865.16944703])]",Success
821,"[array([ -196.92964706, 42839.05939075]), array([    50.01119465, -10895.82021134])]",Success
822,[],Success
823,[],Success
824,[],Success
826,"[array([  -73.40013022, 16196.32500837]), array([    83.79585682, -18498.95523329])]",Success
829,"[array([  -64.29349388, 14261.89501183]), array([    97.60701887, -21652.58081316])]",Success
801,[],Success
825,"[array([  -76.71683552, 16898.98402503]), array([    79.2066314 , -17449.77909336])]",Success
827,"[array([  -66.98959132, 14804.97517807]), array([   103.64259481, -22946.82519702])]",Success
828,"[array([  -73.99241753, 16403.51324223]), array([    84.12945855, -18666.67510479])]",Success
830,"[array([  -84.99327621, 18966.34435313]), array([    71.08669811, -15865.60980318])]",Success
831,"[array([  -84.53135623, 18904.43298485]), array([    71.21689353, -15928.44770288])]",Success
832,"[array([  -78.62716637, 17655.84085322]), array([    75.78614571, -17018.9625586 ])]",Success
833,"[array([  -88.99657478, 19995.62073273]), array([    67.95535307, -15269.37044653])]",Success
835,"[array([  -73.76902396, 16457.40862453]), array([   1411.00024011, -318123.70014569])]",Success
836,"[array([  -51.93721699, 11728.4377394 ]), array([   157.60988455, -35635.75372091])]",Success
838,"[array([ -103.45044142, 23431.32717889]), array([    67.13942636, -15239.01835587])]",Success
839,"[array([  -82.12272023, 18619.96230523]), array([    72.08720125, -16345.50877371])]",Success
840,"[array([  -75.42138315, 17255.19291117]), array([    77.54806868, -17743.88468196])]",Success
841,"[array([  -83.06929039, 19040.06273972]), array([    70.69843684, -16206.42942494])]",Success
842,"[array([  -57.21042511, 13118.64011007]), array([   115.97100441, -26608.93431809])]",Success
843,[],Success
845,[],Success
846,[],Success
847,[],Success
848,[],Success
849,[],Success
850,[],Success
851,[],Success
853,[],Success
854,[],Success
800,"[array([ -34.44398094, 7551.04600908])]",Success
834,"[array([  -81.68948759, 18390.28209083]), array([    72.868557 , -16405.2291415])]",Success
837,"[array([  -80.35976461, 18192.66033979]), array([    73.6312591 , -16670.06369149])]",Success
844,"[array([ -23.96247532, 5523.41245839])]",Success
852,[],Success
855,[],Success
856,[],Success
857,[],Success
858,[],Success
859,[],Success
860,"[array([  -83.11267724, 19049.9726351 ]), array([    70.54700373, -16171.61831296])]",Success
861,"[array([  -57.25008868, 13127.7318423 ]), array([   115.59996089, -26523.67980238])]",Success
862,[],Success
863,[],Success
864,"[array([  -76.58692741, 17685.57399989]), array([    75.59723551, -17458.54170928])]",Success
865,"[array([  -80.08289654, 18537.87261449]), array([    72.58707623, -16806.74209608])]",Success
867,"[array([  -81.13947256, 18899.79339725]), array([    71.17764416, -16582.36383461])]",Success
870,"[array([  -75.06870509, 17592.81872553]), array([    76.04655395, -17822.82260704])]",Success
872,"[array([ -35.75911313, 8449.94399689]), array([    8415.31128892, -1989099.90941658])]",Success
876,"[array([ -111.32483323, 26498.13366658]), array([    56.45343076, -13443.51609947])]",Success
885,[],Success
886,[],Success
887,[],Success
888,[],Success
889,[],Success
866,"[array([  -75.47037618, 17506.1358009 ]), array([    77.31298964, -17942.71017754])]",Success
868,"[array([  -73.68394257, 17236.36938447]), array([    78.00047363, -18250.92961683])]",Success
869,"[array([ -157.45738765, 36847.20431441]), array([    48.80672723, -11423.25912194])]",Success
871,"[array([  -77.54848596, 18240.50802161]), array([    73.63341677, -17323.86676533])]",Success
873,"[array([  -74.86251487, 17724.52279116]), array([    75.45962366, -17867.06172358])]",Success
874,"[array([   33.47150196, -7953.56281585])]",Success
875,"[array([ -207.35779377, 49335.9609916 ]), array([    44.71459534, -10643.36420591])]",Success
877,"[array([  -73.49390159, 17477.71524204]), array([   107.67223528, -25706.36466188])]",Success
878,"[array([  -71.56195425, 17113.07500644]), array([    78.81536027, -18854.02769845])]",Success
879,"[array([ -23.82384706, 5697.29062378])]",Success
880,"[array([ -105.34399411, 25204.04836876]), array([    69.64570617, -16716.79337906])]",Success
881,"[array([  -66.53926521, 16048.29290308]), array([    84.51802129, -20388.38329567])]",Success
882,[],Success
883,[],Success
884,[],Success
890,[],Success
891,[],Success
892,[],Success
893,[],Success
894,[],Success
895,[],Success
896,"[array([  -66.53379609, 16046.96453068]), array([    84.63279323, -20416.15393944])]",Success
897,"[array([ -154.16512958, 37192.19254279]), array([    51.00040663, -12323.39574346])]",Success
898,"[array([  -54.0026108 , 13108.99494664]), array([   131.51786276, -31973.54772695])]",Success
899,"[array([  -60.03056699, 14602.25844369]), array([    96.94231249, -23588.40258465])]",Success
900,"[array([  -43.115308  , 10503.87968854]), array([   225.40525763, -54919.11101432])]",Success
901,"[array([  -61.64449689, 15034.89045953]), array([    93.16373085, -22730.57337247])]",Success
902,"[array([  -95.31918992, 23283.48983813]), array([    61.33856887, -14993.96635113])]",Success
903,"[array([  -85.55968061, 20995.40001811]), array([    65.0915776, -15978.1332537])]",Success
904,"[array([ -22.918899  , 5627.22193603])]",Success
905,"[array([  -74.25631232, 18288.44379909]), array([    73.59133042, -18131.60762271])]",Success
907,"[array([  -73.49270236, 18213.36149213]), array([    73.41964798, -18196.47464599])]",Success
908,"[array([ -341.94521236, 84797.4021368 ]), array([   40.18507392, -9973.33919086])]",Success
911,"[array([  -41.21189394, 10262.93897305]), array([   262.6708258, -65415.0825263])]",Success
913,"[array([  -44.48785942, 11111.30829921]), array([   187.2103323 , -46768.72675591])]",Success
915,"[array([  -75.70572048, 19039.46500218]), array([    71.05733985, -17878.9695812 ])]",Success
916,[],Success
917,"[array([ -28.0106776 , 7086.37737468])]",Success
918,[],Success
919,[],Success
920,[],Success
921,[],Success
922,[],Success
923,[],Success
924,[],Success
925,[],Success
926,[],Success
927,[],Success
928,[],Success
929,[],Success
906,"[array([   21.32221878, -5285.31595911])]",Success
909,"[array([  -48.62351914, 12086.19154578]), array([   144.44325254, -35916.95483667])]",Success
910,"[array([  -74.25603828, 18487.72569759]), array([    72.43425128, -18036.79108737])]",Success
912,"[array([ -237.93829331, 59286.53715715]), array([    45.50331334, -11361.1839377 ])]",Success
914,"[array([ -34.0153499, 8516.3924874])]",Success
930,"[array([  -75.74621106, 19049.59590541]), array([    71.04674727, -17876.28795782])]",Success
931,"[array([  -77.94258714, 19708.30885417]), array([    68.72515726, -17385.30696994])]",Success
932,[],Success
933,"[array([  -68.7902379 , 17443.10141535]), array([    80.44572671, -20419.73673264])]",Success
934,"[array([  -64.85936716, 16458.16305335]), array([    82.36110116, -20899.80285571])]",Success
935,"[array([  -97.50669962, 24804.7426092 ]), array([    57.37953493, -14597.69744414])]",Success
936,"[array([   26.32158143, -6728.60137289])]",Success
941,"[array([  -75.51868744, 19481.16846099]), array([    68.75152193, -17736.19150313])]",Success
942,"[array([  -75.51868744, 19484.75880594]), array([    68.75152193, -17739.17995314])]",Success
943,"[array([  -79.51526627, 20550.223854  ]), array([    65.68337569, -16978.16830646])]",Success
944,"[array([  -41.97924709, 10870.50824251]), array([   215.28461643, -55754.41687345])]",Success
948,"[array([  -73.94831754, 19348.16683887]), array([    69.25544354, -18123.59429411])]",Success
950,"[array([  -62.14466029, 16304.23876417]), array([    84.7360721 , -22241.16855617])]",Success
951,"[array([  -44.95837164, 11835.67691634]), array([   161.0253982 , -42400.25243834])]",Success
953,"[array([  -75.10951379, 19881.22687975]), array([    67.41917849, -17846.18519446])]",Success
957,[],Success
958,[],Success
959,[],Success
960,[],Success
961,[],Success
937,"[array([  -75.17862415, 19239.30209851]), array([    70.36602551, -18016.81526697])]",Success
938,"[array([ -25.49206076, 6532.85507232])]",Success
939,"[array([  -49.59811127, 12762.21657709]), array([   127.58807421, -32832.00993936])]",Success
940,"[array([  -68.51503795, 17640.21293875]), array([    76.2564414 , -19637.22677014])]",Success
945,"[array([   31.79909458, -8241.62862326])]",Success
946,"[array([  -79.34031519, 20618.14722132]), array([    65.74325114, -17090.40653042])]",Success
947,"[array([  -72.40998645, 18893.48877855]), array([    71.12460207, -18563.39348382])]",Success
949,"[array([   26.23885657, -6881.32134627])]",Success
952,"[array([  -70.36007135, 18544.39140944]), array([    72.51802243, -19117.91476852])]",Success
955,[],Success
956,[],Success
962,[],Success
963,[],Success
964,[],Success
965,[],Success
966,[],Success
967,[],Success
968,[],Success
969,[],Success
970,[],Success
971,"[array([  -70.35574691, 18543.23212017]), array([    72.31549518, -19064.39678571])]",Success
972,"[array([  -75.10171759, 19879.16420463]), array([    67.43151636, -17849.47980495])]",Success
974,"[array([  -61.66088164, 16392.36586167]), array([    86.17575336, -22928.14646084])]",Success
975,"[array([ -169.27380125, 45052.18591942]), array([    43.75076709, -11644.62383982])]",Success
976,"[array([  -70.02394928, 18654.81063711]), array([    72.4533516 , -19310.14991033])]",Success
954,"[array([ -32.33981136, 8574.58127746])]",Success
973,"[array([ -32.4051928 , 8591.91525903])]",Success
977,"[array([  -75.29616603, 20121.57288038]), array([    66.73335016, -17834.3320168 ])]",Success
979,"[array([  -80.57201508, 21557.16519603]), array([    62.89769205, -16829.05839863])]",Success
980,"[array([  -85.22599429, 22808.83361897]), array([    63.46129144, -17005.30881283])]",Success
981,"[array([ -137.2534908 , 36804.11864132]), array([    46.71688737, -12528.09981869])]",Success
982,"[array([  -64.93347874, 17489.14570337]), array([    78.38038963, -21122.92931452])]",Success
983,"[array([  -73.98767731, 19975.46724876]), array([    67.68633446, -18281.65601821])]",Success
984,"[array([ -115.05139188, 31170.94006756]), array([    51.56317855, -13984.00667408])]",Success
985,"[array([  -44.23391022, 11986.1008275 ]), array([   159.46174857, -43219.53396762])]",Success
986,"[array([  -79.97751003, 21802.13425209]), array([    62.3541472 , -17001.41549678])]",Success
988,"[array([  -65.97395725, 18035.12085301]), array([    75.11746944, -20542.73693882])]",Success
990,"[array([  -75.0042808, 20622.4810538]), array([    65.25442072, -17945.06523669])]",Success
991,"[array([ -286.48178957, 79018.37477765]), array([    38.15451718, -10524.60984296])]",Success
993,[],Success
994,[],Success
995,[],Success
996,[],Success
997,[],Success
998,[],Success
999,[],Success
1000,[],Success
1001,[],Success
1002,[],Success
1005,"[array([ -286.76677309, 79096.97704525]), array([    38.13524287, -10519.29359264])]",Success
978,"[array([   26.54527783, -7135.77955882])]",Success
987,"[array([ -24.38912646, 6654.60732996])]",Success
989,"[array([ -21.65340699, 5913.28826405])]",Success
992,"[array([ -20.09966737, 5556.40224589])]",Success
1003,[],Success
1004,[],Success
1006,[],Success
1007,"[array([  -70.66751326, 19559.82668844]), array([    68.50493388, -18964.59715319])]",Success
1008,"[array([  -78.67970298, 21865.74172847]), array([    61.90499378, -17204.66826445])]",Success
1009,"[array([ -124.50997509, 34706.18740189]), array([    47.27474855, -13179.35493634])]",Success
1010,"[array([  -83.30365039, 23242.6066574 ]), array([    59.08664716, -16486.54582577])]",Success
1011,"[array([  -76.1633375 , 21266.88671668]), array([    63.35341602, -17690.55664628])]",Success
1012,"[array([  -62.21601178, 17407.2631784 ]), array([    80.77929735, -22620.76666127])]",Success
1015,"[array([  -82.50486577, 23231.64060702]), array([    59.1132215 , -16648.22521142])]",Success
1016,"[array([ -155.35897988, 43886.33541002]), array([    43.61813631, -12327.61977811])]",Success
1017,"[array([  -58.41635136, 16548.98745837]), array([    83.29086527, -23597.70294245])]",Success
1018,"[array([  -945.86475766, 268346.68029982]), array([   34.06419699, -9669.58753711])]",Success
1020,"[array([  -44.09382547, 12562.30282469]), array([   145.61216783, -41496.78087204])]",Success
1021,"[array([  -88.30071203, 25175.96359594]), array([    59.9952573 , -17132.04459991])]",Success
1023,"[array([  -80.9336726 , 23091.80909658]), array([    61.82635133, -17659.18426998])]",Success
1024,"[array([  -58.9307888 , 16862.29432788]), array([    81.36071077, -23283.88532858])]",Success
1026,"[array([ -1600.72468175, 460891.60093802]), array([   32.85064049, -9458.86210969])]",Success
1029,[],Success
1030,[],Success
1033,[],Success
1013,"[array([  -71.92616002, 20166.13191111]), array([    66.60085779, -18676.68116622])]",Success
1014,"[array([ -287.22648289, 80619.8922877 ]), array([    37.84668255, -10626.15150627])]",Success
1019,"[array([  -49.28488744, 13998.539134  ]), array([   112.27337774, -31903.71637117])]",Success
1022,"[array([   30.6245244 , -8739.98818646])]",Success
1025,"[array([  -75.55561066, 21715.50788515]), array([    62.40089728, -17940.13349126])]",Success
1027,"[array([ -27.88944948, 8050.80081587])]",Success
1028,[],Success
1031,[],Success
1032,[],Success
1034,[],Success
1035,[],Success
1036,[],Success
1037,[],Success
1038,[],Success
1039,[],Success
1040,"[array([  -75.52646108, 21707.11262909]), array([    62.40901093, -17942.48771782])]",Success
1041,"[array([ -1630.7809408 , 469544.32399769]), array([   32.87367601, -9465.53064643])]",Success
1042,[],Success
1047,"[array([  -65.54003679, 19026.2923785 ]), array([    70.43514328, -20449.83051828])]",Success
1049,"[array([ -321.60124287, 93925.41440811]), array([    39.54420877, -11571.97832798])]",Success
1050,"[array([  -57.3608303 , 16758.08073034]), array([    84.08657032, -24580.85974078])]",Success
1051,"[array([  -73.50760109, 21575.60379406]), array([    62.34959357, -18301.62126504])]",Success
1054,"[array([  -68.15335148, 20125.67177548]), array([    67.13815757, -19834.12955706])]",Success
1056,"[array([  -74.82485186, 22131.22579278]), array([    64.5954505 , -19128.62934626])]",Success
1057,"[array([  -96.87989499, 28677.59880768]), array([    51.0395214 , -15109.99445397])]",Success
1043,"[array([  -81.85676408, 23674.16164474]), array([    58.21860684, -16842.47307914])]",Success
1044,"[array([  -91.88021396, 26628.68901157]), array([    53.80307299, -15598.42269988])]",Success
1045,"[array([  -74.04523241, 21487.32834981]), array([    62.63789494, -18179.28905706])]",Success
1046,"[array([ -29.95124752, 8693.19162942])]",Success
1048,"[array([  -62.06533649, 18071.35055416]), array([    74.69689562, -21752.59696539])]",Success
1052,"[array([  -34.52221059, 10151.2270568 ]), array([    513.12558464, -150893.68866207])]",Success
1053,"[array([  -57.15829297, 16812.91163915]), array([    82.29960774, -24214.36870629])]",Success
1058,"[array([  -56.50651616, 16801.02869659]), array([    82.44845764, -24517.15598237])]",Success
1059,"[array([  -70.07659247, 20917.9055855 ]), array([    64.02633638, -19113.1214965 ])]",Success
1061,"[array([  -79.62485269, 23802.57344293]), array([    57.49552449, -17187.89392602])]",Success
1062,"[array([  -65.60530178, 19696.38177368]), array([    69.39880571, -20847.96747981])]",Success
1063,"[array([  -74.97302936, 22527.5346501 ]), array([    59.98752111, -18025.3831035 ])]",Success
1065,"[array([  -86.96871406, 26148.40894879]), array([    54.04911483, -16254.76935533])]",Success
1069,[],Success
1070,[],Success
1071,[],Success
1072,[],Success
1073,[],Success
1074,[],Success
1075,[],Success
1076,[],Success
1077,[],Success
1078,[],Success
1079,[],Success
1081,"[array([  -75.02872302, 22544.18188559]), array([    59.95849529, -18016.60546565])]",Success
1055,"[array([   24.30461915, -7189.49623429])]",Success
1060,"[array([ -196.05305299, 58588.69072243]), array([    39.39383775, -11777.65034639])]",Success
1064,"[array([  -48.87654344, 14684.77073946]), array([   103.37538865, -31064.35383131])]",Success
1066,"[array([  -48.07471712, 14485.38548797]), array([   106.54204799, -32108.70188762])]",Success
1067,"[array([  -91.4760733, 27592.41428  ]), array([    52.03975253, -15698.53876715])]",Success
1068,[],Success
1080,"[array([  -65.16482969, 19563.92275458]), array([    69.7648693 , -20957.54560915])]",Success
1082,[],Success
1083,"[array([  -86.88559376, 26123.43300315]), array([    53.95638151, -16226.83258791])]",Success
1084,"[array([  -48.07317851, 14484.87484683]), array([   106.72761783, -32164.60952425])]",Success
1085,"[array([  -91.39346262, 27567.52746222]), array([    52.02009202, -15692.60072413])]",Success
1086,"[array([  -74.06017277, 22420.04432052]), array([    60.35030413, -18273.64502529])]",Success
1087,"[array([  -45.81126768, 13894.32421258]), array([   124.62727604, -37831.04070542])]",Success
1088,"[array([  -41.20740579, 12525.72204146]), array([   162.41158467, -49394.42348996])]",Success
1089,"[array([  -65.5092092 , 19954.09517027]), array([    67.23313576, -20483.11315639])]",Success
1090,"[array([  -77.82709482, 23735.08804467]), array([    57.92889344, -17673.23207022])]",Success
1091,"[array([  -58.38743349, 17840.27963971]), array([    76.39414486, -23346.77953771])]",Success
1093,"[array([ -117.29065703, 35874.6611953 ]), array([    46.29463869, -14170.11611279])]",Success
1095,"[array([  -60.68236918, 18633.34129573]), array([    72.39532375, -22232.47348767])]",Success
1096,"[array([  -45.28411452, 13926.05863222]), array([   117.49825112, -36137.20871171])]",Success
1099,"[array([  -68.22203356, 21077.94482856]), array([    63.5645678, -19639.5863836])]",Success
1100,"[array([  -65.026796  , 20143.17754713]), array([    66.46602086, -20592.15880322])]",Success
1102,"[array([  -67.88900877, 21131.97006182]), array([    63.51118049, -19772.2674909 ])]",Success
1104,"[array([  -49.99868614, 15611.05200194]), array([    94.6173128 , -29553.10156981])]",Success
1114,[],Success
1092,"[array([ -101.04491915, 30908.45046255]), array([    48.67046326, -14889.48514534])]",Success
1094,"[array([  -64.3904092 , 19732.98679993]), array([    68.08873013, -20871.67940793])]",Success
1097,"[array([  -77.2804648 , 23778.55211158]), array([    57.70812776, -17762.00635964])]",Success
1098,"[array([  -60.7760209 , 18741.59007741]), array([    72.78445532, -22455.20693911])]",Success
1101,"[array([  -63.20700817, 19619.31682775]), array([    68.24003777, -21183.0784646 ])]",Success
1103,"[array([ -141.21684587, 43987.15311886]), array([    41.76584358, -13010.9617489 ])]",Success
1106,"[array([  -67.87680085, 21260.21397698]), array([    62.995192  , -19731.98693463])]",Success
1107,"[array([  -57.6626191 , 18084.77191757]), array([    75.35593511, -23638.84718476])]",Success
1108,[],Success
1109,[],Success
1110,[],Success
1111,[],Success
1112,[],Success
1113,[],Success
1115,[],Success
1116,[],Success
1117,[],Success
1119,"[array([  -67.88843931, 21263.82955074]), array([    62.97213067, -19724.77194248])]",Success
1120,"[array([  -57.70678382, 18098.57073531]), array([    75.38540499, -23648.10895306])]",Success
1121,"[array([  -73.388595  , 23121.65869997]), array([    58.55262566, -18449.73149076])]",Success
1122,"[array([  -66.02742893, 20842.43701028]), array([    64.33274665, -20311.40225733])]",Success
1124,"[array([  -64.52383402, 20396.80468298]), array([    65.69462939, -20769.54331684])]",Success
1125,"[array([  -82.9123058 , 26214.59449586]), array([    53.81426289, -17022.05777989])]",Success
1127,"[array([  -64.29443941, 20424.69735732]), array([    65.52340757, -20816.47270295])]",Success
1128,"[array([ -103.7534059 , 33037.74456175]), array([    46.66670409, -14862.88342048])]",Success
1118,"[array([   30.63787725, -9572.02020603])]",Success
1123,"[array([  -55.08797325, 17392.7424823 ]), array([    79.28110992, -25033.917122  ])]",Success
1126,"[array([  -75.60217211, 23982.99994056]), array([    56.81697677, -18026.30076103])]",Success
1129,"[array([  -51.07251237, 16286.00845852]), array([    88.09662365, -28099.29749268])]",Success
1130,"[array([  -57.58663264, 18396.75920479]), array([    74.64444116, -23856.29052512])]",Success
1131,"[array([  -73.21543722, 23403.30360511]), array([    57.89430833, -18508.41560901])]",Success
1132,"[array([ -100.6589535 , 32315.89109862]), array([    47.52519506, -15265.06982542])]",Success
1133,"[array([  -80.08216424, 25752.59227653]), array([    53.8540905, -17321.296364 ])]",Success
1134,"[array([  -59.38264974, 19119.86208278]), array([    70.49670388, -22700.33618813])]",Success
1136,"[array([  -82.53053614, 26631.44242692]), array([    53.45418389, -17259.32238444])]",Success
1138,"[array([  -59.05785859, 19118.21880657]), array([    70.49670388, -22822.8192468 ])]",Success
1139,"[array([  -69.2825981 , 22468.27606653]), array([    59.86119022, -19415.27268875])]",Success
1140,"[array([  -48.47187013, 15750.47198857]), array([    93.78253134, -30478.20848101])]",Success
1141,"[array([  -59.49556947, 19354.57244642]), array([    69.53944517, -22624.15748115])]",Success
1142,"[array([  -67.59859899, 22036.09753567]), array([    60.88102667, -19848.266222  ])]",Success
1143,"[array([  -45.23942679, 14785.54986362]), array([   107.73392149, -35222.11772395])]",Success
1144,"[array([  -70.08739869, 22933.11845864]), array([    58.65945174, -19194.31985041])]",Success
1145,[],Success
1147,[],Success
1148,[],Success
1149,[],Success
1150,[],Success
1151,[],Success
1152,[],Success
1153,[],Success
1105,"[array([   30.63634928, -9571.55122823])]",Success
1135,"[array([  -67.55627828, 21792.02446665]), array([    61.52561336, -19847.141473  ])]",Success
1137,"[array([  -80.08216424, 25881.61804022]), array([    53.54253791, -17305.54380722])]",Success
1146,"[array([  -31.12597037, 10164.62908178])]",Success
1154,[],Success
1155,[],Success
1156,[],Success
1157,[],Success
1158,[],Success
1159,[],Success
1160,"[array([  -67.51610876, 22009.24675344]), array([    60.81150406, -19825.56188064])]",Success
1161,"[array([  -45.18201372, 14766.81497653]), array([   107.7973025 , -35242.87259331])]",Success
1162,"[array([  -69.99143867, 22901.75987967]), array([    58.74458503, -19222.25342166])]",Success
1163,"[array([ -152.36902655, 50001.32371034]), array([    39.45437186, -12949.56496649])]",Success
1164,[],Success
1166,"[array([  -61.19234086, 20136.91045427]), array([    66.82510864, -21996.02270892])]",Success
1167,"[array([  -665.46670689, 219713.07445263]), array([    31.79930506, -10501.2807025 ])]",Success
1169,"[array([  -937.32067864, 310789.01722948]), array([    31.21342123, -10352.07980898])]",Success
1170,"[array([  -59.96030682, 19935.97943695]), array([    67.44741391, -22428.53443824])]",Success
1172,"[array([  -62.23282126, 20754.33859027]), array([    64.69936601, -21582.20422037])]",Success
1174,"[array([  -54.6935441 , 18342.39942646]), array([    74.68143155, -25048.43246796])]",Success
1179,"[array([  -61.537342  , 20761.48838369]), array([    64.41994661, -21734.52389259])]",Success
1182,"[array([ -1193.59221839, 404384.16866778]), array([    30.54174948, -10349.22600658])]",Success
1183,"[array([  -58.84687216, 19956.65701439]), array([    67.51375408, -22900.67861207])]",Success
1185,"[array([  -60.77890358, 20708.14618664]), array([    64.67842437, -22039.85998624])]",Success
1165,"[array([  -70.51302854, 23174.44109212]), array([    62.81691628, -20673.27783632])]",Success
1168,"[array([  -53.65381424, 17733.5796904 ]), array([    80.514551  , -26630.24370274])]",Success
1171,"[array([  -67.58405112, 22511.87058515]), array([    59.66651936, -19875.46137455])]",Success
1176,"[array([  -62.91446197, 21174.98768121]), array([    63.67170725, -21437.55136718])]",Success
1177,"[array([  -63.48069212, 21389.76691355]), array([    62.54255382, -21074.90965252])]",Success
1178,"[array([  -33.39331516, 11254.04889189]), array([    384.73146741, -129741.57337083])]",Success
1180,"[array([ -102.03288318, 34453.77223351]), array([    45.02518689, -15206.36074651])]",Success
1181,"[array([  -69.44060107, 23492.29818136]), array([    57.50944325, -19460.12510631])]",Success
1186,[],Success
1187,"[array([  -36.58828813, 12489.16747239]), array([   189.35972437, -64655.94255228])]",Success
1188,[],Success
1189,[],Success
1190,[],Success
1191,[],Success
1192,[],Success
1193,[],Success
1194,[],Success
1195,[],Success
1196,[],Success
1197,[],Success
1198,[],Success
1199,"[array([ -1169.54808113, 396238.36642572]), array([    30.53142734, -10345.7028243 ])]",Success
1200,[],Success
1201,"[array([  -63.32661052, 21533.7620925 ]), array([    62.34577349, -21205.37614717])]",Success
1203,"[array([ -140.8645778 , 48011.83701769]), array([    41.56812807, -14186.26313809])]",Success
1173,"[array([  -65.90494426, 22015.06301934]), array([    61.21555399, -20454.95134906])]",Success
1175,"[array([  -30.90588711, 10374.26775292])]",Success
1184,"[array([  -63.3871619 , 21554.33580905]), array([    62.31606301, -21195.23900019])]",Success
1202,"[array([  -60.82160518, 20722.66707737]), array([    64.65963725, -22033.45606536])]",Success
1204,"[array([  -36.55737069, 12478.64809726]), array([   189.95374886, -64858.96342376])]",Success
1205,"[array([ -115.01786628, 39277.99942809]), array([    42.29739347, -14446.02007297])]",Success
1206,"[array([  -63.37479689, 21690.56239533]), array([    61.68896485, -21114.79450939])]",Success
1207,"[array([  -62.73977888, 21530.39611674]), array([    62.11736044, -21317.46722287])]",Success
1208,"[array([  -72.09745263, 24767.47927305]), array([    58.97027493, -20284.56209778])]",Success
1209,"[array([  -64.84283343, 22305.3638674 ]), array([    60.04658158, -20656.47188332])]",Success
1210,"[array([  -71.43827592, 24610.52283111]), array([    56.1621666 , -19359.07053569])]",Success
1213,"[array([  -62.86997328, 21815.09687491]), array([    61.44533349, -21323.71670893])]",Success
1215,"[array([  -69.52687361, 24153.91893269]), array([    56.89139612, -19774.89574821])]",Success
1216,"[array([  -68.19400333, 23745.83813821]), array([    56.75581134, -19763.88462396])]",Success
1218,"[array([  -59.68413127, 20850.85018276]), array([    64.71473963, -22615.81950429])]",Success
1220,"[array([  -50.52060502, 17716.49058302]), array([    80.558115  , -28264.01137217])]",Success
1221,"[array([  -66.50989853, 23341.54536131]), array([    57.51874558, -20186.54026591])]",Success
1224,"[array([  -61.19282658, 21588.96046819]), array([    61.98753861, -21871.01763266])]",Success
1227,"[array([  -53.72253346, 18986.74200919]), array([    72.29576435, -25557.72377681])]",Success
1231,[],Success
1234,[],Success
1235,[],Success
1236,[],Success
1237,[],Success
1238,[],Success
1211,"[array([   26.50137337, -9152.28846262])]",Success
1212,"[array([  -72.56060801, 25080.12296752]), array([    54.30994159, -18773.15514744])]",Success
1214,"[array([    33.29560596, -11643.70844772])]",Success
1217,"[array([  -34.86035022, 12178.19549703]), array([   220.5349815 , -77051.46373833])]",Success
1219,"[array([  -48.73892224, 17067.44288868]), array([    84.61342147, -29640.07363704])]",Success
1222,"[array([  -81.20293494, 28519.28719903]), array([    49.73598497, -17472.73481738])]",Success
1223,"[array([  -68.56301232, 24112.33009333]), array([    55.9508802 , -19678.37594859])]",Success
1225,"[array([  -75.67015384, 26705.77882194]), array([    51.67597969, -18238.10856573])]",Success
1226,"[array([  -46.20217881, 16326.63700585]), array([    91.33222301, -32282.78866241])]",Success
1228,"[array([  -77.75629843, 27451.88778949]), array([    63.45315326, -22465.53481488])]",Success
1229,"[array([  -41.13089701, 14586.55373241]), array([   118.14462577, -41912.40737655])]",Success
1230,[],Success
1232,"[array([ -190.59256638, 66957.38760786]), array([   245.04076564, -88087.93027182])]",Success
1233,[],Success
1239,[],Success
1240,[],Success
1241,"[array([  -75.83238282, 26762.94427282]), array([    51.61118786, -18215.19785598])]",Success
1242,"[array([  -42.91208348, 15163.6871005 ]), array([   106.26836961, -37561.25737895])]",Success
1243,"[array([  -53.89891681, 19048.93883502]), array([    71.96419416, -25440.34602587])]",Success
1244,"[array([  -76.96420943, 27172.78005689]), array([    63.89344341, -22621.59250461])]",Success
1245,"[array([  -41.11410449, 14580.61807769]), array([   117.64700957, -41735.79491209])]",Success
1246,"[array([  -63.52851783, 22570.01552966]), array([    59.47350605, -21133.7283384 ])]",Success
1247,"[array([  -65.52424332, 23330.39751429]), array([    57.54844591, -20491.1381292 ])]",Success
1249,"[array([  -71.88980187, 25614.90793629]), array([    56.27304381, -20072.35899465])]",Success
1250,"[array([  -58.21626685, 20787.49851179]), array([    65.0688709 , -23242.17839943])]",Success
1248,"[array([ -181.10148407, 63027.15008367]), array([    543.30876813, -194274.90695412])]",Success
1251,"[array([  -285.23721748, 101940.69571349]), array([    32.93555411, -11772.79391118])]",Success
1252,"[array([  -64.08150654, 22945.05752895]), array([    58.85412837, -21080.29653819])]",Success
1253,"[array([  -59.2763086 , 21271.25461879]), array([    63.25253157, -22704.2774754 ])]",Success
1254,"[array([  -59.99746019, 21576.56638491]), array([    62.064242  , -22322.44411203])]",Success
1257,"[array([  -67.46325076, 24347.29980342]), array([    55.45344408, -20015.60597057])]",Success
1258,"[array([  -76.60507144, 27690.45154404]), array([    50.37478708, -18213.35356781])]",Success
1261,"[array([  -34.47498666, 12532.88570482]), array([   208.14420274, -75684.04557648])]",Success
1262,"[array([  -51.85905731, 18873.6035619 ]), array([    74.82975632, -27249.9940282 ])]",Success
1264,"[array([  -80.42820093, 29362.71198494]), array([    48.43607646, -17687.68589842])]",Success
1267,"[array([  -70.42823062, 25843.18000363]), array([    52.77590896, -19366.43756343])]",Success
1268,"[array([  -56.76305155, 20860.14361864]), array([    65.92615704, -24242.18722003])]",Success
1269,[],Success
1271,[],Success
1272,[],Success
1273,[],Success
1274,[],Success
1275,[],Success
1276,[],Success
1277,[],Success
1278,[],Success
1280,[],Success
1281,[],Success
1282,[],Success
1283,[],Success
1255,"[array([  -53.78174439, 19342.86268629]), array([    70.32997343, -25297.4400361 ])]",Success
1256,"[array([  -63.50944225, 22888.42288857]), array([    58.5867008 , -21117.25367734])]",Success
1259,"[array([  -55.37227371, 20071.14769778]), array([    67.27700731, -24389.17406204])]",Success
1260,"[array([ -106.80604449, 38755.47312217]), array([    41.82870467, -15179.72205421])]",Success
1263,"[array([  -63.52265051, 23152.76355618]), array([    57.90705498, -21107.24658724])]",Success
1265,"[array([  -59.39916889, 21713.37668384]), array([    61.74862891, -22575.97354428])]",Success
1266,"[array([  -76.29592495, 27918.25332929]), array([    49.94597876, -18278.96753105])]",Success
1270,[],Success
1279,[],Success
1284,[],Success
1285,[],Success
1286,[],Success
1287,"[array([  -70.42617829, 25842.40093139]), array([    52.71461313, -19343.89316281])]",Success
1289,"[array([  -57.32902265, 21116.41605011]), array([    63.49083541, -23387.07111679])]",Success
1290,"[array([  -56.52232909, 20845.04008284]), array([    64.71837036, -23873.10563594])]",Success
1291,"[array([  -60.43410512, 22352.73636842]), array([    59.83396505, -22132.13896641])]",Success
1292,"[array([  -67.51133553, 25001.66340126]), array([    54.10611976, -20038.22928917])]",Success
1293,"[array([  -61.26155777, 22750.35554244]), array([    58.92378796, -21885.67813491])]",Success
1295,"[array([  -62.17708719, 23168.91539891]), array([    57.81692642, -21544.64934413])]",Success
1301,"[array([  -78.96077383, 29662.79503495]), array([    47.91798157, -18006.21736405])]",Success
1303,"[array([  -38.73258566, 14597.96709914]), array([   121.86594023, -45932.7636768 ])]",Success
1304,"[array([  -54.13298762, 20430.500258  ]), array([    66.43593936, -25080.20870825])]",Success
1316,[],Success
1317,[],Success
1318,[],Success
1288,"[array([  -56.68544041, 20831.53814796]), array([    66.13919079, -24320.55618624])]",Success
1294,"[array([  -91.05509894, 33851.54637747]), array([    44.2880209 , -16466.90566663])]",Success
1296,"[array([ -105.77754025, 39418.72644578]), array([    41.16786621, -15342.7013456 ])]",Success
1297,"[array([  -61.13286347, 22822.22952136]), array([    58.68754893, -21910.13325663])]",Success
1298,"[array([  -67.74182168, 25291.02451088]), array([    54.38945538, -20316.47685484])]",Success
1299,"[array([  -53.9211377 , 20214.04996491]), array([    67.02571743, -25130.40213581])]",Success
1300,"[array([  -84.63260407, 31778.5646477 ]), array([    45.79965616, -17199.11106594])]",Success
1302,"[array([  -54.84616539, 20646.1130371 ]), array([    65.92376631, -24824.87795141])]",Success
1305,"[array([  -65.24279023, 24644.34744318]), array([    54.89723321, -20741.4555938 ])]",Success
1306,"[array([  -84.31003829, 31892.78849801]), array([    45.69475357, -17288.77545902])]",Success
1307,"[array([  -69.56670135, 26394.254451  ]), array([    51.70904336, -19621.21158982])]",Success
1308,"[array([  -72.08116044, 27364.89451227]), array([    50.83038502, -19305.41329728])]",Success
1309,"[array([  -55.34446176, 21042.73673711]), array([    63.84990733, -24277.34382177])]",Success
1311,"[array([  -89.51750921, 34161.59793087]), array([    43.74898837, -16695.77261694])]",Success
1312,[],Success
1313,[],Success
1314,[],Success
1315,[],Success
1319,[],Success
1320,[],Success
1321,[],Success
1322,[],Success
1323,[],Success
1324,[],Success
1326,[],Success
1310,"[array([  -39.28684251, 14991.61484207]), array([   114.77785041, -43801.58689543])]",Success
1325,[],Success
1327,"[array([  -39.27765425, 14988.13701486]), array([   114.57723363, -43725.01822567])]",Success
1328,"[array([  -89.59082509, 34189.56150401]), array([    43.76154889, -16700.6035335 ])]",Success
1329,"[array([  -77.28346739, 29511.39086064]), array([    47.75593906, -18239.35401356])]",Success
1330,"[array([  -96.44674152, 36880.23670204]), array([    42.13959555, -16114.297725  ])]",Success
1331,"[array([  -56.252952  , 21544.14621778]), array([    62.233529  , -23835.14012856])]",Success
1332,"[array([  -58.2481306 , 22327.29077926]), array([    60.14430575, -23058.70600532])]",Success
1333,"[array([ -217.35975204, 83545.60814769]), array([    32.99210522, -12683.00892238])]",Success
1334,"[array([  -62.76205154, 24127.53226674]), array([    55.5656509 , -21361.72979817])]",Success
1335,"[array([  -67.26035558, 25903.92476449]), array([    52.50608575, -20225.59467236])]",Success
1337,"[array([  -40.74559101, 15694.11319623]), array([   109.08090877, -42045.34799683])]",Success
1338,"[array([  -59.17684897, 22898.97043351]), array([    58.41592015, -22605.01171614])]",Success
1339,"[array([  -61.74378318, 23920.67845226]), array([    56.05608425, -21719.76842415])]",Success
1341,"[array([  -62.6605142 , 24331.78759705]), array([    55.20232741, -21437.00540538])]",Success
1345,"[array([  -52.69423683, 20667.5497085 ]), array([    65.55938495, -25716.66408949])]",Success
1349,"[array([  -605.60551406, 238003.87957586]), array([    29.10987853, -11441.55812688])]",Success
1350,"[array([  -55.78012922, 21946.8856833 ]), array([    61.63938649, -24260.45244307])]",Success
1352,"[array([  -45.85546937, 18079.59441077]), array([    79.2556018, -31252.9271517])]",Success
1353,"[array([  -60.40076759, 23838.99894344]), array([    56.99625396, -22505.08402406])]",Success
1354,"[array([  -42.10276047, 16639.73670466]), array([    92.36085879, -36505.71499882])]",Success
1355,"[array([  -56.01637567, 22164.54320181]), array([    61.28357  , -24259.5032429])]",Success
1356,"[array([  -65.30319436, 25895.77130307]), array([    52.22245838, -20711.8884739 ])]",Success
1365,[],Success
1366,[],Success
1336,"[array([ -18.03595258, 6946.64090553])]",Success
1340,"[array([ -16.77609893, 6509.21192033])]",Success
1342,"[array([  -60.19385069, 23401.90091805]), array([    57.26613422, -22266.52133456])]",Success
1343,"[array([  -61.06803525, 23750.70253581]), array([    56.33453204, -21910.047998  ])]",Success
1344,"[array([  -63.16516466, 24679.40913417]), array([    54.45071139, -21274.88278892])]",Success
1347,"[array([  -61.44742141, 24133.38731101]), array([    55.7340938 , -21893.60133268])]",Success
1351,"[array([ -126.94620201, 50017.16687435]), array([    37.28489849, -14695.76123644])]",Success
1357,"[array([  -47.26791615, 18772.63209657]), array([    74.70856324, -29672.1650938 ])]",Success
1359,[],Success
1360,[],Success
1361,[],Success
1362,[],Success
1363,[],Success
1364,[],Success
1367,[],Success
1368,[],Success
1369,[],Success
1370,[],Success
1371,[],Success
1372,[],Success
1373,[],Success
1374,[],Success
1375,[],Success
1376,[],Success
1377,[],Success
1346,"[array([    25.86049617, -10159.69696385])]",Success
1348,"[array([   23.54458311, -9254.65478195])]",Success
1358,[],Success
1378,"[array([  -56.00166811, 22158.7293792 ]), array([    61.30992223, -24269.97217128])]",Success
1379,"[array([  -65.32155754, 25903.04779193]), array([    52.26885097, -20730.34293915])]",Success
1381,"[array([  -65.30669919, 25953.60179955]), array([    52.12821729, -20717.2834498 ])]",Success
1382,"[array([  -49.46635088, 19717.80786278]), array([    69.77546492, -27814.56521182])]",Success
1383,"[array([  -65.1994738 , 26014.63482662]), array([    52.0544186 , -20772.12644464])]",Success
1384,"[array([  -58.88686739, 23547.17081942]), array([    56.75703934, -22695.87714947])]",Success
1385,"[array([  -55.24495837, 22118.47030143]), array([    60.73478163, -24320.18455777])]",Success
1386,"[array([ -105.26559441, 42241.82245398]), array([    39.29630252, -15772.89813158])]",Success
1388,"[array([  -39.19614597, 15771.47089769]), array([   105.0201085 , -42258.51786392])]",Success
1390,"[array([  -31.4909342 , 12699.13170148]), array([    364.02727705, -146974.23303146])]",Success
1391,"[array([  -55.51804177, 22419.93767435]), array([    59.82399123, -24162.08785807])]",Success
1392,"[array([  -60.57570631, 24506.93021194]), array([    54.8859578 , -22209.74394501])]",Success
1397,"[array([  -75.04866468, 30552.5851216 ]), array([    46.25792494, -18835.65765052])]",Success
1398,[],Success
1402,"[array([  -65.3972597 , 26802.43646632]), array([    50.91881071, -20873.73239804])]",Success
1403,"[array([  -54.3032028 , 22295.95431128]), array([    60.18784233, -24714.09714952])]",Success
1404,[],Success
1405,"[array([  -65.66032978, 26975.46442337]), array([    50.39705833, -20706.51422425])]",Success
1407,[],Success
1409,[],Success
1410,[],Success
1411,[],Success
1380,"[array([  -47.27957698, 18777.2591361 ]), array([    74.70817774, -29672.04519149])]",Success
1387,"[array([  -58.46909528, 23477.86179374]), array([    57.03180189, -22901.18855504])]",Success
1389,"[array([  -57.22714698, 23023.46583532]), array([    59.15418356, -23810.17817831])]",Success
1393,"[array([  -75.44312589, 30558.96926332]), array([    46.26856239, -18745.03381284])]",Success
1395,"[array([  -56.05182777, 22746.62164148]), array([    58.78884479, -23857.66030966])]",Success
1396,"[array([  -32.18167195, 13090.25945766]), array([   209.59045262, -85266.88470959])]",Success
1399,"[array([  -60.92745716, 24844.72516311]), array([    55.42055238, -22613.20351339])]",Success
1400,"[array([  -32.09207933, 13104.80920519]), array([   210.35538128, -85910.32605002])]",Success
1401,"[array([  -65.05347006, 26576.36688866]), array([    51.18772156, -20916.03910878])]",Success
1406,[],Success
1408,[],Success
1412,[],Success
1413,[],Success
1414,[],Success
1415,[],Success
1416,[],Success
1417,[],Success
1418,[],Success
1419,[],Success
1420,[],Success
1422,[],Success
1423,"[array([  -65.26140122, 26746.76944453]), array([    50.85602285, -20847.91031565])]",Success
1424,"[array([  -54.22881778, 22265.46197136]), array([    60.13503083, -24692.41272328])]",Success
1426,"[array([  -65.49115365, 26906.02024384]), array([    50.3964639 , -20706.27920904])]",Success
1428,"[array([  -91.90020093, 37970.8033493 ]), array([    40.82262144, -16869.54619551])]",Success
1394,"[array([  -59.2104861 , 24020.18451931]), array([    57.16066709, -23202.86782459])]",Success
1421,[],Success
1425,"[array([    26.93358188, -11068.20078248])]",Success
1427,"[array([  -60.87334072, 25090.83204509]), array([    53.46366441, -22038.61760884])]",Success
1429,"[array([  -92.19713211, 38095.22229365]), array([    40.70615177, -16821.37575297])]",Success
1430,"[array([  -59.979818  , 24833.17408958]), array([    54.32457802, -22497.44767006])]",Success
1431,"[array([  -61.87003643, 25674.77968927]), array([    52.4216224 , -21755.08427484])]",Success
1432,"[array([  -59.23316378, 24579.67338413]), array([    54.63308107, -22673.86575453])]",Success
1433,"[array([  -70.2762784 , 29209.32999761]), array([    47.43648792, -19718.83066289])]",Success
1434,"[array([ -130.26037872, 54142.8993529 ]), array([    35.5996157 , -14801.24016614])]",Success
1435,"[array([  -47.51568072, 19764.68605855]), array([    71.24378661, -29647.41637805])]",Success
1439,"[array([  -79.13009446, 33132.90572389]), array([    43.69780178, -18299.32736527])]",Success
1441,"[array([  -47.64131222, 20006.71666942]), array([    69.05964213, -29003.09456402])]",Success
1442,"[array([  -50.61093987, 21261.0896201 ]), array([    66.86598291, -28112.73217731])]",Success
1444,"[array([  -35.65626441, 15026.4507947 ]), array([   127.7215404 , -53843.73072453])]",Success
1445,"[array([  -39.5519036 , 16710.44777555]), array([    94.88495071, -40091.97676708])]",Success
1448,"[array([  -56.77142291, 24022.81600588]), array([    56.88553632, -24084.13728842])]",Success
1451,"[array([  -270.67781925, 114695.68112183]), array([    30.10662311, -12758.48099506])]",Success
1452,[],Success
1454,"[array([  -66.17385654, 28140.29378315]), array([    48.60480541, -20670.10265673])]",Success
1457,[],Success
1458,[],Success
1459,[],Success
1460,[],Success
1461,[],Success
1436,"[array([    24.03876077, -10035.2941122 ])]",Success
1437,"[array([   23.02490405, -9624.19877333])]",Success
1438,"[array([  -53.52261328, 22388.16150789]), array([    59.95209475, -25079.19632828])]",Success
1440,"[array([  -52.94721004, 22202.7081921 ]), array([    60.55942874, -25397.86507263])]",Success
1443,"[array([  -88.94536068, 37483.78531013]), array([    40.7427136 , -17170.31143995])]",Success
1447,"[array([  -59.70177046, 25199.55396065]), array([    78.72034   , -33341.01527409])]",Success
1449,"[array([ -229.154286  , 97006.78056636]), array([    31.01430611, -13133.17858506])]",Success
1450,"[array([    25.94910293, -10992.20638307])]",Success
1453,"[array([  -82.54326689, 35021.13676991]), array([    42.19562389, -17903.36149219])]",Success
1455,"[array([  -54.71823917, 23310.35825331]), array([    58.219689  , -24811.52263789])]",Success
1456,[],Success
1462,[],Success
1463,[],Success
1464,[],Success
1465,[],Success
1466,"[array([   18.95271094, -8014.86928726])]",Success
1467,[],Success
1468,[],Success
1469,[],Success
1472,"[array([  -273.93388659, 116075.19972953]), array([    30.03662127, -12728.77722329])]",Success
1473,"[array([  -82.50055649, 35003.00711877]), array([    42.12909738, -17875.07876109])]",Success
1474,"[array([  -66.16509414, 28136.57453211]), array([    48.53881112, -20641.98649057])]",Success
1476,"[array([  -76.61571633, 32662.69602881]), array([    43.88318025, -18709.78431662])]",Success
1479,"[array([  -77.53042025, 33235.32291327]), array([    43.41943752, -18615.32966082])]",Success
1480,"[array([  -58.69580507, 25206.75414498]), array([    53.18263172, -22840.11704839])]",Success
1446,"[array([   18.98102197, -8026.83923468])]",Success
1470,"[array([    25.90956762, -10975.41319083])]",Success
1471,"[array([   18.05110748, -7658.79763769])]",Success
1475,"[array([  -54.61910843, 23268.20638351]), array([    58.17707921, -24793.3537369 ])]",Success
1477,"[array([  -64.24135665, 27461.17850109]), array([    49.49929775, -21161.64325245])]",Success
1481,"[array([  -67.36536059, 28986.89990095]), array([    48.03543754, -20678.63989053])]",Success
1482,"[array([  -47.18417662, 20347.21196309]), array([    67.85588506, -29265.51155013])]",Success
1483,"[array([ -173.10603496, 74666.06390603]), array([    32.71693932, -14120.37428516])]",Success
1485,"[array([ -129.36288649, 55938.56046116]), array([    34.62501051, -14974.07563491])]",Success
1487,"[array([  -49.49304498, 21447.08105799]), array([    63.65810118, -27592.40654366])]",Success
1488,"[array([  -60.88608852, 26417.76897368]), array([    51.07294604, -22163.06103642])]",Success
1489,"[array([  -61.5638383 , 26772.21060426]), array([    50.46673339, -21948.378946  ])]",Success
1490,"[array([  -282.81864804, 123073.96079977]), array([    29.47898077, -12830.17092988])]",Success
1494,"[array([  -54.22295199, 23688.33577518]), array([    57.40924917, -25091.03975183])]",Success
1498,"[array([  -52.22656955, 22953.8261596 ]), array([    58.50036189, -25714.28329124])]",Success
1499,"[array([  -38.71467464, 17053.02023067]), array([    93.17051063, -41043.466747  ])]",Success
1502,[],Success
1504,[],Success
1505,[],Success
1506,[],Success
1508,[],Success
1509,[],Success
1510,[],Success
1511,[],Success
1512,[],Success
1478,"[array([  -23.44395393, 10040.8824569 ])]",Success
1484,"[array([ -20.86809819, 8977.56384371])]",Success
1486,"[array([    29.01671244, -12608.2599802 ])]",Success
1491,"[array([ -131.64768722, 57401.53055045]), array([    34.22678039, -14924.47393419])]",Success
1492,"[array([    23.04924325, -10068.23764145])]",Success
1493,"[array([  -23.5065309 , 10256.58065045])]",Success
1495,"[array([  -49.12504221, 21521.67039133]), array([    63.53729774, -27843.09049061])]",Success
1496,"[array([  -49.05676375, 21516.39495056]), array([    66.943887  , -29387.97339535])]",Success
1497,"[array([  -62.54449246, 27462.90605111]), array([    49.29260088, -21645.04834014])]",Success
1500,"[array([ -158.16764511, 69668.68631286]), array([    32.93634067, -14515.79180208])]",Success
1501,"[array([  -62.91182872, 27726.51819153]), array([    49.02303146, -21608.74753551])]",Success
1503,"[array([ -20.73959599, 9181.67947204])]",Success
1507,[],Success
1513,[],Success
1514,[],Success
1515,[],Success
1516,[],Success
1517,"[array([  -38.69583677, 17044.74960077]), array([    93.031285 , -40982.0910817])]",Success
1518,"[array([ -158.15291162, 69662.30930064]), array([    32.89613228, -14498.0748385 ])]",Success
1519,"[array([  -62.50438054, 27547.01683909]), array([    49.19734068, -21685.58460371])]",Success
1520,"[array([  -64.08227236, 28330.10500237]), array([    48.80024109, -21583.76038551])]",Success
1522,"[array([  -69.15411049, 30626.27841772]), array([    45.45555075, -20132.74545865])]",Success
1523,"[array([  -47.99186744, 21320.79598816]), array([    64.30685976, -28574.8976448 ])]",Success
1526,"[array([  -56.8376945 , 25312.57670234]), array([    52.95369421, -23585.02008573])]",Success
1528,"[array([  -58.7027802 , 26219.00947591]), array([    51.24149225, -22888.55032025])]",Success
1521,"[array([ -20.64062772, 9137.85155076])]",Success
1524,"[array([  -87.65393623, 38954.80239103]), array([    39.54502296, -17577.23965689])]",Success
1525,"[array([    37.04975642, -16606.04471685])]",Success
1529,"[array([  -42.98138589, 19239.45477762]), array([    74.3572144 , -33284.45916054])]",Success
1530,"[array([  -59.18063393, 26496.59360704]), array([    50.7889407 , -22741.68919075])]",Success
1532,"[array([  -53.64730994, 24070.93591462]), array([    55.66453602, -24977.42368816])]",Success
1534,"[array([  -52.16562233, 23465.67555092]), array([    57.11564489, -25694.08682206])]",Success
1535,"[array([  -58.20818645, 26230.79080968]), array([    51.38264864, -23160.03297228])]",Success
1536,"[array([  -29.23033797, 13187.49818888]), array([    264.34392597, -119274.29574815])]",Success
1539,"[array([ -207.16603642, 93775.42271227]), array([    30.28340732, -13711.53847468])]",Success
1540,"[array([  -58.61932863, 26574.61429718]), array([    52.79134519, -23951.98451412])]",Success
1541,"[array([  -55.18853039, 25038.03689756]), array([    53.46220295, -24256.16897618])]",Success
1544,"[array([  -60.90404634, 27750.31758382]), array([    48.71915139, -22199.09702886])]",Success
1548,[],Success
1550,[],Success
1551,[],Success
1552,[],Success
1553,[],Success
1554,[],Success
1555,[],Success
1556,[],Success
1557,[],Success
1558,[],Success
1559,[],Success
1560,[],Success
1527,"[array([  -58.73213558, 26180.08696759]), array([    51.26711648, -22853.49918657])]",Success
1531,"[array([ -19.93953529, 8931.25628989])]",Success
1533,"[array([ -127.08562285, 57135.57826778]), array([    36.95944902, -16641.51827672])]",Success
1537,"[array([   20.49150754, -9252.8540424 ])]",Success
1538,"[array([    25.07649409, -11342.36320272])]",Success
1542,"[array([ -20.07776564, 9109.48387469])]",Success
1543,"[array([  -67.18898479, 30516.81343285]), array([    45.34977912, -20598.44308059])]",Success
1545,"[array([ -208.10916005, 94968.05143518]), array([    30.13565692, -13755.49530654])]",Success
1546,[],Success
1547,[],Success
1549,"[array([  -45.21269704, 20503.88511483])]",Success
1561,[],Success
1562,[],Success
1563,[],Success
1564,[],Success
1565,[],Success
1566,[],Success
1567,[],Success
1568,[],Success
1569,[],Success
1570,"[array([  -60.93742936, 27765.4805119 ]), array([    48.72622382, -22202.32938243])]",Success
1571,"[array([ -199.02852545, 90824.59152346]), array([    30.33125677, -13844.78531496])]",Success
1573,"[array([  -75.11397106, 34325.48530837]), array([    41.97545442, -19182.24497861])]",Success
1574,"[array([  -63.17745969, 28898.23369001]), array([    47.13587862, -21561.02678841])]",Success
1575,[],Success
1572,"[array([    24.7071923 , -11288.97543379])]",Success
1576,"[array([  -75.49618442, 34556.62062715]), array([    42.11830646, -19285.09673043])]",Success
1577,"[array([  -53.80347373, 24680.44525649]), array([    54.45235984, -24983.67996743])]",Success
1578,"[array([  -60.11248673, 27626.28819501]), array([    48.82783218, -22441.59050099])]",Success
1579,"[array([  -78.97984696, 36420.30901923]), array([    42.33715934, -19540.82981907])]",Success
1580,"[array([  -45.58836736, 21042.11094302]), array([    66.44798933, -30681.56415233])]",Success
1581,"[array([  -64.86725115, 29958.70891911]), array([    45.81456108, -21160.04251723])]",Success
1582,"[array([  -40.24575165, 18627.7647689 ]), array([    80.67197751, -37350.26825973])]",Success
1587,"[array([  -67.14385083, 31300.73706261]), array([    44.41228354, -20705.63100051])]",Success
1588,"[array([  -55.15893486, 25729.01006425]), array([    52.11825857, -24313.97268001])]",Success
1591,"[array([  -52.47349499, 24512.91424039]), array([    55.10253513, -25748.99232079])]",Success
1592,"[array([  -53.89027936, 25190.11533776]), array([    53.62216851, -25072.91866109])]",Success
1594,"[array([  -72.57419392, 34035.82660969]), array([    42.38745344, -19885.72574543])]",Success
1595,"[array([  -64.47167287, 30276.72910032]), array([    45.39721344, -21320.16507586])]",Success
1596,"[array([  -26.62612965, 12498.09922345]), array([   1013.30006612, -475974.08267382])]",Success
1598,[],Success
1600,"[array([  -56.56298081, 26684.9831895 ]), array([    50.50293915, -23831.46845162])]",Success
1603,[],Success
1604,[],Success
1605,[],Success
1607,[],Success
1608,[],Success
1609,[],Success
1610,[],Success
1612,[],Success
1583,"[array([  -54.18629815, 25129.24774651]), array([    53.38234714, -24760.60946641])]",Success
1584,"[array([  -85.66595707, 39770.08575901]), array([    38.63246454, -17935.47474907])]",Success
1585,"[array([  -52.91132643, 24563.94911602]), array([    54.56982099, -25337.96683041])]",Success
1593,"[array([  -56.10814128, 26283.7687155 ]), array([    51.1527214 , -23966.96580412])]",Success
1597,"[array([  -42.8268768 , 20142.76526768]), array([    70.29437631, -33064.83931932])]",Success
1599,"[array([  -40.72706281, 19192.07738965]), array([    76.83011569, -36215.81029496])]",Success
1601,[],Success
1602,[],Success
1606,[],Success
1611,[],Success
1613,[],Success
1614,[],Success
1615,[],Success
1616,[],Success
1617,[],Success
1618,[],Success
1619,[],Success
1620,[],Success
1621,[],Success
1622,[],Success
1623,[],Success
1624,[],Success
1625,[],Success
1627,"[array([  -41.66230897, 19632.80095316]), array([    74.0832225, -34920.4807581])]",Success
1629,[],Success
1586,"[array([ -20.08303337, 9349.23388727])]",Success
1589,"[array([   18.40515005, -8591.91053583])]",Success
1590,"[array([  -34.50081905, 16096.94479891]), array([   118.44017441, -55291.09938655])]",Success
1626,"[array([   20.46026858, -9638.2328724 ])]",Success
1628,"[array([  -56.94222813, 26863.83635558]), array([    50.27306788, -23722.99541119])]",Success
1630,"[array([  -76.23669807, 36004.60006802]), array([    40.52429806, -19139.04715304])]",Success
1631,"[array([  -56.75128003, 26863.83341832]), array([    49.94325394, -23642.6821787 ])]",Success
1632,"[array([  -44.09277273, 20903.18116803]), array([    66.49696561, -31525.59617693])]",Success
1633,"[array([ -1718.1957889, 814682.788733 ]), array([    25.66943106, -12176.24538626])]",Success
1634,"[array([  -57.21167503, 27185.62949953]), array([    49.41008298, -23479.22941726])]",Success
1635,"[array([  -36.89441271, 17552.18187009]), array([    94.06119706, -44768.54325274])]",Success
1636,"[array([  -56.13204264, 26756.93342187]), array([    50.10656913, -23885.16082556])]",Success
1637,"[array([  -51.94206581, 24792.2896909 ]), array([    53.94592216, -25750.36625593])]",Success
1638,"[array([  -58.6213941 , 27995.11339812]), array([    48.19508444, -23016.48548498])]",Success
1643,"[array([  -53.24769125, 25627.76217758]), array([    52.25093644, -25151.45765622])]",Success
1645,"[array([  -529.83712937, 255519.62131096]), array([    26.63836749, -12852.77973523])]",Success
1652,"[array([ -121.61080627, 59084.37626249]), array([    32.70079921, -15888.85074952])]",Success
1653,"[array([  -41.92143759, 20381.40979985]), array([    69.62940623, -33856.42719648])]",Success
1654,"[array([  -80.29430329, 39067.83961577]), array([    38.93236698, -18950.10355236])]",Success
1655,"[array([  -47.31242804, 23047.68687074]), array([    58.7453867 , -28620.52227698])]",Success
1656,"[array([  -46.74423075, 22804.07032965]), array([    59.72259928, -29141.68200876])]",Success
1657,"[array([  -66.96493146, 32716.32324819]), array([    44.04850457, -21534.85170664])]",Success
1658,[],Success
1663,[],Success
1666,[],Success
1639,"[array([  -91.72881356, 43831.37333554]), array([    36.78045918, -17579.13386591])]",Success
1640,"[array([  -36.17914377, 17291.4637823 ]), array([    95.69546496, -45745.70593893])]",Success
1641,"[array([  -58.17995673, 27882.48084439]), array([    48.36838699, -23183.19228887])]",Success
1642,"[array([  -26530.06026776, 12744298.09731773]), array([    25.08752744, -12056.62140035])]",Success
1644,"[array([  -51.79248576, 24966.93242163]), array([    53.51890196, -25800.12501105])]",Success
1646,"[array([  -63.75898067, 30796.87725571]), array([    45.44057713, -21959.09700462])]",Success
1647,"[array([ -119.8726537 , 57934.38707152]), array([    32.90913847, -15905.95356758])]",Success
1649,"[array([  -37.41787637, 18097.43441093]), array([    86.43346319, -41808.12694184])]",Success
1659,[],Success
1660,[],Success
1661,[],Success
1662,[],Success
1664,[],Success
1665,[],Success
1667,[],Success
1668,[],Success
1669,[],Success
1670,[],Success
1671,[],Success
1673,[],Success
1674,[],Success
1675,[],Success
1677,"[array([  -46.76372717, 22813.57931087]), array([    59.68362187, -29122.67783457])]",Success
1678,"[array([  -66.92882044, 32698.68961943]), array([    44.05196404, -21536.57796911])]",Success
1680,"[array([  -46.8695343 , 22944.03620005]), array([    59.49235206, -29131.32935294])]",Success
1648,"[array([  -40.81950149, 19715.55329024]), array([    84.90979637, -41064.18256212])]",Success
1650,"[array([  -59.83971251, 28985.12128718]), array([    46.78281411, -22662.45851471])]",Success
1651,"[array([  -48.94468168, 23752.55826572]), array([    56.63972789, -27489.36809043])]",Success
1672,[],Success
1676,[],Success
1679,"[array([ -186.39781226, 91143.76553646]), array([    29.35974509, -14356.95739841])]",Success
1681,"[array([  -90.53409167, 44397.97222131]), array([    36.31416029, -17812.02752659])]",Success
1682,"[array([  -21.93156118, 10760.52480882])]",Success
1683,"[array([  -50.26772813, 24671.38797284]), array([    54.56590718, -26786.9065793 ])]",Success
1685,"[array([  -48.31828715, 23779.94325604]), array([    56.87902716, -27999.3225435 ])]",Success
1686,"[array([  -57.54027572, 28372.66859226]), array([    47.50600421, -23425.56044489])]",Success
1687,"[array([  -68.5367248 , 33878.69490566]), array([    42.64631854, -21092.81136519])]",Success
1688,"[array([  -48.29300701, 23886.77160943]), array([    56.38534873, -27890.78347392])]",Success
1690,"[array([  -54.36046227, 26946.11265012]), array([    49.88677829, -24732.98100651])]",Success
1692,"[array([  -25.98911376, 12927.36916987]), array([    554.06578705, -275664.63022603])]",Success
1693,"[array([  -43.150111  , 21492.95719596]), array([    65.34778417, -32559.44203895])]",Success
1694,"[array([  -65.94765613, 32921.93620138]), array([    43.25245277, -21603.46176042])]",Success
1695,"[array([  -41.03525291, 20481.03206675]), array([    78.48069485, -39215.81068092])]",Success
1696,"[array([  -28.74734844, 14355.9010683 ]), array([    207.30159635, -103557.08182377])]",Success
1697,"[array([  -82.3302226 , 41176.84487508]), array([    37.78700122, -18907.24864939])]",Success
1698,"[array([  -72.26763984, 36246.09837874]), array([    40.1486888 , -20142.45915986])]",Success
1699,"[array([  -72.26763984, 36279.02554645]), array([    39.93300129, -20048.95633682])]",Success
1710,[],Success
1711,[],Success
1712,[],Success
1684,"[array([  -23.6674378 , 11629.62004877])]",Success
1691,"[array([  -56.54960259, 28083.63662398]), array([    47.95781214, -23817.53772214])]",Success
1700,"[array([  -53.01876831, 26660.3254942 ]), array([    50.29854109, -25294.93011739])]",Success
1701,"[array([  -93.40566575, 46975.66571238]), array([    35.17305711, -17692.46513258])]",Success
1702,"[array([  -43.09838187, 21680.35581012]), array([    63.87890548, -32134.20619785])]",Success
1705,[],Success
1706,"[array([  -62.23187401, 31414.02879608]), array([    43.71319198, -22066.3178251 ])]",Success
1707,[],Success
1708,[],Success
1709,[],Success
1713,[],Success
1714,[],Success
1715,[],Success
1716,[],Success
1717,[],Success
1718,[],Success
1719,[],Success
1720,[],Success
1721,[],Success
1722,[],Success
1723,[],Success
1724,[],Success
1725,[],Success
1726,[],Success
1727,[],Success
1689,"[array([  -59.81243988, 29617.80060436]), array([    45.91236582, -22737.0600234 ])]",Success
1703,"[array([  -49.17949825, 24763.38243193]), array([    54.11536123, -27249.12255919])]",Success
1704,"[array([  -47.42789969, 23888.7598069 ]), array([    56.46012971, -28440.83186371])]",Success
1728,[],Success
1729,[],Success
1730,"[array([  -93.52838286, 47037.4214991 ]), array([    35.08828583, -17649.74696133])]",Success
1731,[],Success
1732,"[array([  -49.25354002, 24800.58734506]), array([    54.06634836, -27224.41837965])]",Success
1733,"[array([  -47.53644413, 23943.37254971]), array([    56.3591362 , -28389.96865247])]",Success
1735,"[array([  -62.17880806, 31387.26882234]), array([    43.73927873, -22079.52097973])]",Success
1736,"[array([  -71.03114273, 35872.18448789]), array([    40.06884975, -20235.95027678])]",Success
1737,"[array([  -40.57325698, 20510.50904272]), array([    70.06604568, -35426.77520499])]",Success
1738,"[array([  -48.19496227, 24387.24549107]), array([    55.15359318, -27911.26689302])]",Success
1739,"[array([  -46.68926924, 23654.817409  ]), array([    57.20860515, -28988.16318257])]",Success
1740,"[array([  -54.0303493 , 27391.76686025]), array([    48.90413021, -24793.39837317])]",Success
1741,"[array([  -57.33587679, 29084.04184685]), array([    46.43689481, -23555.78875338])]",Success
1742,"[array([  -62.60172143, 31778.06254598]), array([    43.55132437, -22112.43730597])]",Success
1744,"[array([  -44.77534963, 22823.81038657]), array([    59.70046617, -30433.60137494])]",Success
1745,"[array([  -62.96355806, 32123.17050972]), array([    43.03037134, -21955.78203968])]",Success
1747,"[array([  -48.37877907, 24745.78064876]), array([    54.83272505, -28055.70827668])]",Success
1750,"[array([  -52.19824202, 26812.43681635]), array([    49.95972092, -25663.92879185])]",Success
1752,"[array([  -59.32716859, 30528.30945699]), array([    44.61155236, -22956.41552554])]",Success
1754,"[array([  -78.82262472, 40653.53536543]), array([    37.20748443, -19190.52667838])]",Success
1756,"[array([  -45.07987438, 23294.10844476]), array([    58.26022445, -30105.19613148])]",Success
1757,"[array([ -128.02684323, 66162.88792414]), array([    30.99923565, -16022.69028536])]",Success
1734,"[array([    23.14569552, -11668.34139105])]",Success
1743,"[array([  -62.4569883, 31722.7980872]), array([    43.48739541, -22091.19606655])]",Success
1748,"[array([  -29.8433784 , 15304.40331934]), array([   152.31635267, -78117.69864398])]",Success
1749,"[array([  -84.98445505, 43597.81751517]), array([    36.25043139, -18602.24550045])]",Success
1753,"[array([  -242.93210267, 125025.03002781]), array([    27.38177012, -14094.28479627])]",Success
1758,"[array([  -53.31954266, 27617.77331916]), array([    48.56428933, -25157.67747231])]",Success
1760,"[array([  -55.17335302, 28669.57065494]), array([    47.04798065, -24450.88065671])]",Success
1761,[],Success
1762,"[array([  -58.13410597, 30260.2109189 ]), array([    44.86534697, -23354.6655034 ])]",Success
1763,"[array([  -29.55515057, 15391.35549645]), array([   151.50416665, -78899.50329629])]",Success
1764,[],Success
1765,[],Success
1766,[],Success
1767,[],Success
1768,[],Success
1769,[],Success
1770,[],Success
1771,[],Success
1772,[],Success
1773,[],Success
1774,[],Success
1775,[],Success
1776,[],Success
1777,[],Success
1779,[],Success
1746,"[array([  -53.96876405, 27583.17550402]), array([    48.60762855, -24843.54630997])]",Success
1751,"[array([  -78.61759764, 40417.2091868 ]), array([    37.4424205 , -19252.07566203])]",Success
1755,"[array([  -47.57168623, 24561.41484069]), array([    54.67951555, -28231.5965187 ])]",Success
1759,"[array([  -62.07840206, 32198.87228986]), array([    42.78938434, -22194.32847934])]",Success
1778,[],Success
1780,[],Success
1781,[],Success
1782,[],Success
1783,"[array([  -55.19438588, 28680.45042765]), array([    47.00294137, -24427.4539487 ])]",Success
1784,"[array([    19.38051626, -10086.55472477])]",Success
1785,"[array([  -58.16491178, 30276.19873058]), array([    44.86135416, -23352.58624142])]",Success
1786,"[array([  -29.53348637, 15380.06575544]), array([   152.36694162, -79348.94818795])]",Success
1787,"[array([  -59.27358827, 30964.06000476]), array([    44.04356906, -23008.4688854 ])]",Success
1788,"[array([  -228.4468361 , 119411.37402312]), array([    27.42844652, -14340.2969881 ])]",Success
1789,"[array([  -40.44274132, 21155.59515175]), array([    66.90659316, -34999.22018151])]",Success
1790,"[array([  -66.20782978, 34679.00622088]), array([    40.63717758, -21286.95659908])]",Success
1791,"[array([  -52.63982805, 27605.81372596]), array([    48.50923867, -25440.30176102])]",Success
1792,"[array([  -43.13968556, 22691.14425317]), array([    60.50894964, -31827.6545536 ])]",Success
1794,"[array([  -95.51489093, 50303.91936116]), array([    33.70365659, -17752.55878891])]",Success
1796,"[array([  -52.00389679, 27443.95372849]), array([    48.84149766, -25776.53471431])]",Success
1798,"[array([  -55.65013287, 29418.10116831]), array([    45.8117141, -24217.8139375])]",Success
1808,"[array([  -58.5005172 , 31344.15566581]), array([    43.50817686, -23311.66006947])]",Success
1809,"[array([  -72.61841658, 38974.66823936]), array([    37.8345451 , -20309.88242445])]",Success
1812,[],Success
1815,[],Success
1793,"[array([  -48.2802582 , 25410.26982629]), array([    52.75624047, -27766.40098303])]",Success
1795,"[array([  -51.13423454, 26932.7211726 ]), array([    49.63028646, -26140.94500839])]",Success
1799,"[array([  -65.96647604, 34906.84398705]), array([    40.88213645, -21641.58250778])]",Success
1800,"[array([  -55.87087529, 29612.20764092]), array([    45.87399751, -24320.12037583])]",Success
1801,"[array([  -52.36932845, 27796.03808901]), array([    48.21779621, -25595.29256853])]",Success
1802,"[array([  -61.23910866, 32550.41524305]), array([    42.29759056, -22482.93661599])]",Success
1803,"[array([  -63.15522595, 33611.74123646]), array([    41.32762124, -21995.03340101])]",Success
1804,"[array([  -49.30384099, 26265.01904938]), array([    50.89589236, -27113.47341153])]",Success
1805,"[array([  -35.95908655, 19204.06158019]), array([    82.24247854, -43937.89994743])]",Success
1807,"[array([  -58.09473326, 31098.55270513]), array([    43.96495562, -23539.38774323])]",Success
1810,"[array([  -48.64660627, 26163.41090587]), array([    51.50280687, -27706.9321199 ])]",Success
1811,"[array([  -77.03749254, 41448.00659323]), array([    36.67701015, -19737.66996377])]",Success
1813,[],Success
1814,[],Success
1816,[],Success
1817,[],Success
1818,[],Success
1819,[],Success
1820,[],Success
1821,"[array([  -72.70151881, 39019.1951341 ]), array([    37.86132967, -20324.28141642])]",Success
1822,"[array([  -48.66700544, 26174.43979075]), array([    51.50026198, -27705.68864031])]",Success
1823,"[array([  -77.58270864, 41741.54644784]), array([    36.49032441, -19637.21052085])]",Success
1825,"[array([  -52.02942354, 28090.31957435]), array([    47.74347486, -25779.08123972])]",Success
1826,"[array([  -39.27831974, 21221.29149943]), array([    67.26611033, -36342.96879608])]",Success
1828,"[array([  -52.33387185, 28375.35452517]), array([    47.2693036 , -25630.73326863])]",Success
1797,"[array([  -66.05716916, 34869.30362766]), array([    40.44747528, -21351.28961637])]",Success
1806,"[array([  -53.2924306 , 28483.86670466]), array([    47.07249238, -25159.91190604])]",Success
1824,"[array([  -52.41239512, 28242.47213145]), array([    47.42548787, -25555.63894469])]",Success
1829,"[array([  -57.07245374, 31025.82447348]), array([    44.14751972, -24006.53484241])]",Success
1830,"[array([  -64.44566377, 35048.70400954]), array([    40.33084965, -21939.14992379])]",Success
1831,"[array([  -43.75781007, 23890.87852779]), array([    57.08633842, -31172.81317016])]",Success
1832,"[array([  -57.75013306, 31544.19063117]), array([    43.18705603, -23590.74221023])]",Success
1833,"[array([  -51.79555616, 28352.03424472]), array([    47.21231474, -25843.55063732])]",Success
1834,"[array([  -53.12649122, 29085.94405058]), array([    46.15827237, -25271.25084337])]",Success
1835,"[array([  -44.24411734, 24258.92666248]), array([    55.8532157 , -30624.96797583])]",Success
1836,"[array([  -66.9325721 , 36743.50090531]), array([    38.84713989, -21326.07592666])]",Success
1837,"[array([  -48.46389761, 26606.47524365]), array([    50.33547089, -27634.36984864])]",Success
1838,"[array([  -58.13392413, 31973.21514488]), array([    42.73520566, -23506.21443973])]",Success
1840,"[array([  -62.74716326, 34599.57174251]), array([    40.381331  , -22268.46386695])]",Success
1843,"[array([  -86.36098143, 47920.78499586]), array([    33.74464409, -18725.02906303])]",Success
1844,[],Success
1845,[],Success
1846,[],Success
1849,[],Success
1850,[],Success
1852,[],Success
1854,[],Success
1855,[],Success
1858,[],Success
1859,[],Success
1827,"[array([  -53.45691631, 28905.1285241 ]), array([    46.47560261, -25130.58387411])]",Success
1839,"[array([  -46.35534814, 25534.52940001]), array([    52.77986334, -29078.24538017])]",Success
1841,"[array([  -54.64405277, 30165.3760276 ]), array([    44.76266891, -24711.90986769])]",Success
1842,"[array([  -39.68311336, 21990.91555604]), array([    64.04876898, -35494.34082837])]",Success
1847,[],Success
1848,[],Success
1851,[],Success
1853,[],Success
1856,[],Success
1857,[],Success
1860,[],Success
1861,[],Success
1862,[],Success
1863,[],Success
1864,[],Success
1865,[],Success
1866,[],Success
1867,[],Success
1868,[],Success
1869,[],Success
1870,"[array([  -39.71033808, 22005.95203181]), array([    64.00941053, -35472.5107208 ])]",Success
1871,"[array([  -86.58845862, 48046.8924364 ]), array([    33.78054616, -18745.01221097])]",Success
1872,"[array([  -56.12692542, 31226.39223627]), array([    43.53817353, -24226.04525322])]",Success
1874,"[array([ -108.36514361, 60433.85751725]), array([    30.97123663, -17273.94575043])]",Success
1878,"[array([  -56.03813933, 31347.3619342 ]), array([    43.32692856, -24237.10190558])]",Success
1873,"[array([  -41.23514672, 22964.54385141]), array([    60.18512223, -33518.50310904])]",Success
1875,"[array([  -51.40252362, 28666.19628261]), array([    47.20135582, -26331.58239646])]",Success
1879,"[array([  -69.66770681, 39010.18999948]), array([    37.35420076, -20918.17429229])]",Success
1880,"[array([  -42.96615736, 24081.79256042]), array([    56.47970685, -31656.361404  ])]",Success
1882,"[array([  -62.02874282, 34849.13710135]), array([    40.06762619, -22511.18758212])]",Success
1885,"[array([  -56.71609586, 31907.03114994]), array([    42.68528469, -24013.97296577])]",Success
1886,"[array([  -47.97358746, 27046.34968155]), array([    49.57594413, -27952.07917345])]",Success
1887,"[array([  -46.91669808, 26470.76563218]), array([    50.54802146, -28519.88642829])]",Success
1888,"[array([  -52.72447018, 29750.42544668]), array([    45.2271771 , -25520.32436852])]",Success
1889,"[array([  -49.61598743, 28021.86620857]), array([    47.81971391, -27009.94834234])]",Success
1890,"[array([  -36.19603154, 20479.29246396]), array([    72.87827844, -41234.24244537])]",Success
1891,"[array([  -53.83511197, 30459.49010231]), array([    44.30893517, -25070.03484694])]",Success
1892,"[array([  -55.80393892, 31593.37879377]), array([    42.98278746, -24336.04755764])]",Success
1894,"[array([  -48.27557163, 27384.19913629]), array([    48.80660292, -27685.71985234])]",Success
1895,"[array([  -65.24946915, 37077.98975649]), array([    38.46068   , -21858.05871887])]",Success
1896,"[array([  -40.45168271, 23002.95129887]), array([    60.22806092, -34249.25065828])]",Success
1897,"[array([  -55.7539764 , 31726.54609754]), array([    42.79362223, -24351.81013193])]",Success
1902,[],Success
1903,[],Success
1904,[],Success
1906,[],Success
1907,[],Success
1908,[],Success
1909,[],Success
1910,[],Success
1876,"[array([  -49.83696452, 27832.45900835]), array([    48.1268726 , -26881.08540968])]",Success
1877,"[array([ -15.61368004, 8718.47197769])]",Success
1881,"[array([  -55.3702902 , 31064.06202113]), array([    43.67442676, -24505.42166566])]",Success
1883,"[array([  -46.93745865, 26379.76332426]), array([    50.72743978, -28510.13858764])]",Success
1884,"[array([  -49.44773645, 27802.74200594]), array([    48.13625425, -27065.99520549])]",Success
1893,"[array([  -60.05958986, 34023.77307999]), array([    40.92912536, -23192.07582724])]",Success
1898,"[array([  -52.28802717, 29780.47713739]), array([    45.46573099, -25901.46646893])]",Success
1899,"[array([  -49.83118422, 28394.26533701]), array([    47.1350042 , -26859.18270235])]",Success
1900,"[array([  -56.33340571, 32158.70925485]), array([    42.39947057, -24207.563371  ])]",Success
1901,"[array([  -48.81436339, 27941.47481139]), array([    47.95422945, -27450.50925839])]",Success
1905,[],Success
1911,[],Success
1912,[],Success
1913,[],Success
1914,"[array([  -56.44804945, 32224.07161207]), array([    42.41683131, -24217.4791668 ])]",Success
1916,"[array([  -54.76460949, 31386.10433607]), array([    43.29198763, -24815.22429137])]",Success
1917,"[array([  -45.619953  , 26214.34906599]), array([    51.28011684, -29468.75777429])]",Success
1919,"[array([  -48.48157151, 27915.19458396]), array([    48.14355259, -27725.83141304])]",Success
1922,"[array([  -54.93187888, 31827.44961126]), array([    42.68158376, -24731.71142075])]",Success
1923,"[array([  -56.58318686, 32812.7695542 ]), array([    41.63115303, -24142.5052218 ])]",Success
1925,"[array([  -55.98362677, 32556.8679649 ]), array([    41.86601654, -24347.81447361])]",Success
1926,"[array([  -46.14101597, 26871.0031194 ]), array([    49.87054887, -29043.49952894])]",Success
1927,"[array([  -58.2628083 , 33941.59384669]), array([    40.5434538 , -23619.33033825])]",Success
1930,"[array([  -58.85274233, 34427.09815172]), array([    40.37169646, -23621.93933669])]",Success
1932,"[array([  -47.30458353, 27729.70629515]), array([    48.25447476, -28288.37060633])]",Success
1915,"[array([  -48.78989131, 27927.4797887 ]), array([    47.89916374, -27418.93932056])]",Success
1918,"[array([ -104.85060043, 60296.85828727]), array([    30.68960431, -17651.29883985])]",Success
1920,"[array([  -55.92024732, 32250.46587841]), array([    42.19658837, -24336.75338621])]",Success
1921,"[array([  -49.25086002, 28449.40032782]), array([    47.13667676, -27232.22986443])]",Success
1924,"[array([  -40.0565399 , 23261.13278154]), array([    59.63863551, -34634.33090275])]",Success
1928,"[array([  -31.05480571, 18130.5537354 ]), array([   100.63576159, -58771.02242898])]",Success
1929,"[array([  -54.04931915, 31573.62760137]), array([    42.87334585, -25045.33879241])]",Success
1931,"[array([  -57.08011504, 33421.07204948]), array([    40.97310901, -23990.81096219])]",Success
1933,"[array([  -74.62959141, 43842.69139034]), array([    34.66151955, -20362.83365144])]",Success
1936,"[array([  -29.92618734, 17626.26907865]), array([   108.27025347, -63771.14558415])]",Success
1937,[],Success
1938,[],Success
1939,[],Success
1940,[],Success
1941,[],Success
1942,[],Success
1943,[],Success
1944,[],Success
1945,[],Success
1946,[],Success
1947,[],Success
1948,"[array([  -74.67937811, 43871.90075154]), array([    34.69874292, -20384.72512824])]",Success
1950,"[array([  -59.27851728, 34905.91146265]), array([    39.75622703, -23412.23064921])]",Success
1951,"[array([  -29.91616308, 17620.38670654]), array([   107.93545801, -63573.8265412 ])]",Success
1952,"[array([  -54.33652898, 32060.2595951 ]), array([    42.63402363, -25162.46428232])]",Success
1934,"[array([  -50.59100723, 29725.17277505]), array([    45.12812851, -26516.37146218])]",Success
1935,"[array([  -59.26196901, 34896.18027076]), array([    39.7315799 , -23397.67661672])]",Success
1949,[],Success
1953,"[array([  -51.14463972, 30204.56867567]), array([    44.67366844, -26388.06944438])]",Success
1954,"[array([  -42.48378273, 25132.21509246]), array([    53.92172423, -31899.70062961])]",Success
1955,"[array([  -44.25887114, 26205.12570309]), array([    51.47603048, -30483.27912342])]",Success
1956,"[array([  -48.49115384, 28774.2294575 ]), array([    46.82397271, -27792.05559699])]",Success
1957,"[array([  -54.2204901 , 32253.07450984]), array([    42.12884098, -25064.02205422])]",Success
1958,"[array([  -53.16746967, 31692.00682782]), array([    42.83067989, -25535.7204388 ])]",Success
1959,"[array([  -25.03150203, 14928.95724167]), array([    258.61350737, -154249.91249227])]",Success
1960,"[array([  -53.95705601, 32311.64910738]), array([    41.98250158, -25142.30039182])]",Success
1961,"[array([  -48.48812412, 29108.43843529]), array([    46.9054257 , -28170.66058656])]",Success
1964,"[array([  -50.11618588, 30229.18180507]), array([    44.59491116, -26904.11416319])]",Success
1967,"[array([  -50.44632544, 30558.1171809 ]), array([    43.9356112 , -26614.98556765])]",Success
1971,"[array([  -39.47486001, 24005.76715351]), array([    57.55347644, -35001.60908478])]",Success
1972,[],Success
1973,[],Success
1974,[],Success
1975,[],Success
1976,[],Success
1977,[],Success
1978,[],Success
1979,[],Success
1980,[],Success
1981,[],Success
1962,"[array([  -82.07936856, 49363.74935726]), array([    32.61693916, -19617.28231822])]",Success
1963,"[array([  -96.6526442 , 58176.82012606]), array([    30.67344278, -18466.78788997])]",Success
1965,"[array([  -39.83161956, 24052.79091171]), array([    57.33631435, -34624.32433389])]",Success
1966,"[array([  -47.54999564, 28743.6381544 ]), array([    46.79821705, -28294.83848362])]",Success
1968,"[array([  -44.26440904, 26837.38690223]), array([    50.01971804, -30327.71314   ])]",Success
1969,"[array([  -58.20252554, 35307.38691348]), array([    39.33997129, -23868.78665259])]",Success
1970,"[array([  -54.75837225, 33265.33875513]), array([    41.02804236, -24925.04268666])]",Success
1982,[],Success
1983,[],Success
1984,[],Success
1985,"[array([  -58.12771109, 35262.04130336]), array([    39.31350806, -23852.70853638])]",Success
1986,"[array([  -54.70918002, 33235.48748359]), array([    40.98917076, -24901.40427784])]",Success
1987,"[array([  -39.42639859, 23976.33086713]), array([    57.54538417, -34996.70813186])]",Success
1988,"[array([  -51.9498109 , 31611.51980754]), array([    42.74052624, -26010.85454449])]",Success
1989,"[array([  -46.08027048, 28116.84759173]), array([    47.81649248, -29182.0715657 ])]",Success
1990,"[array([  -64.20801742, 39231.0545936 ]), array([    36.55456443, -22336.46766865])]",Success
1991,"[array([  -25.67618202, 15704.81349373]), array([    217.29657746, -132977.67185412])]",Success
1994,"[array([  -44.81021514, 27492.90602444]), array([    48.76953769, -29923.72150215])]",Success
2002,"[array([  -57.64882047, 35772.84268053]), array([    38.73579382, -24037.3838731 ])]",Success
2007,"[array([  -49.74040901, 31118.00202083]), array([    43.13002785, -26983.26276436])]",Success
2009,[],Success
2010,[],Success
2011,[],Success
2014,[],Success
2015,[],Success
1992,"[array([ -113.37212737, 69377.59123885]), array([    28.79512928, -17624.0830255 ])]",Success
1993,"[array([  -48.16868096, 29518.91818307]), array([    45.37359309, -27808.32537683])]",Success
1995,"[array([  -52.58881949, 32318.81605489]), array([    41.91112537, -25758.63272864])]",Success
1997,"[array([  -69.44681049, 42791.30897362]), array([    34.72340524, -21396.26202588])]",Success
1998,"[array([  -48.23292411, 29756.65546255]), array([    45.07010941, -27808.31431283])]",Success
1999,"[array([  -340.86001676, 210624.26127168]), array([    23.81326991, -14715.21188492])]",Success
2000,"[array([  -50.05125648, 30979.37299226]), array([    43.3994631 , -26864.09648104])]",Success
2001,"[array([  -39.52364048, 24522.51576103]), array([    56.12261825, -34822.97443731])]",Success
2003,"[array([  -45.41177776, 28233.79037363]), array([    47.39623553, -29468.95362234])]",Success
2004,"[array([  -56.6681601 , 35261.12108458]), array([    39.09295538, -24325.7776791 ])]",Success
2005,"[array([  -49.80539116, 31049.30959312]), array([    43.24475522, -26960.04850235])]",Success
2006,"[array([  -47.06840504, 29366.46054683]), array([    45.55006939, -28419.91827568])]",Success
2008,[],Success
2012,[],Success
2013,[],Success
2016,[],Success
2017,[],Success
2018,[],Success
2019,[],Success
2020,[],Success
2021,[],Success
2022,[],Success
2023,[],Success
2024,[],Success
2026,"[array([  -48.42472513, 30338.99397368]), array([    44.17775209, -27679.3166691 ])]",Success
1996,"[array([  -55.18526625, 33961.25025636]), array([    40.37714045, -24852.05572053])]",Success
2025,"[array([  -49.7678126 , 31135.09311575]), array([    43.14940591, -26995.42513643])]",Success
2027,"[array([  -52.70026861, 33046.00442533]), array([    41.03059   , -25729.72972471])]",Success
2029,"[array([  -48.19395097, 30317.74000478]), array([    44.358766  , -27909.98688039])]",Success
2030,"[array([  -51.27160809, 32321.11959155]), array([    41.7391611 , -26312.77854464])]",Success
2031,"[array([  -47.87473136, 30201.59326933]), array([    44.46826009, -28056.60000485])]",Success
2032,"[array([  -84.20358679, 53165.25089528]), array([    31.17179309, -19682.0736086 ])]",Success
2034,"[array([  -45.71237836, 28946.82640714]), array([    46.26202619, -29296.36334981])]",Success
2038,"[array([  -52.1344223 , 33186.35081682]), array([    40.84711171, -26002.22316745])]",Success
2039,"[array([  -70.22273297, 44805.60613293]), array([    33.62272668, -21453.58659566])]",Success
2040,"[array([  -46.55454463, 29704.53024173]), array([    45.0057633 , -28717.42177714])]",Success
2041,"[array([  -48.19334184, 30799.9869539 ]), array([    43.62091852, -27880.86041576])]",Success
2043,"[array([  -51.63703204, 33085.18182323]), array([    40.92338247, -26221.32083238])]",Success
2045,"[array([  -49.50150217, 31799.55025071]), array([    42.29467073, -27171.07765578])]",Success
2046,"[array([  -46.75937795, 30077.26710088]), array([    44.70447464, -28761.17088151])]",Success
2047,"[array([  -47.97994058, 30897.37795145]), array([    43.40606727, -27952.69390581])]",Success
2049,[],Success
2050,[],Success
2051,[],Success
2052,[],Success
2053,[],Success
2054,[],Success
2056,[],Success
2058,[],Success
2059,[],Success
2028,"[array([  -54.84047955, 34468.38890359]), array([    39.72992682, -24972.2084114 ])]",Success
2033,"[array([  -52.50970112, 33186.35656594]), array([    40.92873072, -25869.9576363 ])]",Success
2035,"[array([  -50.43753598, 31966.06610566]), array([    42.14643418, -26711.88709097])]",Success
2036,"[array([  -49.17124319, 31241.34277646]), array([    42.97896909, -27308.29265742])]",Success
2037,"[array([  -48.86910286, 31079.94702776]), array([    43.14404395, -27439.09143125])]",Success
2042,"[array([  -46.99075513, 30080.14478128]), array([    44.5751295 , -28536.26016833])]",Success
2044,"[array([  -50.61339044, 32453.59532365]), array([    41.51486768, -26620.27200721])]",Success
2048,[],Success
2055,[],Success
2057,[],Success
2060,[],Success
2061,"[array([  -49.52938751, 31817.39855981]), array([    42.26684976, -27153.16377742])]",Success
2062,"[array([  -46.76606447, 30081.55735314]), array([    44.68777171, -28750.42042685])]",Success
2063,"[array([  -47.99264684, 30905.56991068]), array([    43.3721773, -27930.8696038])]",Success
2064,"[array([  -48.96331447, 31580.54408427]), array([    42.48958015, -27405.73856049])]",Success
2065,"[array([  -49.87301539, 32197.97809549]), array([    41.82750603, -27004.53166814])]",Success
2066,"[array([  -51.13809046, 33064.43165863]), array([    40.94719631, -26477.27794112])]",Success
2067,"[array([  -39.12107778, 25350.29453542]), array([    54.04641788, -35022.81305576])]",Success
2068,"[array([  -49.29352828, 31983.76537894]), array([    42.06320448, -27294.72842528])]",Success
2069,"[array([  -62.89174298, 40862.61489178]), array([    35.236873  , -22894.96992868])]",Success
2070,"[array([  -40.3178215 , 26241.47213931]), array([    51.77174806, -33697.3015064 ])]",Success
2073,"[array([  -53.52898796, 34952.80548606]), array([    39.14393693, -25561.38784   ])]",Success
2076,"[array([  -41.22282417, 26973.73094442]), array([    50.03034387, -32739.81070507])]",Success
2082,"[array([  -42.07531464, 27760.400167  ]), array([    48.36191447, -31909.17921585])]",Success
2084,"[array([  -50.94505166, 33695.26057714]), array([    40.20624674, -26593.9580881 ])]",Success
2071,"[array([  -52.72559513, 34338.20291021]), array([    39.63605279, -25814.37140725])]",Success
2072,"[array([  -45.95157814, 29972.52491533]), array([    44.59873482, -29090.84235005])]",Success
2074,"[array([  -44.88888561, 29325.50598047]), array([    45.60999221, -29797.39181551])]",Success
2077,"[array([  -47.67871547, 31267.1936225 ]), array([    42.90183094, -28136.51056213])]",Success
2078,"[array([  -51.89105676, 34078.97488527]), array([    39.81807165, -26151.46159048])]",Success
2079,"[array([  -43.98912086, 28925.85516654]), array([    46.23117595, -30401.18195836])]",Success
2080,"[array([  -48.04320297, 31626.01756544]), array([    42.425429  , -27929.76297282])]",Success
2081,"[array([  -47.056193  , 31014.91140966]), array([    43.1572513 , -28446.03435469])]",Success
2083,"[array([  -48.67359169, 32117.96997859]), array([    41.80361057, -27585.38526349])]",Success
2085,"[array([  -50.2657843 , 33266.61630227]), array([    40.64139297, -26897.77622969])]",Success
2086,"[array([  -92.1368755 , 61042.62151491]), array([    29.12802353, -19298.35904285])]",Success
2087,"[array([  -48.74914426, 32315.19607922]), array([    41.89739605, -27779.80608457])]",Success
2088,"[array([  -52.49708319, 34831.34963607]), array([    39.46658612, -26191.88214225])]",Success
2089,[],Success
2090,[],Success
2091,[],Success
2092,[],Success
2093,[],Success
2094,[],Success
2095,[],Success
2096,[],Success
2097,[],Success
2098,"[array([  -50.89509551, 33662.2612705 ]), array([    40.16257069, -26565.01671658])]",Success
2100,"[array([  -92.14349893, 61046.92861247]), array([    29.12597298, -19297.00796491])]",Success
2101,"[array([  -48.75843896, 32321.34759134]), array([    41.93814376, -27806.86446402])]",Success
2075,"[array([  -52.45675778, 34294.20080553]), array([    39.67471811, -25938.54648265])]",Success
2099,"[array([  -50.20814839, 33228.51412241]), array([    40.63014795, -26890.33361446])]",Success
2102,"[array([  -52.48925201, 34826.14922458]), array([    39.42301924, -26162.9401073 ])]",Success
2103,"[array([  -52.67173882, 34972.97483242]), array([    39.01271895, -25904.36872721])]",Success
2104,"[array([  -54.19477705, 35999.14557615]), array([    38.15238758, -25343.37079146])]",Success
2105,"[array([  -42.96896894, 28614.54589479]), array([    46.91601411, -31246.46253214])]",Success
2106,"[array([  -83.50822546, 55679.16324882]), array([    30.56287435, -20386.43421465])]",Success
2108,"[array([  -46.79940135, 31255.76816676]), array([    42.91062588, -28660.76748094])]",Success
2109,"[array([  -44.44636536, 29715.0949451 ]), array([    45.07111347, -30135.19720052])]",Success
2110,"[array([  -44.22741775, 29608.56230747]), array([    45.16179981, -30235.11007181])]",Success
2112,"[array([  -50.49587066, 33854.2813196 ]), array([    40.00965153, -26826.66500316])]",Success
2114,"[array([  -44.8991915 , 30171.12015621]), array([    44.32242323, -29785.12015766])]",Success
2115,"[array([  -50.90882764, 34231.97995873]), array([    39.61075891, -26636.1322043 ])]",Success
2116,"[array([  -44.48834987, 29928.58035821]), array([    44.66577101, -30048.64730442])]",Success
2118,"[array([  -46.90288372, 31621.3595855 ]), array([    42.45289475, -28623.42096781])]",Success
2120,"[array([  -52.62005915, 35547.71252772]), array([    38.49143742, -26005.06110349])]",Success
2121,"[array([  -53.75847389, 36353.96881139]), array([    37.9042799 , -25636.21841079])]",Success
2122,"[array([  -44.93340531, 30429.72029574]), array([    43.96139457, -29772.34666037])]",Success
2123,"[array([  -51.25046706, 34753.22688279]), array([    39.23652965, -26610.76711656])]",Success
2126,"[array([  -52.78207752, 35868.13748804]), array([    38.23085409, -25982.95231271])]",Success
2130,"[array([  -38.1423694 , 26028.58206211]), array([    52.67571068, -35949.6344666 ])]",Success
2134,[],Success
2135,[],Success
2136,[],Success
2137,[],Success
2107,"[array([  -39.97101895, 26667.18890148]), array([    50.8228793 , -33907.93275584])]",Success
2111,"[array([  -55.83436445, 37403.49687849]), array([    37.06922297, -24833.3509896 ])]",Success
2113,"[array([  -47.71733224, 32045.43674416]), array([    41.88075846, -28126.85551814])]",Success
2117,"[array([  -48.10031903, 32377.90093966]), array([    41.50268491, -27937.50054841])]",Success
2119,"[array([  -45.0877523 , 30426.35132236]), array([    43.9361987 , -29650.53156009])]",Success
2124,"[array([  -28.76500064, 19519.3454096 ]), array([    91.72904723, -62249.02549274])]",Success
2125,"[array([  -51.80236378, 35170.41566591]), array([    38.76183818, -26318.51203624])]",Success
2127,"[array([  -71.44582013, 48577.38199784]), array([    31.82449961, -21639.85944191])]",Success
2128,"[array([  -32.87881768, 22409.60971473]), array([    67.00052782, -45670.88127579])]",Success
2129,"[array([  -52.06032272, 35492.67299408]), array([    38.59227415, -26314.8313807 ])]",Success
2131,[],Success
2132,[],Success
2133,[],Success
2138,[],Success
2139,[],Success
2140,[],Success
2141,[],Success
2142,[],Success
2143,[],Success
2144,"[array([  -71.6497614 , 48715.98227927]), array([    31.78547115, -21613.301979  ])]",Success
2145,"[array([  -32.65118085, 22254.48402212]), array([    67.65780136, -46118.85696581])]",Success
2146,"[array([  -52.01984636, 35465.09886665]), array([    38.61274869, -26328.83881585])]",Success
2147,"[array([  -38.15429767, 26036.72267034]), array([    52.62876423, -35917.57436026])]",Success
2150,"[array([  -44.70615408, 30619.35305067]), array([    43.69310823, -29927.59891603])]",Success
2152,"[array([  -40.91190484, 28053.40765273]), array([    47.99621737, -32912.49937872])]",Success
2148,"[array([ -126.71001386, 86525.92183986]), array([    26.05670085, -17794.49007145])]",Success
2149,"[array([  -44.30420065, 30301.81749963]), array([    44.34850485, -30337.57649457])]",Success
2151,"[array([  -71.07132187, 48704.65840633]), array([    31.70014643, -21724.44053522])]",Success
2153,"[array([  -49.25657111, 33793.61634392]), array([    39.93776036, -27400.8937175 ])]",Success
2154,"[array([  -38.03716096, 26129.04378615]), array([    52.3797784, -35982.9618161])]",Success
2155,"[array([  -69.78471263, 47988.78893546]), array([    31.90301838, -21940.0238465 ])]",Success
2156,"[array([  -47.00391668, 32388.55466457]), array([    41.45851078, -28569.29294599])]",Success
2158,"[array([  -51.84590815, 35830.55371229]), array([    38.12462039, -26348.50626078])]",Success
2160,"[array([  -45.39725776, 31429.45767434]), array([    42.63661371, -29520.36250048])]",Success
2163,"[array([  -63.5967671, 44197.0421332]), array([    33.21004994, -23080.87875369])]",Success
2164,"[array([  -51.32111206, 35706.0598841 ]), array([    38.18006606, -26563.93826673])]",Success
2165,"[array([  -48.0397921 , 33469.20243733]), array([    40.27445584, -28060.78668241])]",Success
2168,"[array([  -37.63007851, 26251.85924325]), array([    52.27143765, -36468.80148093])]",Success
2169,"[array([  -47.54742724, 33235.08076167]), array([    40.50033841, -28310.88881855])]",Success
2170,"[array([  -46.75080973, 32715.93019697]), array([    41.09718557, -28761.04893125])]",Success
2171,[],Success
2172,[],Success
2174,[],Success
2175,[],Success
2176,[],Success
2177,[],Success
2178,[],Success
2179,[],Success
2180,[],Success
2183,[],Success
2157,"[array([  -42.1990073 , 29135.01672855]), array([    46.01931285, -31775.23430696])]",Success
2159,"[array([  -48.90150883, 33831.62710601]), array([    40.04253984, -27707.24057997])]",Success
2161,"[array([  -47.66323582, 33027.94766197]), array([    40.75360699, -28243.20066021])]",Success
2162,"[array([  -48.28901135, 33533.92462554]), array([    40.16028787, -27889.68432312])]",Success
2166,"[array([  -58.33403326, 40656.50129676]), array([    34.88965914, -24318.91975751])]",Success
2167,"[array([  -38.44858688, 26814.9675198 ]), array([    50.74859511, -35394.06719208])]",Success
2173,[],Success
2181,[],Success
2182,[],Success
2184,[],Success
2185,[],Success
2186,[],Success
2187,"[array([  -47.47496393, 33184.46676694]), array([    40.48935709, -28303.21252771])]",Success
2188,"[array([  -46.65026585, 32645.64528738]), array([    41.05054251, -28728.36387263])]",Success
2189,"[array([  -49.36195059, 34616.97436626]), array([    39.16283558, -27466.80603742])]",Success
2191,"[array([  -44.84329367, 31501.71441215]), array([    42.61641151, -29941.57735952])]",Success
2192,"[array([  -56.84033068, 39967.95159087]), array([    35.18251979, -24739.86746521])]",Success
2193,"[array([  -48.90173701, 34407.58873198]), array([    39.32349921, -27670.15287427])]",Success
2194,"[array([  -42.0029315 , 29576.19386884]), array([    45.35446075, -31938.9093192 ])]",Success
2195,"[array([  -37.8967675, 26721.9651097]), array([    51.08980104, -36026.33915668])]",Success
2196,"[array([  -55.90245913, 39452.49245739]), array([    35.5123664 , -25063.95748501])]",Success
2197,"[array([  -49.00865812, 34588.28382007]), array([    39.10172007, -27597.1238368 ])]",Success
2200,"[array([  -56.9867376 , 40450.63873305]), array([    34.90380645, -24777.15630698])]",Success
2202,"[array([  -48.4538743 , 34483.13972356]), array([    39.20795049, -27905.63608223])]",Success
2217,[],Success
2190,"[array([  -60.87212048, 42693.30165823]), array([    33.95427046, -23818.69263074])]",Success
2198,"[array([  -42.36767546, 29979.42293582]), array([    44.66367423, -31607.08438381])]",Success
2199,"[array([  -34.0590373, 24160.335727 ]), array([    59.36003643, -42111.76662576])]",Success
2201,"[array([  -46.45783929, 33016.79515505]), array([    40.68856513, -28918.64111334])]",Success
2203,"[array([  -55.25764259, 39359.40323967]), array([    35.48738579, -25278.20185836])]",Success
2204,"[array([  -46.65126416, 33252.26122135]), array([    40.4513285 , -28834.09929852])]",Success
2206,"[array([  -44.40686778, 31725.10654645]), array([    42.29019801, -30216.28502234])]",Success
2207,"[array([  -48.0526732 , 34390.41680281]), array([    39.24084604, -28086.36582624])]",Success
2209,"[array([  -47.7691984 , 34293.88641629]), array([    39.29610981, -28211.69344685])]",Success
2210,"[array([  -44.42652375, 31936.1347671 ]), array([    41.93692145, -30148.13211508])]",Success
2211,"[array([  -51.73386616, 37195.49080252]), array([    36.92528171, -26549.89370022])]",Success
2212,"[array([  -46.35375075, 33371.39159676]), array([    40.29002658, -29007.54639383])]",Success
2213,[],Success
2214,"[array([  -28.41498238, 20510.24538591]), array([    84.44832188, -60957.34021152])]",Success
2215,[],Success
2216,[],Success
2218,[],Success
2219,[],Success
2220,[],Success
2221,[],Success
2222,[],Success
2223,[],Success
2224,"[array([  -51.72249267, 37187.33467938]), array([    36.87508743, -26513.78112554])]",Success
2225,"[array([  -46.38966123, 33397.19345896]), array([    40.28276124, -29002.33685048])]",Success
2226,"[array([  -60.51922437, 43658.19780529]), array([    33.1924669 , -23947.00635862])]",Success
2205,"[array([  -48.61301211, 34681.16035783]), array([    39.02120703, -27839.82463768])]",Success
2208,"[array([  -44.55345289, 31945.98961676]), array([    41.88969775, -30037.51784022])]",Success
2227,"[array([  -28.38536356, 20488.90714511]), array([    84.4426751 , -60953.26771096])]",Success
2228,"[array([  -37.67128382, 27227.98382436]), array([    50.27228436, -36340.69834294])]",Success
2229,"[array([  -48.51925757, 35104.13646545]), array([    38.71958705, -28018.90043983])]",Success
2231,"[array([  -42.18883177, 30603.11372074]), array([    43.7291948 , -31721.71730394])]",Success
2232,"[array([  -45.38630113, 32950.09954335]), array([    40.75329496, -29589.58875976])]",Success
2233,"[array([  -44.16016561, 32080.61019457]), array([    41.68309636, -30281.40427828])]",Success
2234,"[array([  -50.94600666, 37071.24151066]), array([    36.93258066, -26876.02769434])]",Success
2235,"[array([  -42.83580342, 31229.04630815]), array([    42.87846856, -31263.57056361])]",Success
2243,"[array([ -107.16304898, 78990.85269759]), array([    25.9004348 , -19091.89648871])]",Success
2244,"[array([  -40.21127541, 29662.97739851]), array([    45.55283697, -33610.52276709])]",Success
2245,"[array([  -48.74343774, 36017.8731794 ]), array([    37.68957275, -27851.34043576])]",Success
2248,[],Success
2249,[],Success
2250,[],Success
2251,[],Success
2252,[],Success
2253,[],Success
2254,[],Success
2255,[],Success
2256,[],Success
2257,[],Success
2258,[],Success
2259,[],Success
2230,"[array([  -49.16418024, 35619.95614131]), array([    38.08921031, -27596.67915293])]",Success
2236,"[array([  -44.51911317, 32473.92543315]), array([    41.43405432, -30228.95118157])]",Success
2237,"[array([  -30.33595193, 22159.7398583 ]), array([    70.63444964, -51598.17535172])]",Success
2240,"[array([  -44.92634665, 32947.12525521]), array([    40.78783229, -29915.32390087])]",Success
2241,"[array([  -45.3779206 , 33329.05481955]), array([    40.34067259, -29632.97967383])]",Success
2242,"[array([  -52.35913915, 38529.17774827]), array([    35.8546279 , -26385.59972952])]",Success
2246,"[array([  -47.23701803, 34947.50930275]), array([    38.59200122, -28552.72525546])]",Success
2247,"[array([  -43.2509474 , 32034.68441335]), array([    41.83183494, -30985.77090609])]",Success
2260,"[array([  -48.71048359, 35993.53826484]), array([    37.64113391, -27815.48991138])]",Success
2261,"[array([  -47.16847931, 34896.84007209]), array([    38.60092972, -28559.3609369 ])]",Success
2262,"[array([  -43.21532153, 32008.3279946 ]), array([    41.82083063, -30977.61735748])]",Success
2263,"[array([  -45.88726761, 34033.03260774]), array([    39.50221182, -29297.98509368])]",Success
2264,"[array([  -45.88726761, 34050.92602264]), array([    39.4656018 , -29285.85654425])]",Success
2265,"[array([  -41.74841602, 31027.21557735]), array([    43.14425972, -32065.92335372])]",Success
2266,"[array([  -41.23162514, 30699.35058577]), array([    43.59737412, -32461.54817412])]",Success
2267,"[array([  -42.42376584, 31587.98696013]), array([    42.33934044, -31526.25273133])]",Success
2268,"[array([  -46.51921519, 34671.4818782 ]), array([    39.11551305, -29159.51397139])]",Success
2270,"[array([  -52.13010692, 38969.86009459]), array([    35.49376536, -26534.54900028])]",Success
2276,"[array([  -52.4847265 , 39463.65382402]), array([    35.12037669, -26407.91798559])]",Success
2278,"[array([  -42.23781884, 31819.63320811]), array([    42.02809779, -31662.71560837])]",Success
2279,"[array([  -47.18204513, 35582.0360048 ]), array([    37.99128768, -28652.62274483])]",Success
2281,"[array([  -55.57068188, 42030.76877463]), array([    33.61628689, -25426.6670127 ])]",Success
2285,"[array([  -48.18241938, 36607.86156709]), array([    37.13773143, -28219.09654493])]",Success
2287,[],Success
2291,[],Success
2238,"[array([  -54.66467204, 39967.0962867 ]), array([    35.1607465 , -25712.44668964])]",Success
2239,"[array([  -47.79358423, 34992.73263016]), array([    38.60416193, -28265.58123575])]",Success
2271,"[array([  -38.72929548, 28956.82655725]), array([    46.58556704, -34832.3067482 ])]",Success
2272,"[array([  -43.58655955, 32663.5591357 ]), array([    40.97809749, -30709.73825086])]",Success
2273,"[array([  -45.22455356, 33913.46544346]), array([    39.60843253, -29703.31989453])]",Success
2275,"[array([  -45.79310171, 34412.29084919]), array([    39.04642006, -29342.92521325])]",Success
2280,"[array([  -57.93053276, 43775.05981369]), array([    32.80782693, -24792.52643256])]",Success
2282,"[array([  -37.09586747, 28080.6945042 ]), array([    48.38591409, -36627.85554909])]",Success
2283,"[array([  -71.6486303 , 54290.55992688]), array([    29.35577363, -22244.52184563])]",Success
2284,"[array([  -43.44572649, 32966.62924592]), array([    40.68184696, -30871.82299576])]",Success
2286,"[array([  -33.50385949, 25474.93593459]), array([    55.70659714, -42357.93294841])]",Success
2288,[],Success
2289,[],Success
2290,[],Success
2292,[],Success
2293,[],Success
2294,[],Success
2295,[],Success
2296,[],Success
2297,[],Success
2298,"[array([  -71.54398892, 54211.29174782]), array([    29.29936591, -22201.70307945])]",Success
2299,"[array([  -43.42348524, 32949.7601651 ]), array([    40.67936665, -30869.95662604])]",Success
2300,"[array([  -48.14914241, 36582.59083636]), array([    37.12485888, -28209.33219914])]",Success
2301,"[array([  -33.46248721, 25443.51304542]), array([    55.61761811, -42290.22676584])]",Success
2302,"[array([  -43.09285101, 32822.30244444]), array([    40.79177644, -31070.97497441])]",Success
2269,"[array([  -45.48826246, 33979.09040155]), array([    39.66950247, -29637.00659526])]",Success
2274,"[array([  -44.96756329, 33759.93287017]), array([    39.81634947, -29894.5586202 ])]",Success
2277,"[array([  -49.02219246, 36860.39080165]), array([    36.89475112, -27742.66237571])]",Success
2303,"[array([  -80.1220337 , 61098.57688485]), array([    28.12052623, -21449.8700736 ])]",Success
2304,"[array([  -20.03251488, 15324.30447987]), array([    1554.37476549, -1189089.88225019])]",Success
2307,"[array([  -37.89727125, 29044.89482577]), array([    46.92648689, -35973.39263673])]",Success
2308,"[array([  -65.14496441, 50022.9611309 ]), array([    30.50853031, -23431.19057837])]",Success
2309,"[array([  -48.35116469, 37149.47307242]), array([    36.63351585, -28147.27024811])]",Success
2311,"[array([  -47.06486769, 36275.27102772]), array([    37.52526222, -28928.07538081])]",Success
2314,"[array([  -65.58380442, 50758.28432481]), array([    30.0769499 , -23278.28461424])]",Success
2315,"[array([  -39.71954126, 30782.37303378]), array([    43.52996649, -33736.39969309])]",Success
2316,"[array([  -57.02901347, 44215.35120441]), array([    32.43608225, -25148.70346183])]",Success
2318,"[array([  -31.86659379, 24763.42754227]), array([    59.0455981 , -45890.74519907])]",Success
2320,"[array([  -43.81630122, 34153.44688865]), array([    39.33167701, -30659.21528717])]",Success
2322,[],Success
2323,[],Success
2324,[],Success
2325,[],Success
2326,[],Success
2327,[],Success
2328,[],Success
2329,[],Success
2330,[],Success
2331,[],Success
2332,[],Success
2305,"[array([  -43.945674  , 33623.27748242]), array([    39.96963683, -30585.54493829])]",Success
2306,"[array([  -80.39869477, 61554.27314636]), array([    27.73834677, -21237.38674171])]",Success
2310,"[array([  -40.30039328, 30983.69539274]), array([    43.16712229, -33188.3513537 ])]",Success
2312,"[array([  -51.0056487 , 39351.39096642]), array([    35.05836709, -27048.53022282])]",Success
2313,"[array([  -46.50603494, 35929.18468158]), array([    37.63179605, -29075.08673822])]",Success
2317,"[array([  -44.08156057, 34208.65094602]), array([    39.19740644, -30418.60239374])]",Success
2319,"[array([  -49.736831  , 38708.25815593]), array([    35.5444644 , -27666.63863473])]",Success
2321,"[array([  -40.1860489 , 31368.17932818]), array([    42.66929421, -33307.4620915 ])]",Success
2333,[],Success
2334,"[array([  -43.82835453, 34162.80566976]), array([    39.26407239, -30606.45409253])]",Success
2335,"[array([  -40.15975328, 31347.67310025]), array([    42.65643244, -33297.43839764])]",Success
2336,"[array([  -49.59575637, 38755.10908092]), array([    35.37717776, -27645.0199851 ])]",Success
2337,"[array([  -43.82880796, 34254.93391007]), array([    39.11514371, -30571.56943996])]",Success
2338,"[array([  -45.36329577, 35486.96111935]), array([    38.03858012, -29760.4746524 ])]",Success
2339,"[array([  -47.27714063, 37031.91383574]), array([    36.62725471, -28690.52890156])]",Success
2340,"[array([  -47.15216022, 36979.46136059]), array([    36.74357166, -28818.51208426])]",Success
2341,"[array([  -42.76923532, 33572.1099274 ]), array([    39.88499017, -31308.67107132])]",Success
2342,"[array([  -44.51679548, 34958.83107233]), array([    39.02037681, -30652.22840711])]",Success
2343,"[array([  -38.00267967, 29916.36660222]), array([    44.9836067 , -35412.25068966])]",Success
2344,"[array([  -46.01690432, 36242.66140811]), array([    37.26954683, -29354.48618183])]",Success
2346,"[array([  -41.5770824, 32781.4162016]), array([    40.79802464, -32167.92196948])]",Success
2348,"[array([  -45.1783233 , 35689.24158929]), array([    37.78625761, -29851.14675422])]",Success
2349,"[array([  -53.59644037, 42364.41890996]), array([    33.24445336, -26279.65150714])]",Success
2350,"[array([  -42.51322585, 33622.54605094]), array([    39.81007276, -31485.47741067])]",Success
2366,[],Success
2345,"[array([  -46.58693354, 36692.14076638]), array([    36.93678302, -29092.24395663])]",Success
2347,"[array([  -42.76511227, 33768.95810969]), array([    39.68700918, -31339.17439771])]",Success
2352,"[array([  -50.46037522, 39990.96702981]), array([    34.59898318, -27423.48020033])]",Success
2353,"[array([  -54.52653491, 43223.39362545]), array([    32.75919597, -25968.87592927])]",Success
2354,"[array([  -35.77250195, 28395.32587705]), array([    48.18422284, -38251.76804499])]",Success
2355,"[array([  -43.05396111, 34241.87937142]), array([    39.31906077, -31276.3551206 ])]",Success
2357,"[array([  -43.30893888, 34510.30275188]), array([    38.85966994, -30967.34405912])]",Success
2360,"[array([  -49.29964749, 39385.28713001]), array([    34.8684478 , -27857.18201408])]",Success
2361,"[array([  -63.60263164, 50827.34269914]), array([    29.87071669, -23872.71684791])]",Success
2364,"[array([  -42.99787812, 34446.88504523]), array([    38.98971306, -31239.24704116])]",Success
2365,[],Success
2367,[],Success
2368,[],Success
2369,[],Success
2370,[],Success
2371,[],Success
2372,[],Success
2373,[],Success
2374,[],Success
2375,[],Success
2376,"[array([  -63.4397579 , 50697.24593376]), array([    29.84583445, -23852.78572146])]",Success
2377,"[array([  -41.0269093 , 32814.40444519]), array([    40.71245446, -32563.71289354])]",Success
2378,"[array([  -43.51606549, 34833.00650838]), array([    38.49464341, -30814.32695775])]",Success
2379,"[array([  -42.96566348, 34421.09816236]), array([    39.0031334 , -31250.03506209])]",Success
2380,"[array([  -45.30231202, 36333.47773517]), array([    37.12900278, -29779.66116416])]",Success
2351,"[array([  -38.55452284, 30528.75329172]), array([    43.97432797, -34821.12043911])]",Success
2356,"[array([  -46.32596608, 36878.31664378]), array([    36.71425629, -29227.60883707])]",Success
2358,"[array([  -35.00009322, 27907.92143725]), array([    49.25939045, -39278.65536125])]",Success
2359,"[array([  -41.58880454, 33187.94021031]), array([    40.28788397, -32150.54033581])]",Success
2362,"[array([  -41.00945801, 32800.46194947]), array([    40.76353746, -32604.6294933 ])]",Success
2363,"[array([  -43.54664575, 34857.46448108]), array([    38.5012538 , -30819.61398346])]",Success
2381,"[array([  -44.62762099, 35852.53041251]), array([    37.61353718, -30219.5445469 ])]",Success
2382,"[array([  -38.06839856, 30612.69532784]), array([    43.90936529, -35310.11080463])]",Success
2386,"[array([  -46.54129054, 37567.57544042]), array([    36.13019725, -29165.18985996])]",Success
2387,"[array([  -52.45603734, 42389.20881521]), array([    33.08765432, -26738.77613378])]",Success
2388,"[array([  -37.30403958, 30187.16409446]), array([    44.64253916, -36126.69607995])]",Success
2389,"[array([  -42.74101464, 34625.94052398]), array([    38.72644115, -31374.41643453])]",Success
2390,"[array([  -48.47704154, 39298.13764818]), array([    34.85710416, -28257.71807271])]",Success
2391,"[array([  -41.84527157, 33971.08928766]), array([    39.37902851, -31970.35262783])]",Success
2393,"[array([  -40.02201767, 32537.83150049]), array([    41.15395352, -33460.87067276])]",Success
2394,"[array([  -41.94353677, 34141.56736577]), array([    39.23619865, -31940.23559693])]",Success
2395,"[array([  -49.64916561, 40441.39496752]), array([    34.18330462, -27846.55820873])]",Success
2399,"[array([  -50.72550012, 41480.16926092]), array([    33.51058575, -27404.66751249])]",Success
2405,[],Success
2406,[],Success
2407,[],Success
2408,[],Success
2409,[],Success
2410,[],Success
2411,[],Success
2383,"[array([  -42.08700288, 33886.13318456]), array([    39.48703359, -31793.85138811])]",Success
2384,"[array([  -43.64308959, 35165.61835902]), array([    38.21829435, -30795.25940572])]",Success
2385,"[array([  -45.77666657, 36918.75810741]), array([    36.62953696, -29542.72408667])]",Success
2392,"[array([  -45.58981489, 37034.1467396 ]), array([    36.52087322, -29667.58027713])]",Success
2396,"[array([  -48.50667268, 39552.51526501]), array([    34.75414038, -28341.58126832])]",Success
2397,"[array([  -39.5886171 , 32295.61547067]), array([    41.44307371, -33808.94613844])]",Success
2398,"[array([  -38.8556362 , 31734.93476898]), array([    42.24491287, -34503.47523449])]",Success
2400,"[array([  -39.76720537, 32566.66731825]), array([    41.09277889, -33654.47081499])]",Success
2401,"[array([  -45.57309045, 37375.44416036]), array([    36.19597007, -29686.06642813])]",Success
2402,"[array([  -44.03195112, 36181.868294  ]), array([    37.16028288, -30536.43751784])]",Success
2403,[],Success
2404,[],Success
2412,[],Success
2413,[],Success
2414,"[array([  -45.50920585, 37323.0976335 ]), array([    36.20296607, -29691.80705689])]",Success
2415,"[array([  -43.9519017 , 36116.15603064]), array([    37.21870549, -30584.5218961 ])]",Success
2416,"[array([  -41.96756522, 34510.71313167]), array([    38.78881388, -31897.12679905])]",Success
2417,"[array([  -42.79615819, 35237.26161422]), array([    38.0813272 , -31356.48979331])]",Success
2418,"[array([  -44.5400545 , 36707.12844522]), array([    36.73239736, -30272.88330989])]",Success
2420,"[array([  -45.00373448, 37160.63915292]), array([    36.37565578, -30037.93367664])]",Success
2421,"[array([  -43.53315233, 35984.69850843]), array([    37.37166084, -30891.94875397])]",Success
2424,"[array([  -42.71870101, 35399.84737792]), array([    37.90532625, -31412.23843389])]",Success
2437,"[array([  -43.1833867, 36359.7093298]), array([    36.9764662 , -31134.07379614])]",Success
2439,[],Success
2442,[],Success
2419,"[array([  -42.8107559 , 35315.82366985]), array([    37.98247516, -31333.57870334])]",Success
2422,"[array([  -41.59026474, 34416.90686327]), array([    38.94324692, -32226.84608586])]",Success
2423,"[array([  -44.57411375, 36905.05603916]), array([    36.54673942, -30259.42729192])]",Success
2425,"[array([  -45.84086255, 38043.58652957]), array([    35.66751463, -29601.21048473])]",Success
2426,"[array([  -41.28643716, 34315.52535081]), array([    38.97056351, -32390.95668882])]",Success
2427,"[array([  -43.39051986, 36120.80221548]), array([    37.18042699, -30951.33981199])]",Success
2428,"[array([  -43.5623036 , 36297.96831271]), array([    37.06405942, -30883.67235483])]",Success
2429,"[array([  -43.23476748, 36058.60659838]), array([    37.26997086, -31084.26316326])]",Success
2430,"[array([  -42.35474041, 35358.19879465]), array([    37.92366012, -31659.91627827])]",Success
2431,"[array([  -48.34855242, 40403.04573803]), array([    34.02002292, -28430.0671816 ])]",Success
2433,"[array([  -42.5610668 , 35650.87864628]), array([    37.654777  , -31541.83722531])]",Success
2434,"[array([  -41.44760345, 34747.85885695]), array([    38.50692976, -32282.76014103])]",Success
2436,"[array([  -43.92531687, 36906.99757942]), array([    36.55704423, -30716.18802818])]",Success
2438,[],Success
2440,[],Success
2441,[],Success
2443,[],Success
2444,[],Success
2445,[],Success
2446,[],Success
2447,[],Success
2448,[],Success
2449,"[array([  -43.86831324, 36859.13936428]), array([    36.51544561, -30681.20230258])]",Success
2450,"[array([  -43.17138749, 36349.60181411]), array([    36.97675406, -31134.33654419])]",Success
2451,"[array([  -42.41830751, 35764.94221761]), array([    37.58988304, -31697.2837239 ])]",Success
2432,"[array([  -44.1027959 , 36912.40869116]), array([    36.52513369, -30571.01011386])]",Success
2435,"[array([  -42.57448528, 35737.67320302]), array([    37.52125198, -31496.36671934])]",Success
2452,"[array([  -54.8097717 , 46266.19993604]), array([    31.0276157 , -26191.33572544])]",Success
2453,"[array([  -42.90485354, 36255.61715506]), array([    37.11768725, -31368.29780526])]",Success
2454,"[array([  -42.85876885, 36246.00825095]), array([    37.08319126, -31361.83643149])]",Success
2456,"[array([  -37.88848444, 32088.50466828]), array([    41.82443404, -35425.03482125])]",Success
2458,"[array([  -53.19646096, 45125.28432522]), array([    31.52226999, -26741.79327483])]",Success
2459,"[array([  -80.95503805, 68733.38668399]), array([    25.79655358, -21902.32805937])]",Success
2460,"[array([  -60.60177056, 51508.41271693]), array([    29.21156512, -24829.44146017])]",Success
2461,"[array([  -44.63605746, 37974.82520936]), array([    35.64490891, -30325.86343466])]",Success
2462,"[array([  -40.93273541, 34849.13126569]), array([    38.40407222, -32696.60275279])]",Success
2463,"[array([  -42.40097174, 36159.54910202]), array([    37.17019766, -31700.4447547 ])]",Success
2465,"[array([  -42.71927223, 36521.14008957]), array([    36.78603998, -31449.23812839])]",Success
2467,"[array([  -43.10564943, 36930.46960396]), array([    36.42229644, -31204.98024749])]",Success
2468,"[array([  -44.74158745, 38377.16216264]), array([    35.27625606, -30258.52036938])]",Success
2472,"[array([  -43.29391916, 37293.50427286]), array([    36.18360397, -31171.51777364])]",Success
2473,"[array([  -40.46656117, 34913.74255636]), array([    38.30418328, -33049.15898158])]",Success
2474,[],Success
2475,[],Success
2476,[],Success
2477,[],Success
2478,[],Success
2479,[],Success
2480,"[array([  -40.46421291, 34911.69580597]), array([    38.28499877, -33032.59173829])]",Success
2481,"[array([  -43.28167977, 37439.34419105]), array([    36.0087765 , -31148.78008602])]",Success
2455,"[array([  -50.71079597, 42919.17689983]), array([    32.53770256, -27539.62540041])]",Success
2457,"[array([  -44.58465955, 37783.52781701]), array([    35.77978962, -30324.2139896 ])]",Success
2464,"[array([ -10.45808874, 8917.99427888])]",Success
2466,"[array([  -44.35788058, 37972.60515598]), array([    35.60565303, -30480.62829135])]",Success
2469,"[array([  -41.19597537, 35367.2586173 ]), array([    37.92707866, -32564.55038857])]",Success
2470,"[array([  -46.18361383, 39695.24654074]), array([    34.34781323, -29522.51554911])]",Success
2471,"[array([  -45.84650861, 39428.91622812]), array([    34.6049127 , -29765.02224575])]",Success
2482,"[array([  -46.13822546, 39958.85168922]), array([    34.17349917, -29598.26762974])]",Success
2483,"[array([  -41.5487159 , 36054.93427735]), array([    37.3347703 , -32402.74331992])]",Success
2485,"[array([  -34.16147673, 29684.22239231]), array([    45.96053987, -39937.11426726])]",Success
2486,"[array([  -40.20434246, 35011.2563047 ]), array([    38.17657737, -33245.67595041])]",Success
2487,"[array([  -38.58828556, 33624.14068194]), array([    39.79782737, -34678.82988955])]",Success
2488,"[array([  -44.95081145, 39198.69949888]), array([    34.65370927, -30219.69556439])]",Success
2489,"[array([  -44.34268323, 38682.77441629]), array([    35.02400714, -30553.82179199])]",Success
2491,"[array([  -41.35755786, 36180.57334088]), array([    37.06573582, -32426.33454863])]",Success
2493,"[array([  -41.63529744, 36456.38377191]), array([    36.96994867, -32376.54685039])]",Success
2502,"[array([  -41.99048694, 37107.80512258]), array([    36.24029097, -32027.29077833])]",Success
2505,[],Success
2506,[],Success
2507,[],Success
2508,[],Success
2509,[],Success
2510,[],Success
2511,[],Success
2512,[],Success
2484,"[array([  -61.54403542, 53456.29146967]), array([    28.56285908, -24812.39851989])]",Success
2490,"[array([  -44.56225492, 38923.51631577]), array([    34.84389082, -30435.72617815])]",Success
2492,"[array([  -40.36577353, 35325.37831114]), array([    37.91109812, -33177.52510632])]",Success
2494,"[array([  -44.16666088, 38753.03179414]), array([    34.92430531, -30644.08294339])]",Success
2495,"[array([  -41.70874707, 36628.92422277]), array([    36.6413292 , -32178.98106029])]",Success
2496,"[array([  -46.17929593, 40585.70804561]), array([    33.7112831 , -29628.86235622])]",Success
2497,"[array([  -38.81804183, 34147.62384364]), array([    39.16705519, -34455.03753525])]",Success
2498,"[array([  -41.48806587, 36524.75064872]), array([    36.74435074, -32349.17881992])]",Success
2499,"[array([  -40.67035503, 35839.02299959]), array([    37.44624856, -32999.74128155])]",Success
2500,"[array([  -43.8722894 , 38701.64988064]), array([    34.94911189, -30830.40723948])]",Success
2501,"[array([  -43.90556213, 38763.10644091]), array([    34.9053132 , -30818.25466462])]",Success
2503,"[array([  -47.24709027, 41783.10124563]), array([    32.91851338, -29111.66409172])]",Success
2504,"[array([  -40.87836023, 36186.50116882]), array([    37.02222481, -32775.03459159])]",Success
2513,[],Success
2514,[],Success
2515,[],Success
2516,[],Success
2517,[],Success
2518,[],Success
2519,"[array([  -41.94930089, 37071.45271179]), array([    36.21476467, -32004.70869714])]",Success
2520,"[array([  -47.21036742, 41750.63458721]), array([    32.91308281, -29106.87149987])]",Success
2522,"[array([  -49.79841986, 44153.60233427]), array([    31.6604588 , -28072.51489732])]",Success
2525,"[array([  -51.15490203, 45430.77099801]), array([    31.06853986, -27592.30198946])]",Success
2526,"[array([  -36.48442404, 32436.92484152]), array([    41.36969229, -36780.83802376])]",Success
2529,"[array([  -47.49913783, 42355.64191753]), array([    32.6083771 , -29077.75292372])]",Success
2521,"[array([  -40.86718935, 36176.60095418]), array([    37.03020954, -32782.1029524 ])]",Success
2523,"[array([  -32.34415642, 28688.59001712]), array([    48.37560786, -42908.58358425])]",Success
2524,"[array([  -39.37549477, 34951.11551402]), array([    38.253796  , -33955.80014203])]",Success
2527,"[array([  -37.83175942, 33675.13213602]), array([    39.7233474, -35359.3182107])]",Success
2528,"[array([  -43.57822177, 38826.45386602]), array([    34.83916924, -31040.94550399])]",Success
2530,"[array([  -41.9356557 , 37436.89643123]), array([    35.92823737, -32074.78160437])]",Success
2531,"[array([  -47.0064726 , 42017.06516716]), array([    32.72251922, -29249.82448337])]",Success
2532,"[array([  -38.27312527, 34286.40629216]), array([    39.00323509, -34940.78454158])]",Success
2533,"[array([  -39.84330477, 35697.74593898]), array([    37.46115926, -33563.85470029])]",Success
2534,"[array([  -41.86123077, 37536.01797228]), array([    35.8369208 , -32134.40291909])]",Success
2535,"[array([  -40.31158597, 36165.39366156]), array([    37.39889913, -33560.37594157])]",Success
2536,"[array([  -41.46015595, 37257.62896186]), array([    36.06069378, -32406.88755091])]",Success
2538,"[array([  -46.67195938, 41996.26699848]), array([    32.71767423, -29440.81505742])]",Success
2540,"[array([  -43.41248925, 39158.92029681]), array([    34.57494679, -31188.24393131])]",Success
2542,"[array([  -49.52924377, 44767.91418996]), array([    31.29639109, -28288.24330995])]",Success
2543,"[array([  -45.2425022 , 40914.14310078]), array([    33.40443816, -30211.43905465])]",Success
2545,"[array([  -40.44802059, 36649.56641357]), array([    36.60037028, -33165.3394829 ])]",Success
2547,[],Success
2548,[],Success
2549,[],Success
2550,[],Success
2551,[],Success
2552,[],Success
2553,[],Success
2554,[],Success
2537,"[array([  -46.52039916, 41836.71991869]), array([    32.81244073, -29509.08331115])]",Success
2539,"[array([  -40.26790674, 36283.03535007]), array([    36.92824241, -33275.44904112])]",Success
2541,"[array([  -42.39882268, 38283.47518676]), array([    35.19102282, -31776.95129573])]",Success
2544,"[array([  -39.94659885, 36160.3165398 ]), array([    37.00766203, -33500.48192092])]",Success
2546,"[array([  -42.10098234, 38187.36764004]), array([    35.30202097, -32021.48330335])]",Success
2555,[],Success
2556,[],Success
2557,[],Success
2558,"[array([  -39.99054919, 36200.06739604]), array([    36.98363326, -33478.68670559])]",Success
2559,"[array([  -40.39334131, 36600.07143607]), array([    36.61502752, -33178.65896219])]",Success
2560,"[array([  -41.998793  , 38094.77160514]), array([    35.29440276, -32014.58926301])]",Success
2561,"[array([  -41.4937429 , 37681.11320338]), array([    35.65388279, -32377.82873746])]",Success
2562,"[array([  -43.18755123, 39243.83072793]), array([    34.48038364, -31333.44349398])]",Success
2563,"[array([  -39.22539057, 35698.70723683]), array([    37.5049787 , -34133.84201631])]",Success
2564,"[array([  -40.46278459, 36849.27924302]), array([    36.4050219 , -33155.19635466])]",Success
2565,"[array([  -41.52671579, 37880.39461628]), array([    35.50668405, -32389.66682467])]",Success
2566,"[array([  -40.67778035, 37139.96923576]), array([    36.09436848, -32955.57733149])]",Success
2572,"[array([  -40.85369055, 37633.35405176]), array([    35.64237248, -32833.37166428])]",Success
2574,"[array([  -47.25191885, 43659.29167207]), array([    31.72348743, -29312.01164324])]",Success
2578,"[array([  -39.53002989, 36668.57846888]), array([    36.50670064, -33864.47164758])]",Success
2579,"[array([  -40.408475  , 37513.48176229]), array([    35.76944043, -33207.24629537])]",Success
2581,[],Success
2582,[],Success
2583,[],Success
2584,[],Success
2567,"[array([  -40.72087122, 37228.42264394]), array([    36.06050884, -32969.32360364])]",Success
2569,"[array([  -38.93099556, 35726.96267774]), array([    37.4482721 , -34367.01366606])]",Success
2570,"[array([  -44.16307455, 40584.34643873]), array([    33.50834678, -30793.48793611])]",Success
2571,"[array([  -40.53640552, 37300.5672367 ]), array([    35.9689232 , -33098.40173415])]",Success
2573,"[array([  -42.12965109, 38885.634845  ]), array([    34.74452605, -32072.33308627])]",Success
2575,"[array([  -41.73231698, 38585.94304761]), array([    34.9422325 , -32310.16680615])]",Success
2576,"[array([  -45.27640232, 41917.48479706]), array([    32.63303464, -30212.33467227])]",Success
2577,"[array([  -37.24491575, 34508.74322693]), array([    38.79521174, -35946.76458309])]",Success
2580,"[array([  -41.82476328, 38876.51941707]), array([    34.68505064, -32240.4705425 ])]",Success
2585,[],Success
2586,[],Success
2587,[],Success
2588,[],Success
2589,"[array([  -40.41264718, 37517.35594421]), array([    35.73305042, -33173.42092322])]",Success
2590,"[array([  -41.89357115, 38940.39982953]), array([    34.65382086, -32211.41928351])]",Success
2591,"[array([  -40.32870368, 37580.85300289]), array([    35.7045478, -33272.8848513])]",Success
2592,"[array([  -41.23426749, 38531.71194955]), array([    34.93722204, -32649.14765454])]",Success
2593,"[array([  -39.891555  , 37306.08536529]), array([    35.89485856, -33569.28357622])]",Success
2595,"[array([  -30.57710174, 28641.2521436 ]), array([    49.06558186, -45960.06113151])]",Success
2596,"[array([  -39.66964721, 37171.380365  ]), array([    36.0530412 , -33783.35306992])]",Success
2597,"[array([  -40.06094844, 37579.85815642]), array([    35.68929273, -33479.3227781 ])]",Success
2598,"[array([  -43.70704859, 41032.07700381]), array([    33.13337832, -31106.00731977])]",Success
2599,"[array([  -39.49127076, 37116.32348467]), array([    36.10630469, -33935.13670982])]",Success
2613,[],Success
2615,[],Success
2568,"[array([  -42.87593332, 39275.4106938 ]), array([    34.44700209, -31557.05431588])]",Success
2594,"[array([  -46.42635741, 43446.64312589]), array([    31.77971578, -29740.43192048])]",Success
2602,"[array([  -41.88339028, 39565.66115127]), array([    34.13420706, -32246.0296589 ])]",Success
2603,"[array([  -46.06662779, 43538.18469224]), array([    31.67562933, -29937.40269784])]",Success
2604,"[array([  -40.19203126, 38024.84538204]), array([    35.24762481, -33347.65662115])]",Success
2605,"[array([  -40.27763729, 38148.50196479]), array([    35.37951489, -33515.05812127])]",Success
2606,"[array([  -39.23290114, 37185.54701018]), array([    36.05084332, -34170.61927476])]",Success
2607,"[array([  -41.26207725, 39157.12777542]), array([    34.38506437, -32632.20824336])]",Success
2608,"[array([  -42.02831063, 39919.32822128]), array([    33.84768614, -32150.19241586])]",Success
2609,"[array([  -39.83936081, 37884.41952866]), array([    35.38938949, -33653.22027746])]",Success
2610,"[array([  -44.38573493, 42235.48451422]), array([    32.44345279, -30875.09869132])]",Success
2611,[],Success
2612,[],Success
2614,[],Success
2616,[],Success
2617,[],Success
2618,[],Success
2619,[],Success
2620,[],Success
2621,"[array([  -42.08915236, 39977.03773966]), array([    33.82321504, -32126.91214817])]",Success
2622,"[array([  -39.76427142, 37813.06195964]), array([    35.41530931, -33677.90190591])]",Success
2623,"[array([  -44.43402631, 42281.35715613]), array([    32.44784565, -30879.29714182])]",Success
2625,"[array([  -34.89739725, 33292.33233054]), array([    40.37591338, -38520.30375101])]",Success
2626,"[array([  -44.91578881, 42924.67056999]), array([    31.95710591, -30540.86387433])]",Success
2627,"[array([  -39.5675442 , 37859.83791405]), array([    35.42415042, -33896.75297094])]",Success
2600,"[array([  -40.5905995 , 38178.01542263]), array([    35.20113271, -33109.40606725])]",Success
2601,"[array([  -42.20713018, 39752.59676023]), array([    34.10792412, -32128.86032082])]",Success
2624,"[array([  -44.07229981, 41992.21549648]), array([    32.5386477 , -31004.58257756])]",Success
2628,"[array([  -40.47940784, 38749.19956789]), array([    34.77702601, -33294.8764731 ])]",Success
2630,"[array([  -37.8903735 , 36337.19082827]), array([    36.81204098, -35303.47379637])]",Success
2631,"[array([  -40.59682875, 38962.22519298]), array([    34.54094822, -33151.49093107])]",Success
2634,"[array([  -38.94052581, 37469.34964256]), array([    35.74502465, -34394.74081452])]",Success
2635,"[array([  -46.23199568, 44492.24138533]), array([    31.12877514, -29957.69253225])]",Success
2636,"[array([  -40.23882747, 38780.05980362]), array([    34.65010143, -33394.26025349])]",Success
2639,"[array([  -40.88811069, 39534.49424787]), array([    34.06721346, -32939.58459707])]",Success
2640,"[array([  -40.84342423, 39522.44540195]), array([    34.06721346, -32966.35309921])]",Success
2642,"[array([  -40.78482123, 39526.80491662]), array([    34.05551162, -33005.66208008])]",Success
2643,"[array([  -39.43614605, 38256.43170091]), array([    35.06669512, -34018.19559706])]",Success
2646,"[array([  -44.55654094, 43361.52340828]), array([    31.65134742, -30802.88141526])]",Success
2647,"[array([  -44.55654094, 43368.54599805]), array([    31.64960248, -30806.09644263])]",Success
2648,"[array([  -40.1300561 , 39114.31898208]), array([    34.44153943, -33570.93157635])]",Success
2649,[],Success
2650,[],Success
2651,[],Success
2652,[],Success
2653,[],Success
2654,[],Success
2655,[],Success
2656,[],Success
2657,[],Success
2629,"[array([  -43.63303613, 41828.85267375]), array([    32.60157347, -31253.91379035])]",Success
2632,"[array([  -40.33733048, 38768.25252494]), array([    34.69757409, -33348.51562803])]",Success
2633,"[array([  -51.90218838, 49898.73639837]), array([    28.89235159, -27777.36321732])]",Success
2637,"[array([  -41.32275486, 39890.18312519]), array([    33.81292328, -32641.49913621])]",Success
2638,"[array([  -39.71491304, 38380.95779883]), array([    34.99225952, -33817.41585424])]",Success
2641,"[array([  -38.31681667, 37102.81634583]), array([    36.09555193, -34952.38053136])]",Success
2644,"[array([  -40.5935112 , 39419.66134731]), array([    34.13713922, -33150.58911288])]",Success
2645,"[array([  -40.30253437, 39184.04053665]), array([    34.34375943, -33391.114617  ])]",Success
2658,"[array([  -40.33801998, 39218.4853934 ]), array([    34.31464054, -33362.7893419 ])]",Success
2659,"[array([  -44.56646158, 43371.14596308]), array([    31.65933331, -30810.68058031])]",Success
2660,"[array([  -44.55781406, 43369.76710539]), array([    31.6323892, -30789.3344791])]",Success
2661,"[array([  -40.06447487, 39050.47293283]), array([    34.40383937, -33534.14483426])]",Success
2662,"[array([  -37.30536799, 36402.36122368]), array([    36.7155598 , -35827.32023658])]",Success
2663,"[array([  -46.83993301, 45754.77544833]), array([    30.44595645, -29741.06308496])]",Success
2665,"[array([  -41.38198146, 40500.11657885]), array([    33.35097697, -32640.54405782])]",Success
2666,"[array([  -38.65348604, 37870.62540049]), array([    35.37401964, -34658.37713514])]",Success
2668,"[array([  -40.0058478 , 39281.03664164]), array([    34.20629277, -33587.19317891])]",Success
2669,"[array([  -38.61611008, 37946.92939037]), array([    35.30300244, -34691.801288  ])]",Success
2672,"[array([  -49.94329435, 49165.85421184]), array([    29.02586754, -28574.37623753])]",Success
2674,"[array([  -40.67172823, 40117.26796215]), array([    33.57911077, -33122.09978169])]",Success
2675,"[array([  -37.60997046, 37118.2003764 ]), array([    36.03372413, -35563.54740669])]",Success
2679,"[array([  -41.19255897, 40814.00683379]), array([    33.07216204, -32768.54093451])]",Success
2681,"[array([  -39.87391323, 39592.03461806]), array([    33.99388916, -33754.91206063])]",Success
2682,"[array([  -40.48668468, 40222.89238876]), array([    33.49988169, -33281.76665489])]",Success
2692,[],Success
2664,"[array([  -39.44701102, 38580.80966142]), array([    34.82142343, -34059.07593955])]",Success
2667,"[array([  -44.50220142, 43637.67245016]), array([    31.44218302, -30832.54947918])]",Success
2670,"[array([  -51.86673608, 50984.00518796]), array([    28.39942451, -27916.54829643])]",Success
2673,"[array([  -40.98336779, 40367.96450805]), array([    33.46110408, -32960.07587662])]",Success
2676,"[array([  -38.36494571, 37889.30537873]), array([    35.35449064, -34916.85914056])]",Success
2677,"[array([  -42.2233631, 41734.8185033]), array([    32.52239676, -32146.59341553])]",Success
2678,"[array([  -42.05132585, 41601.78301835]), array([    32.5869939 , -32238.97438728])]",Success
2680,"[array([  -39.3347257 , 39028.07690654]), array([    34.38580867, -34118.15248052])]",Success
2683,"[array([  -45.25566839, 44989.75333332]), array([    30.76177626, -30581.4700252 ])]",Success
2684,"[array([  -28.3620785, 28249.3815034]), array([    51.13828301, -50935.70379506])]",Success
2685,"[array([  -38.97537215, 38849.23609387]), array([    34.49804727, -34386.93995989])]",Success
2686,"[array([  -40.86245358, 40782.42857354]), array([    33.10846492, -33043.94351537])]",Success
2687,[],Success
2688,[],Success
2689,[],Success
2690,[],Success
2691,[],Success
2693,[],Success
2694,[],Success
2695,[],Success
2696,[],Success
2697,[],Success
2698,[],Success
2699,[],Success
2700,[],Success
2671,"[array([  -37.29390691, 36689.21485778]), array([    36.48556607, -35895.60368934])]",Success
2701,"[array([  -39.00798739, 38881.67617826]), array([    34.51337764, -34402.23983206])]",Success
2702,"[array([  -40.88830386, 40808.18381341]), array([    33.11292499, -33048.42051263])]",Success
2703,"[array([  -34.39440285, 34371.81046953]), array([    39.04130621, -39017.62451106])]",Success
2704,"[array([-3.66383489e+01,  3.66730431e+04]), array([ 3.66383489e+01, -3.66780035e+04])]",Success
2705,"[array([-1.21039562e+02,  1.21189782e+05]), array([ 2.08380610e+01, -2.08646447e+04])]",Success
2706,"[array([-5.08668339e+01,  5.09421330e+04]), array([ 2.83204535e+01, -2.83631640e+04])]",Success
2707,"[array([-3.84837222e+01,  3.85664783e+04]), array([ 3.47301016e+01, -3.48059729e+04])]",Success
2708,"[array([-4.07366573e+01,  4.09015448e+04]), array([ 3.30297222e+01, -3.31638362e+04])]",Success
2709,"[array([-3.76803613e+01,  3.78508955e+04]), array([ 3.53548617e+01, -3.55166921e+04])]",Success
2710,"[array([-3.78749913e+01,  3.80587937e+04]), array([ 3.51514780e+01, -3.53228625e+04])]",Success
2712,"[array([-4.72915701e+01,  4.75660488e+04]), array([ 2.95334141e+01, -2.97055676e+04])]",Success
2713,"[array([-3.94390984e+01,  3.96887593e+04]), array([ 3.38622203e+01, -3.40772803e+04])]",Success
2714,"[array([-4.15465814e+01,  4.18539532e+04]), array([ 3.23916268e+01, -3.26316370e+04])]",Success
2716,"[array([-3.24454234e+01,  3.27177501e+04]), array([ 4.19334772e+01, -4.22953266e+04])]",Success
2718,"[array([-3.77621145e+01,  3.81353305e+04]), array([ 3.51140508e+01, -3.54612640e+04])]",Success
2720,"[array([-3.90275138e+01,  3.94655797e+04]), array([ 3.40445041e+01, -3.44269846e+04])]",Success
2721,"[array([-3.92530109e+01,  3.97394723e+04]), array([ 3.38012038e+01, -3.42201943e+04])]",Success
2722,"[array([-3.85077005e+01,  3.89966397e+04]), array([ 3.44065034e+01, -3.48435578e+04])]",Success
2724,"[array([-3.66764297e+01,  3.71851920e+04]), array([ 3.59537415e+01, -3.64528916e+04])]",Success
2725,"[array([-4.09114883e+01,  4.15066962e+04]), array([ 3.25830782e+01, -3.30576862e+04])]",Success
2726,"[array([-3.91844966e+01,  3.97802353e+04]), array([ 3.37784873e+01, -3.42923316e+04])]",Success
2728,"[array([-4.28178008e+01,  4.35193912e+04]), array([ 3.13678128e+01, -3.18826047e+04])]",Success
2729,"[array([-3.62746811e+01,  3.69093263e+04]), array([ 3.65291128e+01, -3.71756368e+04])]",Success
2731,"[array([-4.05238184e+01,  4.13100059e+04]), array([ 3.27000355e+01, -3.33346545e+04])]",Success
2711,"[array([-3.86206184e+01,  3.88365603e+04]), array([ 3.45437953e+01, -3.47373832e+04])]",Success
2715,"[array([-4.27672423e+01,  4.31185375e+04]), array([ 3.16588677e+01, -3.19191316e+04])]",Success
2717,"[array([-2.66038769e+01,  2.68400624e+04]), array([ 5.64972595e+01, -5.69998272e+04])]",Success
2723,"[array([-3.99838994e+01,  4.05294648e+04]), array([ 3.32168336e+01, -3.36702866e+04])]",Success
2730,"[array([-4.02829332e+01,  4.10001818e+04]), array([ 3.29025763e+01, -3.34888326e+04])]",Success
2732,"[array([-3.84698128e+01,  3.92253535e+04]), array([ 3.42395852e+01, -3.49125687e+04])]",Success
2733,"[array([-3.98587667e+01,  4.06590402e+04]), array([ 3.31133545e+01, -3.37788550e+04])]",Success
2734,"[array([-3.97459415e+01,  4.05786090e+04]), array([ 3.31555329e+01, -3.38505041e+04])]",Success
2735,"[array([-4.16709824e+01,  4.25550478e+04]), array([ 3.18758456e+01, -3.25535859e+04])]",Success
2736,[],Success
2737,[],Success
2738,[],Success
2739,[],Success
2740,[],Success
2741,[],Success
2742,[],Success
2743,[],Success
2744,[],Success
2745,[],Success
2746,[],Success
2747,[],Success
2748,[],Success
2749,[],Success
2750,[],Success
2751,"[array([-4.05461977e+01,  4.13327638e+04]), array([ 3.26830681e+01, -3.33173463e+04])]",Success
2719,"[array([-3.85868496e+01,  3.89956776e+04]), array([ 3.44084243e+01, -3.47744851e+04])]",Success
2727,"[array([-3.40941741e+01,  3.46312471e+04]), array([ 3.87680832e+01, -3.93803448e+04])]",Success
2752,"[array([-3.84023862e+01,  3.91566696e+04]), array([ 3.42232692e+01, -3.48959322e+04])]",Success
2753,"[array([-3.98109794e+01,  4.06103422e+04]), array([ 3.31200135e+01, -3.37856726e+04])]",Success
2754,"[array([-3.97025030e+01,  4.05342989e+04]), array([ 3.32307835e+01, -3.39274280e+04])]",Success
2755,"[array([-4.16480310e+01,  4.25316032e+04]), array([ 3.19155810e+01, -3.25942267e+04])]",Success
2756,"[array([-3.59643365e+01,  3.67537283e+04]), array([ 3.63972072e+01, -3.71974371e+04])]",Success
2757,"[array([-4.27283816e+01,  4.36888590e+04]), array([ 3.12727551e+01, -3.19761514e+04])]",Success
2758,"[array([-4.86278766e+01,  4.97400020e+04]), array([ 2.85866004e+01, -2.92414739e+04])]",Success
2759,"[array([-3.69413401e+01,  3.78320025e+04]), array([ 3.53916058e+01, -3.62451510e+04])]",Success
2760,"[array([-3.58816973e+01,  3.67569449e+04]), array([ 3.63490941e+01, -3.72360418e+04])]",Success
2761,"[array([-3.83347907e+01,  3.92934050e+04]), array([ 3.41475631e+01, -3.50034133e+04])]",Success
2763,"[array([-4.04609212e+01,  4.15073439e+04]), array([ 3.25430749e+01, -3.33851199e+04])]",Success
2764,"[array([-3.95086748e+01,  4.05671439e+04]), array([ 3.31771564e+01, -3.40666760e+04])]",Success
2765,"[array([-2.25372824e+01,  2.31703994e+04]), array([ 8.32584204e+01, -8.55988662e+04])]",Success
2767,"[array([-4.14386875e+01,  4.26302073e+04]), array([ 3.18534854e+01, -3.27698686e+04])]",Success
2772,"[array([-3.86589831e+01,  3.99379312e+04]), array([ 3.36869983e+01, -3.48043412e+04])]",Success
2774,"[array([-3.73693536e+01,  3.86901600e+04]), array([ 3.45773904e+01, -3.57997530e+04])]",Success
2776,"[array([-4.26699712e+01,  4.42312036e+04]), array([ 3.09065031e+01, -3.20382244e+04])]",Success
2777,"[array([-3.85285759e+01,  4.00282246e+04]), array([ 3.35155642e+01, -3.48207501e+04])]",Success
2778,"[array([-4.43576225e+01,  4.61001579e+04]), array([ 3.00022854e+01, -3.11811070e+04])]",Success
2779,"[array([-3.56703729e+01,  3.70731846e+04]), array([ 3.60988459e+01, -3.75191727e+04])]",Success
2780,"[array([-3.95725900e+01,  4.11696512e+04]), array([ 3.27435327e+01, -3.40656768e+04])]",Success
2782,"[array([-4.06295520e+01,  4.23761997e+04]), array([ 3.19903461e+01, -3.33666071e+04])]",Success
2790,[],Success
2762,"[array([-3.46918521e+01,  3.55859045e+04]), array([ 3.76850160e+01, -3.86583533e+04])]",Success
2766,"[array([-4.32705052e+01,  4.44912605e+04]), array([ 3.08495851e+01, -3.17204829e+04])]",Success
2773,"[array([-4.07705525e+01,  4.21465935e+04]), array([ 3.21662596e+01, -3.32537780e+04])]",Success
2775,"[array([-4.26195934e+01,  4.41431588e+04]), array([ 3.09860907e+01, -3.20946844e+04])]",Success
2781,"[array([-3.47190873e+01,  3.61813513e+04]), array([ 3.70355504e+01, -3.85963822e+04])]",Success
2783,"[array([-1.86727527e+01,  1.94814631e+04]), array([ 2.24744444e+02, -2.34507918e+05])]",Success
2784,[],Success
2785,[],Success
2788,[],Success
2789,[],Success
2791,[],Success
2792,[],Success
2793,[],Success
2794,[],Success
2795,[],Success
2796,[],Success
2797,[],Success
2798,[],Success
2799,[],Success
2800,[],Success
2801,[],Success
2802,[],Success
2803,[],Success
2804,[],Success
2805,"[array([-3.46879541e+01,  3.61489135e+04]), array([ 3.69864892e+01, -3.85451994e+04])]",Success
2768,"[array([-4.92593922e+01,  5.07149204e+04]), array([ 2.82415392e+01, -2.90764576e+04])]",Success
2769,"[array([-4.17322757e+01,  4.30044492e+04]), array([ 3.16275201e+01, -3.25918733e+04])]",Success
2770,"[array([-4.13035194e+01,  4.25677590e+04]), array([ 3.18783110e+01, -3.28545127e+04])]",Success
2771,"[array([-2.22932120e+01,  2.29902482e+04]), array([ 9.49655722e+01, -9.79849496e+04])]",Success
2786,"[array([-3.62559484e+01,  3.78388095e+04]), array([ 3.53045108e+01, -3.68463363e+04])]",Success
2787,"[array([-1.25569382e+01,  1.31196321e+04])]",Success
2806,"[array([-4.06163530e+01,  4.23624437e+04]), array([ 3.19842236e+01, -3.33602372e+04])]",Success
2807,"[array([-1.87524861e+01,  1.95646396e+04]), array([ 2.16182523e+02, -2.25574087e+05])]",Success
2809,"[array([-4.66055829e+02,  4.86374884e+05]), array([ 1.80514582e+01, -1.88471581e+04])]",Success
2810,"[array([-3.62727705e+01,  3.78563393e+04]), array([ 3.53211603e+01, -3.68637415e+04])]",Success
2811,[],Success
2812,"[array([-3.67194868e+01,  3.83705848e+04]), array([ 3.49317805e+01, -3.65052980e+04])]",Success
2813,"[array([-3.88256911e+01,  4.06166549e+04]), array([ 3.30949618e+01, -3.46225768e+04])]",Success
2814,"[array([-3.83689183e+01,  4.01769993e+04]), array([ 3.34342391e+01, -3.50101517e+04])]",Success
2815,"[array([-3.93671949e+01,  4.12531792e+04]), array([ 3.26625816e+01, -3.42277032e+04])]",Success
2816,"[array([-3.64096594e+01,  3.81547981e+04]), array([ 3.50571990e+01, -3.67382858e+04])]",Success
2817,"[array([-3.52987348e+01,  3.69975557e+04]), array([ 3.61527364e+01, -3.78933063e+04])]",Success
2818,"[array([-3.72801607e+01,  3.91014730e+04]), array([ 3.42535956e+01, -3.59273309e+04])]",Success
2823,"[array([-3.77943441e+01,  3.97444995e+04]), array([ 3.37373241e+01, -3.54793193e+04])]",Success
2824,"[array([-2.28647340e+01,  2.40461793e+04]), array([ 7.87451389e+01, -8.28389685e+04])]",Success
2825,"[array([-3.87928058e+01,  4.08586804e+04]), array([ 3.30007002e+01, -3.47617393e+04])]",Success
2826,"[array([-3.20266187e+01,  3.37402391e+04]), array([ 4.00960355e+01, -4.22427912e+04])]",Success
2828,"[array([-4.73784943e+01,  4.99806456e+04]), array([ 2.83669811e+01, -2.99259341e+04])]",Success
2829,"[array([-3.69151323e+01,  3.89685409e+04]), array([ 3.44280685e+01, -3.63462045e+04])]",Success
2830,"[array([-3.53003884e+01,  3.72866162e+04]), array([ 3.59389884e+01, -3.79634682e+04])]",Success
2808,"[array([ 1.36449806e+01, -1.42402144e+04])]",Success
2819,"[array([-3.91146705e+01,  4.10498131e+04]), array([ 3.27804558e+01, -3.44033018e+04])]",Success
2820,"[array([-3.82788870e+01,  4.01953031e+04]), array([ 3.34226103e+01, -3.50962249e+04])]",Success
2821,"[array([-5.22289186e+01,  5.48477398e+04]), array([ 2.68583495e+01, -2.82055977e+04])]",Success
2822,"[array([-4.77084397e+01,  5.01313568e+04]), array([ 2.83233503e+01, -2.97630678e+04])]",Success
2831,"[array([-4.44744055e+01,  4.70150998e+04]), array([ 2.95148327e+01, -3.12018178e+04])]",Success
2832,"[array([-3.12794213e+01,  3.30875767e+04]), array([ 4.11173038e+01, -4.34947510e+04])]",Success
2833,"[array([-4.03730992e+01,  4.27212123e+04]), array([ 3.16961099e+01, -3.35409824e+04])]",Success
2834,"[array([-3.67936286e+01,  3.89999586e+04]), array([ 3.43501633e+01, -3.64117433e+04])]",Success
2835,"[array([-4.01912384e+01,  4.26608375e+04]), array([ 3.17242842e+01, -3.36743148e+04])]",Success
2836,"[array([-3.88650674e+01,  4.12736767e+04]), array([ 3.25827688e+01, -3.46023738e+04])]",Success
2839,"[array([-3.81207605e+01,  4.05661699e+04]), array([ 3.31253820e+01, -3.52504572e+04])]",Success
2842,"[array([-3.76774958e+01,  4.01252494e+04]), array([ 3.34361267e+01, -3.56095522e+04])]",Success
2843,"[array([-2.91579953e+01,  3.10872161e+04]), array([ 4.48754034e+01, -4.78452856e+04])]",Success
2848,[],Success
2849,[],Success
2850,[],Success
2851,[],Success
2852,[],Success
2853,[],Success
2854,[],Success
2855,[],Success
2856,[],Success
2857,[],Success
2858,[],Success
2827,"[array([-3.93646991e+01,  4.14986858e+04]), array([ 3.25000104e+01, -3.42631948e+04])]",Success
2837,"[array([-3.77973606e+01,  4.02034451e+04]), array([ 3.34675221e+01, -3.56019875e+04])]",Success
2838,"[array([-2.00241073e+02,  2.13057005e+05]), array([ 2.00466316e+01, -2.13496589e+04])]",Success
2840,"[array([-4.05493869e+01,  4.31627536e+04]), array([ 3.14311385e+01, -3.34570781e+04])]",Success
2841,"[array([-4.11580959e+01,  4.38317051e+04]), array([ 3.10478319e+01, -3.30652763e+04])]",Success
2844,"[array([-3.68089569e+01,  3.92846474e+04]), array([ 3.41091136e+01, -3.64046986e+04])]",Success
2845,"[array([-4.95564260e+01,  5.29219181e+04]), array([ 2.73279180e+01, -2.91851017e+04])]",Success
2846,"[array([-3.47281387e+01,  3.71026107e+04]), array([ 3.60259870e+01, -3.84902467e+04])]",Success
2847,"[array([-3.71860712e+01,  3.97567132e+04]), array([ 3.37594276e+01, -3.60960353e+04])]",Success
2859,[],Success
2860,[],Success
2861,[],Success
2862,[],Success
2863,[],Success
2864,[],Success
2865,[],Success
2866,"[array([-3.67613976e+01,  3.92339101e+04]), array([ 3.41272738e+01, -3.64241063e+04])]",Success
2867,"[array([-4.95329132e+01,  5.28967782e+04]), array([ 2.73355395e+01, -2.91932610e+04])]",Success
2868,"[array([-3.47310856e+01,  3.71057659e+04]), array([ 3.60584657e+01, -3.85250002e+04])]",Success
2869,"[array([-3.71643466e+01,  3.97335128e+04]), array([ 3.37276904e+01, -3.60620665e+04])]",Success
2870,"[array([-3.75114082e+01,  4.01660219e+04]), array([ 3.34102552e+01, -3.57754785e+04])]",Success
2872,"[array([-4.19506281e+01,  4.49460926e+04]), array([ 3.04538494e+01, -3.26293427e+04])]",Success
2874,"[array([-3.65330727e+01,  3.92184194e+04]), array([ 3.41397693e+01, -3.66499350e+04])]",Success
2876,"[array([-9.57455454e+01,  1.02951332e+05]), array([ 2.10742723e+01, -2.26628206e+04])]",Success
2881,"[array([-3.19299560e+01,  3.44909746e+04]), array([ 3.91867642e+01, -4.23319826e+04])]",Success
2871,"[array([-3.27013660e+01,  3.50175487e+04]), array([ 3.84055046e+01, -4.11267458e+04])]",Success
2873,"[array([-4.12538772e+01,  4.42429206e+04]), array([ 3.07880804e+01, -3.30192538e+04])]",Success
2875,"[array([-3.66843484e+01,  3.94211943e+04]), array([ 3.40087145e+01, -3.65471490e+04])]",Success
2877,"[array([-3.8776935e+01,  4.1738064e+04]), array([ 3.22728729e+01, -3.47386509e+04])]",Success
2878,"[array([-3.92063584e+01,  4.22298754e+04]), array([ 3.19813384e+01, -3.44496032e+04])]",Success
2879,"[array([-3.97663718e+01,  4.28638203e+04]), array([ 3.16000633e+01, -3.40631803e+04])]",Success
2880,"[array([-4.32108329e+01,  4.66525595e+04]), array([ 2.96034014e+01, -3.19629821e+04])]",Success
2883,"[array([-3.77794711e+01,  4.08608080e+04]), array([ 3.30129023e+01, -3.57103593e+04])]",Success
2884,"[array([-4.54470459e+01,  4.91781711e+04]), array([ 2.85237114e+01, -3.08656516e+04])]",Success
2885,"[array([-3.58501063e+01,  3.88169488e+04]), array([ 3.44847214e+01, -3.73409172e+04])]",Success
2886,"[array([-3.67984802e+01,  3.98735991e+04]), array([ 3.35773002e+01, -3.63836117e+04])]",Success
2887,"[array([-4.52866327e+01,  4.90968574e+04]), array([ 2.85885631e+01, -3.09964210e+04])]",Success
2888,"[array([-3.87121877e+01,  4.19921743e+04]), array([ 3.20899026e+01, -3.48088466e+04])]",Success
2889,"[array([-3.93163913e+01,  4.26997992e+04]), array([ 3.16862560e+01, -3.44154025e+04])]",Success
2891,"[array([-4.3113451e+01,  4.6859748e+04]), array([ 2.94380659e+01, -3.19965585e+04])]",Success
2894,"[array([-3.55395942e+01,  3.87199008e+04]), array([ 3.45639975e+01, -3.76570963e+04])]",Success
2895,"[array([-2.58091343e+01,  2.81280347e+04]), array([ 5.36610007e+01, -5.84868503e+04])]",Success
2898,"[array([-4.22446089e+01,  4.60946556e+04]), array([ 2.99414882e+01, -3.26741096e+04])]",Success
2901,"[array([-2.98278398e+01,  3.25892366e+04]), array([ 4.21269320e+01, -4.60278056e+04])]",Success
2902,[],Success
2904,[],Success
2905,[],Success
2906,[],Success
2907,[],Success
2909,[],Success
2882,"[array([-5.85020579e+01,  6.32430040e+04]), array([ 2.48315130e+01, -2.68444312e+04])]",Success
2890,"[array([-2.23916209e+01,  2.43260308e+04]), array([ 7.56798347e+01, -8.22204169e+04])]",Success
2892,"[array([-3.43062286e+01,  3.73307512e+04]), array([ 3.58402469e+01, -3.90013302e+04])]",Success
2893,"[array([-2.95023242e+01,  3.21372982e+04]), array([ 4.29942408e+01, -4.68361959e+04])]",Success
2896,"[array([-1.31060511e+02,  1.42863696e+05]), array([ 1.95095855e+01, -2.12670605e+04])]",Success
2897,"[array([-3.36183242e+01,  3.66645071e+04]), array([ 3.65449824e+01, -3.98585591e+04])]",Success
2899,"[array([-2.85183465e+01,  3.11403828e+04]), array([ 4.49407408e+01, -4.90734276e+04])]",Success
2900,"[array([-4.16151513e+01,  4.54660987e+04]), array([ 3.01296503e+01, -3.29192518e+04])]",Success
2903,[],Success
2908,[],Success
2910,[],Success
2911,[],Success
2912,[],Success
2913,[],Success
2914,[],Success
2915,[],Success
2916,[],Success
2917,[],Success
2918,[],Success
2919,"[array([-1.31347696e+02,  1.43176535e+05]), array([ 1.95044260e+01, -2.12614305e+04])]",Success
2921,"[array([-4.21839402e+01,  4.60284688e+04]), array([ 2.99045714e+01, -3.26337804e+04])]",Success
2922,"[array([-2.85078715e+01,  3.11289418e+04]), array([ 4.50102139e+01, -4.91493704e+04])]",Success
2923,"[array([-4.14126897e+01,  4.52449441e+04]), array([ 3.02133966e+01, -3.30107509e+04])]",Success
2924,"[array([-2.99425272e+01,  3.27145357e+04]), array([ 4.19450022e+01, -4.58290679e+04])]",Success
2929,"[array([-3.61978991e+01,  3.96569603e+04]), array([ 3.37591571e+01, -3.69867583e+04])]",Success
2920,"[array([-3.35889146e+01,  3.66324500e+04]), array([ 3.65707988e+01, -3.98867606e+04])]",Success
2925,"[array([ 1.51021394e+01, -1.65086575e+04])]",Success
2926,"[array([-3.41641839e+01,  3.73509412e+04]), array([ 3.59126069e+01, -3.92663782e+04])]",Success
2927,"[array([-4.45689507e+01,  4.87792610e+04]), array([ 2.86566701e+01, -3.13653308e+04])]",Success
2928,"[array([-5.06875205e+01,  5.54956357e+04]), array([ 2.64323769e+01, -2.89405362e+04])]",Success
2930,"[array([-3.54658890e+01,  3.88708381e+04]), array([ 3.43880041e+01, -3.76896180e+04])]",Success
2931,"[array([-3.34269293e+01,  3.66869484e+04]), array([ 3.64878760e+01, -4.00467278e+04])]",Success
2932,"[array([-4.13599776e+01,  4.53959996e+04]), array([ 3.03832619e+01, -3.33551954e+04])]",Success
2933,"[array([-3.72679798e+01,  4.09486577e+04]), array([ 3.27400944e+01, -3.59735437e+04])]",Success
2934,"[array([-3.62649079e+01,  3.98620632e+04]), array([ 3.36198666e+01, -3.69548282e+04])]",Success
2935,"[array([-4.70226859e+01,  5.16977462e+04]), array([ 2.75841740e+01, -3.03280521e+04])]",Success
2936,"[array([-3.79013880e+01,  4.17026184e+04]), array([ 3.22475898e+01, -3.54825099e+04])]",Success
2937,"[array([-2.69304973e+01,  2.96547072e+04]), array([ 4.88279589e+01, -5.37686707e+04])]",Success
2938,"[array([-4.55261984e+01,  5.01448313e+04]), array([ 2.80750975e+01, -3.09241337e+04])]",Success
2939,"[array([-3.67632795e+01,  4.05415483e+04]), array([ 3.30487649e+01, -3.64455373e+04])]",Success
2940,"[array([-3.87641045e+01,  4.27605678e+04]), array([ 3.15570598e+01, -3.48121584e+04])]",Success
2942,"[array([-3.63086420e+01,  4.00904552e+04]), array([ 3.34275548e+01, -3.69105501e+04])]",Success
2944,"[array([-4.04642174e+01,  4.47385648e+04]), array([ 3.04186582e+01, -3.36322712e+04])]",Success
2946,"[array([-3.70314100e+01,  4.09892496e+04]), array([ 3.27278534e+01, -3.62260387e+04])]",Success
2948,"[array([-4.80034471e+01,  5.32151830e+04]), array([ 2.72857749e+01, -3.02554387e+04])]",Success
2949,"[array([-3.73246054e+01,  4.13883740e+04]), array([ 3.24335558e+01, -3.59658749e+04])]",Success
2950,"[array([-3.86651713e+01,  4.29146347e+04]), array([ 3.14481375e+01, -3.49045740e+04])]",Success
2954,"[array([-3.86525954e+01,  4.30047659e+04]), array([ 3.13813151e+01, -3.49152204e+04])]",Success
2963,[],Success
2964,[],Success
2941,"[array([-3.96881070e+01,  4.37967712e+04]), array([ 3.09426746e+01, -3.41463472e+04])]",Success
2943,"[array([-3.39912961e+01,  3.75616546e+04]), array([ 3.56198292e+01, -3.93619232e+04])]",Success
2945,"[array([-3.70314100e+01,  4.09568109e+04]), array([ 3.27585550e+01, -3.62314888e+04])]",Success
2947,"[array([-3.88192503e+01,  4.30102023e+04]), array([ 3.14117966e+01, -3.48036545e+04])]",Success
2951,"[array([-4.06954312e+01,  4.51837871e+04]), array([ 3.01695368e+01, -3.34970166e+04])]",Success
2952,"[array([-3.69448988e+01,  4.10389297e+04]), array([ 3.26860211e+01, -3.63091170e+04])]",Success
2953,"[array([-3.6291347e+01,  4.0343597e+04]), array([ 3.31836199e+01, -3.68900052e+04])]",Success
2955,"[array([-3.76101845e+01,  4.18492095e+04]), array([ 3.21333097e+01, -3.57557600e+04])]",Success
2956,"[array([-3.73683184e+01,  4.16152178e+04]), array([ 3.22483973e+01, -3.59136150e+04])]",Success
2957,"[array([-3.97998185e+01,  4.43381118e+04]), array([ 3.06155099e+01, -3.41071357e+04])]",Success
2958,"[array([-4.10520624e+01,  4.57693874e+04]), array([ 2.98786445e+01, -3.33121912e+04])]",Success
2959,"[array([-3.79251371e+01,  4.23016548e+04]), array([ 3.17805562e+01, -3.54479536e+04])]",Success
2960,"[array([-3.94158708e+01,  4.39861246e+04]), array([ 3.08678381e+01, -3.44481100e+04])]",Success
2961,"[array([-3.77669641e+01,  4.21671868e+04]), array([ 3.18845591e+01, -3.55998947e+04])]",Success
2962,[],Success
2965,[],Success
2966,[],Success
2967,[],Success
2968,[],Success
2969,[],Success
2970,[],Success
2971,[],Success
2972,[],Success
2973,[],Success
2975,[],Success
2974,[],Success
2976,"[array([-3.73673555e+01,  4.16141175e+04]), array([ 3.22196648e+01, -3.58815734e+04])]",Success
2977,"[array([-3.98433293e+01,  4.43865445e+04]), array([ 3.06167654e+01, -3.41085409e+04])]",Success
2978,"[array([-4.10442671e+01,  4.57607019e+04]), array([ 2.98807602e+01, -3.33145607e+04])]",Success
2979,"[array([-3.79096740e+01,  4.22844166e+04]), array([ 3.17961935e+01, -3.54654180e+04])]",Success
2980,"[array([-3.93115386e+01,  4.38697981e+04]), array([ 3.08360953e+01, -3.44126509e+04])]",Success
2981,"[array([-3.7775855e+01,  4.2177126e+04]), array([ 3.19327707e+01, -3.56537940e+04])]",Success
2982,"[array([-3.51325118e+01,  3.92638978e+04]), array([ 3.40637112e+01, -3.80705741e+04])]",Success
2983,"[array([-4.13225258e+01,  4.62039006e+04]), array([ 2.96674544e+01, -3.31723474e+04])]",Success
2984,"[array([-3.87398680e+01,  4.33267475e+04]), array([ 3.12148576e+01, -3.49124402e+04])]",Success
2985,"[array([-3.41769685e+01,  3.82474373e+04]), array([ 3.50046650e+01, -3.91747607e+04])]",Success
2986,"[array([-3.96452835e+01,  4.44008074e+04]), array([ 3.05635445e+01, -3.42312101e+04])]",Success
2987,"[array([-4.08593911e+01,  4.57728364e+04]), array([ 2.98790896e+01, -3.34727187e+04])]",Success
2988,"[array([-4.09789020e+01,  4.59603677e+04]), array([ 2.97580696e+01, -3.33765003e+04])]",Success
2989,"[array([-3.97115132e+01,  4.45715722e+04]), array([ 3.04373583e+01, -3.41628798e+04])]",Success
2990,"[array([-4.16684508e+01,  4.67822181e+04]), array([ 2.93549120e+01, -3.29576821e+04])]",Success
2991,"[array([-3.69085118e+01,  4.14695412e+04]), array([ 3.23898062e+01, -3.63934405e+04])]",Success
2992,"[array([-3.35071142e+01,  3.76734531e+04]), array([ 3.55347242e+01, -3.99540638e+04])]",Success
2996,"[array([-3.54174496e+01,  3.99317146e+04]), array([ 3.35298918e+01, -3.78043584e+04])]",Success
2999,"[array([-3.57726158e+01,  4.04168618e+04]), array([ 3.31342140e+01, -3.74366994e+04])]",Success
3000,"[array([-3.28822428e+01,  3.71562406e+04]), array([ 3.60710318e+01, -4.07602972e+04])]",Success
3002,"[array([-3.58875299e+01,  4.06063487e+04]), array([ 3.30083012e+01, -3.73487926e+04])]",Success
3005,"[array([-3.52202153e+01,  3.99261236e+04]), array([ 3.35430622e+01, -3.80250030e+04])]",Success
3007,"[array([-1.07861909e+02,  1.22376272e+05]), array([ 1.97685057e+01, -2.24289166e+04])]",Success
3008,"[array([-3.07080169e+01,  3.48722711e+04]), array([ 3.88691565e+01, -4.41417803e+04])]",Success
2993,"[array([-4.40233242e+01,  4.95217087e+04]), array([ 2.82136450e+01, -3.17385579e+04])]",Success
2994,"[array([-3.16984045e+01,  3.56815158e+04]), array([ 3.77411287e+01, -4.24844555e+04])]",Success
2995,"[array([-3.56697337e+01,  4.01785885e+04]), array([ 3.33352372e+01, -3.75505568e+04])]",Success
2997,"[array([-4.91517732e+01,  5.54333414e+04]), array([ 2.62939577e+01, -2.96547069e+04])]",Success
3001,"[array([-3.22186634e+01,  3.64249879e+04]), array([ 3.68556779e+01, -4.16678348e+04])]",Success
3006,"[array([-4.70884188e+01,  5.34006103e+04]), array([ 2.68605533e+01, -3.04626997e+04])]",Success
3010,"[array([-3.80724717e+01,  4.32741250e+04]), array([ 3.11877571e+01, -3.54504013e+04])]",Success
3011,"[array([-4.13097717e+01,  4.69723274e+04]), array([ 2.92567085e+01, -3.32678078e+04])]",Success
3012,"[array([-4.71869485e+01,  5.36797035e+04]), array([ 2.67828736e+01, -3.04688332e+04])]",Success
3013,"[array([-4.85142888e+01,  5.52064361e+04]), array([ 2.63449046e+01, -2.99806319e+04])]",Success
3014,"[array([-3.68916143e+01,  4.20150542e+04]), array([ 3.22190748e+01, -3.67003051e+04])]",Success
3016,"[array([-3.35208736e+01,  3.82110427e+04]), array([ 3.50903074e+01, -4.00045646e+04])]",Success
3017,[],Success
3018,[],Success
3019,[],Success
3020,[],Success
3021,[],Success
3022,[],Success
3023,[],Success
3024,[],Success
3025,[],Success
3027,[],Success
3028,[],Success
3029,[],Success
3030,[],Success
2998,"[array([-3.95790840e+01,  4.46551236e+04]), array([ 3.04240277e+01, -3.43269391e+04])]",Success
3003,"[array([ 1.19957276e+01, -1.35827619e+04])]",Success
3004,"[array([-3.33910061e+01,  3.78087890e+04]), array([ 3.55552380e+01, -4.02637264e+04])]",Success
3009,"[array([-3.23381124e+01,  3.67434548e+04]), array([ 3.65904199e+01, -4.15781371e+04])]",Success
3015,"[array([-5.32603680e+01,  6.06812798e+04]), array([ 2.49958372e+01, -2.84793674e+04])]",Success
3026,[],Success
3031,[],Success
3032,[],Success
3033,[],Success
3034,"[array([-4.71958819e+01,  5.36898629e+04]), array([ 2.67423595e+01, -3.04226910e+04])]",Success
3035,"[array([-4.83890362e+01,  5.50639966e+04]), array([ 2.63116630e+01, -2.99427386e+04])]",Success
3036,"[array([-3.68764174e+01,  4.19977369e+04]), array([ 3.22071254e+01, -3.66866616e+04])]",Success
3037,"[array([-5.31349836e+01,  6.05385070e+04]), array([ 2.49980646e+01, -2.84819104e+04])]",Success
3038,"[array([-3.35589370e+01,  3.82543744e+04]), array([ 3.51303406e+01, -4.00502696e+04])]",Success
3039,"[array([-3.42196837e+01,  3.90552851e+04]), array([ 3.42880547e+01, -3.91349222e+04])]",Success
3040,"[array([-4.18948092e+01,  4.78704057e+04]), array([ 2.87851080e+01, -3.28909067e+04])]",Success
3041,"[array([-3.68548321e+01,  4.21374167e+04]), array([ 3.18883352e+01, -3.64598063e+04])]",Success
3042,"[array([-4.09449269e+01,  4.68432714e+04]), array([ 2.92513629e+01, -3.34659784e+04])]",Success
3043,"[array([-3.22988009e+01,  3.70070598e+04]), array([ 3.62593304e+01, -4.15462506e+04])]",Success
3047,"[array([-4.12019114e+01,  4.73048647e+04]), array([ 2.90508392e+01, -3.33544147e+04])]",Success
3049,"[array([-3.16723307e+01,  3.63912823e+04]), array([ 3.69282994e+01, -4.24315433e+04])]",Success
3050,"[array([-3.68093038e+01,  4.23242218e+04]), array([ 3.17898533e+01, -3.65543543e+04])]",Success
3051,"[array([-4.35998243e+01,  5.01476884e+04]), array([ 2.78613511e+01, -3.20465443e+04])]",Success
3052,"[array([-3.21376618e+01,  3.69883032e+04]), array([ 3.62570019e+01, -4.17305609e+04])]",Success
3054,"[array([-3.59303060e+01,  4.14196571e+04]), array([ 3.23304833e+01, -3.72707899e+04])]",Success
3044,"[array([-4.66684715e+01,  5.34811214e+04]), array([ 2.67561050e+01, -3.06621931e+04])]",Success
3045,"[array([-3.10886537e+01,  3.56346748e+04]), array([ 3.78485486e+01, -4.33844640e+04])]",Success
3046,"[array([-3.69115016e+01,  4.23268361e+04]), array([ 3.18096336e+01, -3.64796322e+04])]",Success
3048,"[array([-5.83806846e+01,  6.70599075e+04]), array([ 2.37817223e+01, -2.73175732e+04])]",Success
3053,"[array([-4.78400718e+01,  5.51324305e+04]), array([ 2.62716216e+01, -3.02769266e+04])]",Success
3056,"[array([-3.79100995e+01,  4.37502747e+04]), array([ 3.08618319e+01, -3.56167091e+04])]",Success
3057,"[array([-3.09922338e+01,  3.58058411e+04]), array([ 3.76895633e+01, -4.35447298e+04])]",Success
3058,"[array([-4.38124431e+01,  5.06450196e+04]), array([ 2.76710167e+01, -3.19878493e+04])]",Success
3059,"[array([-4.61665443e+01,  5.34202010e+04]), array([ 2.67527352e+01, -3.09564245e+04])]",Success
3061,"[array([-3.31360260e+01,  3.83597047e+04]), array([ 3.48960601e+01, -4.03988254e+04])]",Success
3062,"[array([-3.89869038e+01,  4.52055547e+04]), array([ 3.00638448e+01, -3.48619930e+04])]",Success
3063,"[array([-3.72844189e+01,  4.32580412e+04]), array([ 3.11043058e+01, -3.60879831e+04])]",Success
3064,"[array([-3.8062200e+01,  4.4206672e+04]), array([ 3.06479295e+01, -3.55987084e+04])]",Success
3066,"[array([-3.98387321e+01,  4.63069114e+04]), array([ 2.94579753e+01, -3.42410960e+04])]",Success
3068,"[array([-3.94327914e+01,  4.59414116e+04]), array([ 2.96828303e+01, -3.45857870e+04])]",Success
3069,"[array([-2.80184108e+01,  3.26669266e+04]), array([ 4.26147368e+01, -4.96859569e+04])]",Success
3071,[],Success
3072,[],Success
3073,[],Success
3074,[],Success
3075,[],Success
3076,[],Success
3077,[],Success
3078,[],Success
3079,[],Success
3055,"[array([-3.75768239e+01,  4.33353964e+04]), array([ 3.11145676e+01, -3.58830838e+04])]",Success
3060,"[array([-2.25499952e+01,  2.60931268e+04]), array([ 6.56985438e+01, -7.60228341e+04])]",Success
3065,"[array([-3.67907257e+01,  4.27352047e+04]), array([ 3.14381155e+01, -3.65178068e+04])]",Success
3067,"[array([-3.58632284e+01,  4.17206932e+04]), array([ 3.22388362e+01, -3.75081757e+04])]",Success
3070,"[array([-2.18722238e+01,  2.55122898e+04]), array([ 7.05530291e+01, -8.22957788e+04])]",Success
3080,[],Success
3081,[],Success
3082,[],Success
3083,"[array([-3.58704675e+01,  4.17290991e+04]), array([ 3.22424948e+01, -3.75124383e+04])]",Success
3084,"[array([-3.94080769e+01,  4.59126181e+04]), array([ 2.97132276e+01, -3.46212494e+04])]",Success
3085,"[array([-2.80466050e+01,  3.26997494e+04]), array([ 4.26125710e+01, -4.96834307e+04])]",Success
3086,"[array([-2.18572510e+01,  2.54948685e+04]), array([ 7.05864043e+01, -8.23347837e+04])]",Success
3087,"[array([-4.28147042e+01,  4.99450432e+04]), array([ 2.78981598e+01, -3.25458769e+04])]",Success
3088,"[array([-3.78815186e+01,  4.42307917e+04]), array([ 3.05782349e+01, -3.57049677e+04])]",Success
3089,"[array([-2.73063883e+01,  3.18941836e+04]), array([ 4.41951051e+01, -5.16214890e+04])]",Success
3090,"[array([-1.08062357e+02,  1.26297225e+05]), array([ 1.94338947e+01, -2.27138095e+04])]",Success
3091,"[array([-3.48373512e+01,  4.07682323e+04]), array([ 3.28476090e+01, -3.84414618e+04])]",Success
3092,"[array([-3.83407685e+01,  4.49025677e+04]), array([ 3.01346182e+01, -3.52920266e+04])]",Success
3094,"[array([-4.10416771e+01,  4.81298142e+04]), array([ 2.85838324e+01, -3.35208183e+04])]",Success
3095,"[array([-3.89094491e+01,  4.56763298e+04]), array([ 2.97804307e+01, -3.49627975e+04])]",Success
3096,"[array([-5.73437058e+01,  6.73629971e+04]), array([ 2.36003692e+01, -2.77241422e+04])]",Success
3098,"[array([-2.89321816e+01,  3.40083579e+04]), array([ 4.03328389e+01, -4.74103499e+04])]",Success
3099,"[array([-3.32051983e+01,  3.90592478e+04]), array([ 3.43502051e+01, -4.04095319e+04])]",Success
3103,"[array([-2.51177816e+01,  2.95987558e+04]), array([ 5.03102074e+01, -5.92864633e+04])]",Success
3104,"[array([-3.32723502e+01,  3.92493851e+04]), array([ 3.40765157e+01, -4.01989012e+04])]",Success
3093,"[array([-3.81022288e+01,  4.46519200e+04]), array([ 3.04407394e+01, -3.56779347e+04])]",Success
3097,"[array([-4.21912636e+01,  4.95906685e+04]), array([ 2.79996567e+01, -3.29106337e+04])]",Success
3100,"[array([-3.62513593e+01,  4.26753350e+04]), array([ 3.14672580e+01, -3.70436216e+04])]",Success
3101,"[array([-3.49780678e+01,  4.11919605e+04]), array([ 3.24940207e+01, -3.82670688e+04])]",Success
3102,"[array([-7.42516877e+01,  8.74963063e+04]), array([ 2.13216433e+01, -2.51257229e+04])]",Success
3106,"[array([-4.07927819e+01,  4.81622664e+04]), array([ 2.85859816e+01, -3.37517167e+04])]",Success
3107,"[array([-4.21004858e+01,  4.97411593e+04]), array([ 2.78933086e+01, -3.29562512e+04])]",Success
3108,"[array([-3.34618591e+01,  3.95631992e+04]), array([ 3.37964777e+01, -3.99589562e+04])]",Success
3109,"[array([-3.36283360e+01,  3.97746917e+04]), array([ 3.36283360e+01, -3.97756935e+04])]",Success
3110,"[array([-4.32733389e+01,  5.11950911e+04]), array([ 2.73655690e+01, -3.23755052e+04])]",Success
3111,"[array([-3.57256635e+01,  4.22849020e+04]), array([ 3.17337819e+01, -3.75605476e+04])]",Success
3115,"[array([-4.30674006e+01,  5.11319756e+04]), array([ 2.74065276e+01, -3.25415640e+04])]",Success
3117,"[array([-3.19138394e+01,  3.79456407e+04]), array([ 3.53719639e+01, -4.20595684e+04])]",Success
3118,"[array([-3.68781031e+01,  4.38724432e+04]), array([ 3.07180109e+01, -3.65448459e+04])]",Success
3119,"[array([-4.75930385e+01,  5.66414718e+04]), array([ 2.56897306e+01, -3.05743170e+04])]",Success
3120,"[array([-3.78289959e+01,  4.50282616e+04]), array([ 2.99942488e+01, -3.57036810e+04])]",Success
3122,[],Success
3123,[],Success
3124,[],Success
3125,[],Success
3126,[],Success
3127,[],Success
3128,[],Success
3129,[],Success
3132,[],Success
3105,"[array([-3.38952317e+01,  3.99983070e+04]), array([ 3.34263253e+01, -3.94458688e+04])]",Success
3112,"[array([-3.51937129e+01,  4.16908111e+04]), array([ 3.21771090e+01, -3.81187383e+04])]",Success
3113,"[array([-3.78224227e+01,  4.48423112e+04]), array([ 3.01566281e+01, -3.57542576e+04])]",Success
3114,"[array([-3.83811630e+01,  4.55453311e+04]), array([ 2.97843240e+01, -3.53446789e+04])]",Success
3116,"[array([-3.40714854e+01,  4.04797672e+04]), array([ 3.30971908e+01, -3.93234685e+04])]",Success
3121,[],Success
3130,[],Success
3131,[],Success
3133,[],Success
3134,"[array([-3.40593203e+01,  4.04653015e+04]), array([ 3.30623555e+01, -3.92820524e+04])]",Success
3135,"[array([-3.19270070e+01,  3.79612833e+04]), array([ 3.53624043e+01, -4.20482036e+04])]",Success
3136,"[array([-3.68650954e+01,  4.38569421e+04]), array([ 3.07120059e+01, -3.65377124e+04])]",Success
3137,"[array([-4.75913802e+01,  5.66394958e+04]), array([ 2.56714859e+01, -3.05525982e+04])]",Success
3138,"[array([-3.78592103e+01,  4.50642050e+04]), array([ 3.00446368e+01, -3.57637364e+04])]",Success
3139,"[array([-4.61812481e+01,  5.50186322e+04]), array([ 2.61227262e+01, -3.11219685e+04])]",Success
3140,"[array([-3.29188017e+01,  3.92532899e+04]), array([ 3.41219255e+01, -4.06900270e+04])]",Success
3141,"[array([-3.55557149e+01,  4.24102420e+04]), array([ 3.16385598e+01, -3.77386270e+04])]",Success
3142,"[array([-3.61680846e+01,  4.31881650e+04]), array([ 3.11112505e+01, -3.71512072e+04])]",Success
3143,"[array([-3.42551243e+01,  4.09505795e+04]), array([ 3.26874604e+01, -3.90771545e+04])]",Success
3144,"[array([-3.90803514e+01,  4.67273312e+04]), array([ 2.91406440e+01, -3.48437099e+04])]",Success
3145,"[array([-4.62396995e+01,  5.53248295e+04]), array([ 2.60232727e+01, -3.11369948e+04])]",Success
3148,"[array([-3.29341782e+01,  3.94607923e+04]), array([ 3.38989168e+01, -4.06177333e+04])]",Success
3152,"[array([-3.85485957e+01,  4.63333613e+04]), array([ 2.9359097e+01, -3.5289320e+04])]",Success
3155,"[array([-3.55126457e+01,  4.27807919e+04]), array([ 3.13562030e+01, -3.77746405e+04])]",Success
3156,"[array([-3.57073384e+01,  4.30424702e+04]), array([ 3.12106120e+01, -3.76226766e+04])]",Success
3147,"[array([-3.72474224e+01,  4.46071507e+04]), array([ 3.02341690e+01, -3.62092946e+04])]",Success
3149,"[array([-3.28917503e+01,  3.94275156e+04]), array([ 3.39227354e+01, -4.06649524e+04])]",Success
3150,"[array([-3.71423073e+01,  4.45637121e+04]), array([ 3.02976544e+01, -3.63526704e+04])]",Success
3153,"[array([-4.07401762e+01,  4.90174376e+04]), array([ 2.81415335e+01, -3.38599673e+04])]",Success
3157,"[array([-3.72055338e+01,  4.48744981e+04]), array([ 3.00789343e+01, -3.62788677e+04])]",Success
3158,"[array([-3.04808349e+01,  3.67865646e+04]), array([ 3.66237414e+01, -4.42006647e+04])]",Success
3159,"[array([-3.75280313e+01,  4.53201177e+04]), array([ 2.98282568e+01, -3.60222424e+04])]",Success
3160,"[array([-4.10525584e+01,  4.96231246e+04]), array([ 2.78473188e+01, -3.36613213e+04])]",Success
3161,"[array([-3.02414322e+01,  3.65709369e+04]), array([ 3.69246216e+01, -4.46534290e+04])]",Success
3162,"[array([-3.66699844e+01,  4.43945634e+04]), array([ 3.03694144e+01, -3.67676391e+04])]",Success
3163,"[array([-3.37097435e+01,  4.08640357e+04]), array([ 3.27513292e+01, -3.97042326e+04])]",Success
3164,"[array([-4.37829041e+01,  5.31156133e+04]), array([ 2.66153127e+01, -3.22902835e+04])]",Success
3168,[],Success
3169,[],Success
3170,[],Success
3171,[],Success
3172,[],Success
3173,[],Success
3174,[],Success
3175,[],Success
3176,[],Success
3177,[],Success
3178,[],Success
3179,[],Success
3180,[],Success
3146,"[array([-3.92631834e+01,  4.69836547e+04]), array([ 2.90398113e+01, -3.47509542e+04])]",Success
3151,"[array([-3.72963384e+01,  4.47894739e+04]), array([ 3.01794853e+01, -3.62439803e+04])]",Success
3154,"[array([-3.88046638e+01,  4.67205039e+04]), array([ 2.91457135e+01, -3.50920141e+04])]",Success
3165,"[array([-4.33848777e+01,  5.26409680e+04]), array([ 2.67539864e+01, -3.24629195e+04])]",Success
3166,"[array([-3.53880888e+01,  4.29697774e+04]), array([ 3.13806235e+01, -3.81078564e+04])]",Success
3167,"[array([-2.81583777e+01,  3.42212549e+04]), array([ 4.14275971e+01, -5.03642557e+04])]",Success
3181,"[array([-4.37904031e+01,  5.31247006e+04]), array([ 2.65931235e+01, -3.22633101e+04])]",Success
3182,"[array([-4.34482906e+01,  5.27178429e+04]), array([ 2.67324447e+01, -3.24367558e+04])]",Success
3183,"[array([-3.54072441e+01,  4.29929885e+04]), array([ 3.13322482e+01, -3.80490615e+04])]",Success
3184,"[array([-2.81656219e+01,  3.42300486e+04]), array([ 4.13866263e+01, -5.03144132e+04])]",Success
3185,"[array([-4.71178481e+01,  5.72775710e+04]), array([ 2.5412682e+01, -3.0893674e+04])]",Success
3186,"[array([-4.46512762e+01,  5.43195865e+04]), array([ 2.62137122e+01, -3.18904400e+04])]",Success
3187,"[array([-2.76748758e+01,  3.37072205e+04]), array([ 4.10681491e+01, -5.00206351e+04])]",Success
3188,"[array([-5.29700649e+01,  6.45366930e+04]), array([ 2.38289404e+01, -2.90326342e+04])]",Success
3189,"[array([-3.83127429e+01,  4.67115795e+04]), array([ 2.90948914e+01, -3.54735253e+04])]",Success
3190,"[array([-3.15516706e+01,  3.84755117e+04]), array([ 3.48224721e+01, -4.24645133e+04])]",Success
3191,"[array([-3.73127506e+01,  4.55287021e+04]), array([ 2.97101527e+01, -3.62532169e+04])]",Success
3192,"[array([-3.72291835e+01,  4.54383945e+04]), array([ 2.97633490e+01, -3.63266394e+04])]",Success
3193,"[array([-3.35376595e+01,  4.09704671e+04]), array([ 3.26481538e+01, -3.98848630e+04])]",Success
3194,"[array([-3.18961810e+01,  3.89960335e+04]), array([ 3.43700316e+01, -4.20219678e+04])]",Success
3199,"[array([-3.40059875e+01,  4.17257340e+04]), array([ 3.20966484e+01, -3.93834574e+04])]",Success
3201,"[array([-3.48641828e+01,  4.28184116e+04]), array([ 3.13086287e+01, -3.84521495e+04])]",Success
3202,"[array([-3.54124121e+01,  4.35166271e+04]), array([ 3.08622139e+01, -3.79263390e+04])]",Success
3205,"[array([-3.86420848e+01,  4.75572674e+04]), array([ 2.86720923e+01, -3.52875884e+04])]",Success
3207,"[array([-3.38648764e+01,  4.17518911e+04]), array([ 3.20911583e+01, -3.95655377e+04])]",Success
3195,"[array([-3.58983057e+01,  4.39279569e+04]), array([ 3.06045464e+01, -3.74505554e+04])]",Success
3196,"[array([-3.69666566e+01,  4.52636103e+04]), array([ 2.98257481e+01, -3.65217048e+04])]",Success
3197,"[array([-3.95070679e+01,  4.84062621e+04]), array([ 2.83156459e+01, -3.46946174e+04])]",Success
3200,"[array([-4.22367361e+01,  5.18631716e+04]), array([ 2.69559657e+01, -3.31000389e+04])]",Success
3203,"[array([-3.61748673e+01,  4.44833793e+04]), array([ 3.03167232e+01, -3.72815771e+04])]",Success
3206,"[array([-3.16502814e+01,  3.90055324e+04]), array([ 3.43425252e+01, -4.23248557e+04])]",Success
3209,"[array([-3.74589345e+01,  4.62268214e+04]), array([ 2.93229070e+01, -3.61870081e+04])]",Success
3211,"[array([-3.54027114e+01,  4.37522160e+04]), array([ 3.07306064e+01, -3.79788189e+04])]",Success
3212,"[array([-3.65663561e+01,  4.52388062e+04]), array([ 2.98339223e+01, -3.69103901e+04])]",Success
3213,"[array([-3.82032138e+01,  4.72854606e+04]), array([ 2.87604699e+01, -3.55979679e+04])]",Success
3214,"[array([-2.82684174e+01,  3.50019747e+04]), array([ 3.91537677e+01, -4.84807707e+04])]",Success
3215,"[array([-3.95757843e+01,  4.90463042e+04]), array([ 2.80461290e+01, -3.47581863e+04])]",Success
3216,"[array([-3.57140342e+01,  4.42726776e+04]), array([ 3.03971948e+01, -3.76825061e+04])]",Success
3218,"[array([-3.3668800e+01,  4.1824172e+04]), array([ 3.19896609e+01, -3.97394164e+04])]",Success
3219,[],Success
3220,[],Success
3221,[],Success
3222,[],Success
3223,[],Success
3224,[],Success
3225,[],Success
3226,[],Success
3227,[],Success
3228,[],Success
3229,[],Success
3198,"[array([-3.53581720e+01,  4.33595637e+04]), array([ 3.09962293e+01, -3.80113864e+04])]",Success
3204,"[array([-5.60342921e+01,  6.89574132e+04]), array([ 2.30454187e+01, -2.83612364e+04])]",Success
3208,"[array([-3.75866354e+01,  4.63441069e+04]), array([ 2.92192925e+01, -3.60281717e+04])]",Success
3210,"[array([-3.66993701e+01,  4.53325944e+04]), array([ 2.97893085e+01, -3.67972852e+04])]",Success
3217,"[array([-3.62628778e+01,  4.50039363e+04]), array([ 2.99668872e+01, -3.71909127e+04])]",Success
3230,"[array([-3.95813302e+01,  4.90531478e+04]), array([ 2.79758936e+01, -3.46710377e+04])]",Success
3231,"[array([-3.57235428e+01,  4.42844164e+04]), array([ 3.03555438e+01, -3.76308143e+04])]",Success
3232,"[array([-3.62514238e+01,  4.49896920e+04]), array([ 2.99603008e+01, -3.71827231e+04])]",Success
3233,"[array([-3.36576991e+01,  4.18103863e+04]), array([ 3.19893931e+01, -3.97391043e+04])]",Success
3234,"[array([-3.47593300e+01,  4.32048375e+04]), array([ 3.10538543e+01, -3.85995551e+04])]",Success
3235,"[array([-3.53086366e+01,  4.39059924e+04]), array([ 3.05833172e+01, -3.80311961e+04])]",Success
3236,"[array([-3.51953468e+01,  4.37756538e+04]), array([ 3.06974340e+01, -3.81816782e+04])]",Success
3237,"[array([-3.75549323e+01,  4.67624973e+04]), array([ 2.90362937e+01, -3.61564000e+04])]",Success
3238,"[array([-3.39505890e+01,  4.23134901e+04]), array([ 3.16632538e+01, -3.94647590e+04])]",Success
3240,"[array([-4.10865613e+01,  5.12824473e+04]), array([ 2.70974848e+01, -3.38237694e+04])]",Success
3241,"[array([-3.72977304e+01,  4.65681468e+04]), array([ 2.91047834e+01, -3.63392212e+04])]",Success
3242,"[array([-2.92602854e+01,  3.65584589e+04]), array([ 3.70454346e+01, -4.62865344e+04])]",Success
3244,"[array([-3.56182142e+01,  4.45507939e+04]), array([ 3.02115856e+01, -3.77889790e+04])]",Success
3248,"[array([-3.63536798e+01,  4.56030346e+04]), array([ 2.96215169e+01, -3.71598464e+04])]",Success
3251,"[array([-3.43669600e+01,  4.32453297e+04]), array([ 3.10148796e+01, -3.90287606e+04])]",Success
3252,"[array([-3.57339084e+01,  4.50030208e+04]), array([ 2.99471730e+01, -3.77158132e+04])]",Success
3254,"[array([-3.64391037e+01,  4.59842957e+04]), array([ 2.93737119e+01, -3.70689209e+04])]",Success
3255,"[array([-3.26244418e+01,  4.11731298e+04]), array([ 3.24948511e+01, -4.10108737e+04])]",Success
3256,"[array([-3.89432275e+01,  4.91859365e+04]), array([ 2.78639788e+01, -3.51939522e+04])]",Success
3257,"[array([-3.65500682e+01,  4.61692307e+04]), array([ 2.92858649e+01, -3.69945874e+04])]",Success
3239,"[array([-3.56708597e+01,  4.44905077e+04]), array([ 3.02284307e+01, -3.77034268e+04])]",Success
3243,"[array([-4.14768391e+01,  5.18379095e+04]), array([ 2.69259480e+01, -3.36532943e+04])]",Success
3245,"[array([-3.54536582e+01,  4.43771417e+04]), array([ 3.02860586e+01, -3.79101995e+04])]",Success
3247,"[array([-3.55372717e+01,  4.45443705e+04]), array([ 3.01756226e+01, -3.78240575e+04])]",Success
3249,"[array([-3.81178963e+01,  4.78654560e+04]), array([ 2.84560684e+01, -3.57338693e+04])]",Success
3253,"[array([-3.97597996e+01,  5.01200904e+04]), array([ 2.74977438e+01, -3.46642828e+04])]",Success
3258,"[array([-3.65092758e+01,  4.61485922e+04]), array([ 2.93121067e+01, -3.70515274e+04])]",Success
3259,"[array([-2.79115282e+01,  3.53055761e+04]), array([ 3.88969216e+01, -4.92042532e+04])]",Success
3260,"[array([-3.58576926e+01,  4.53810553e+04]), array([ 2.97241847e+01, -3.76191176e+04])]",Success
3261,"[array([-3.55347506e+01,  4.50225851e+04]), array([ 2.98706253e+01, -3.78463660e+04])]",Success
3262,[],Success
3263,[],Success
3264,[],Success
3265,[],Success
3266,[],Success
3267,[],Success
3268,[],Success
3269,[],Success
3270,[],Success
3271,[],Success
3272,[],Success
3273,[],Success
3274,[],Success
3275,[],Success
3278,"[array([-3.50486946e+01,  4.44402503e+04]), array([ 3.02368144e+01, -3.83395655e+04])]",Success
3246,"[array([-3.53772494e+01,  4.42983696e+04]), array([ 3.03420402e+01, -3.79943112e+04])]",Success
3250,"[array([-3.58834939e+01,  4.51070634e+04]), array([ 2.98647493e+01, -3.75421656e+04])]",Success
3276,"[array([-3.59075334e+01,  4.54440456e+04]), array([ 2.96860528e+01, -3.75708261e+04])]",Success
3277,"[array([-3.54961887e+01,  4.49737491e+04]), array([ 2.98765224e+01, -3.78538542e+04])]",Success
3279,"[array([-3.19159570e+01,  4.05053206e+04]), array([ 3.30488764e+01, -4.19453307e+04])]",Success
3280,"[array([-3.50289768e+01,  4.44925979e+04]), array([ 3.01917965e+01, -3.83502395e+04])]",Success
3281,"[array([-3.08113655e+01,  3.91665942e+04]), array([ 3.42816983e+01, -4.35791328e+04])]",Success
3282,"[array([-3.59863131e+01,  4.57733179e+04]), array([ 2.94729533e+01, -3.74894212e+04])]",Success
3283,"[array([-3.54278772e+01,  4.50847065e+04]), array([ 2.98425474e+01, -3.79770581e+04])]",Success
3287,"[array([-4.02359579e+01,  5.13095805e+04]), array([ 2.70022043e+01, -3.44340370e+04])]",Success
3288,"[array([-4.47055631e+01,  5.70350445e+04]), array([ 2.52336525e+01, -3.21932349e+04])]",Success
3289,"[array([-4.52527670e+01,  5.77690727e+04]), array([ 2.49934513e+01, -3.19066135e+04])]",Success
3290,"[array([-3.71223035e+01,  4.74499344e+04]), array([ 2.86437527e+01, -3.66137523e+04])]",Success
3291,"[array([-3.97458286e+01,  5.08292721e+04]), array([ 2.71507876e+01, -3.47223072e+04])]",Success
3294,"[array([-3.41096029e+01,  4.36800399e+04]), array([ 3.06921947e+01, -3.93045220e+04])]",Success
3295,"[array([-3.56911072e+01,  4.57448476e+04]), array([ 2.94670449e+01, -3.77679250e+04])]",Success
3297,"[array([-3.48376475e+01,  4.46966241e+04]), array([ 3.00313424e+01, -3.85302140e+04])]",Success
3298,"[array([-3.58967583e+01,  4.60846194e+04]), array([ 2.93081128e+01, -3.76280028e+04])]",Success
3300,"[array([-3.5070414e+01,  4.5081941e+04]), array([ 2.98389158e+01, -3.83575091e+04])]",Success
3301,"[array([-3.36749617e+01,  4.33259715e+04]), array([ 3.08820907e+01, -3.97333608e+04])]",Success
3303,"[array([-3.52399403e+01,  4.54208347e+04]), array([ 2.96570560e+01, -3.82255147e+04])]",Success
3305,"[array([-3.88781575e+01,  5.01732110e+04]), array([ 2.73968326e+01, -3.53575161e+04])]",Success
3315,[],Success
3316,[],Success
3317,[],Success
3284,"[array([-3.63162100e+01,  4.62283784e+04]), array([ 2.92356911e+01, -3.72166227e+04])]",Success
3285,"[array([-3.74015220e+01,  4.76476928e+04]), array([ 2.86185789e+01, -3.64625845e+04])]",Success
3286,"[array([-4.01224712e+01,  5.11242340e+04]), array([ 2.70935255e+01, -3.45243840e+04])]",Success
3293,"[array([-2.78493499e+01,  3.56522437e+04]), array([ 3.8428807e+01, -4.9197327e+04])]",Success
3296,"[array([-3.50636214e+01,  4.49847350e+04]), array([ 2.99205256e+01, -3.83878030e+04])]",Success
3302,"[array([-3.43170690e+01,  4.41899177e+04]), array([ 3.03895996e+01, -3.91332037e+04])]",Success
3304,"[array([-3.70543537e+01,  4.77867413e+04]), array([ 2.84083379e+01, -3.66371631e+04])]",Success
3306,"[array([-3.08139916e+01,  3.97851147e+04]), array([ 3.37071159e+01, -4.35209751e+04])]",Success
3307,"[array([-3.05430251e+01,  3.94604981e+04]), array([ 3.40124888e+01, -4.39446446e+04])]",Success
3308,"[array([-3.37141247e+01,  4.35765795e+04]), array([ 3.07586401e+01, -3.97576777e+04])]",Success
3309,"[array([-3.60834612e+01,  4.66645225e+04]), array([ 2.89363185e+01, -3.74227966e+04])]",Success
3310,[],Success
3311,[],Success
3312,[],Success
3313,[],Success
3314,[],Success
3318,[],Success
3319,[],Success
3320,[],Success
3321,"[array([-3.88819674e+01,  5.01781131e+04]), array([ 2.73813440e+01, -3.53375082e+04])]",Success
3322,"[array([-3.08093304e+01,  3.97791056e+04]), array([ 3.36341028e+01, -4.34266140e+04])]",Success
3324,"[array([-3.37482458e+01,  4.36206183e+04]), array([ 3.07548951e+01, -3.97528520e+04])]",Success
3325,"[array([-3.60739556e+01,  4.66522337e+04]), array([ 2.89603994e+01, -3.74539811e+04])]",Success
3326,"[array([-3.69551947e+01,  4.78410925e+04]), array([ 2.83745690e+01, -3.67336913e+04])]",Success
3328,"[array([-3.29446662e+01,  4.27006751e+04]), array([ 3.13134254e+01, -4.05870876e+04])]",Success
3292,"[array([-5.32333474e+01,  6.81344861e+04]), array([ 2.29324449e+01, -2.93519773e+04])]",Success
3299,"[array([-3.67098219e+01,  4.71436218e+04]), array([ 2.87365006e+01, -3.69051368e+04])]",Success
3323,"[array([-3.05641247e+01,  3.94877220e+04]), array([ 3.40050509e+01, -4.39350345e+04])]",Success
3327,"[array([-3.50193574e+01,  4.53693920e+04]), array([ 2.96714151e+01, -3.84412446e+04])]",Success
3329,"[array([-3.37887575e+01,  4.38198646e+04]), array([ 3.06120368e+01, -3.97017076e+04])]",Success
3330,"[array([-4.15392715e+01,  5.39051882e+04]), array([ 2.60375401e+01, -3.37889654e+04])]",Success
3331,"[array([-4.18629542e+01,  5.43390494e+04]), array([ 2.59536833e+01, -3.36916737e+04])]",Success
3332,"[array([-3.54021502e+01,  4.59772094e+04]), array([ 2.93673261e+01, -3.81429984e+04])]",Success
3333,"[array([-4.12373838e+01,  5.36258625e+04]), array([ 2.61415558e+01, -3.39969715e+04])]",Success
3334,"[array([-3.18150296e+01,  4.14049501e+04]), array([ 3.2293691e+01, -4.2028389e+04])]",Success
3335,"[array([-2.70861410e+01,  3.53011899e+04]), array([ 3.90513781e+01, -5.08972163e+04])]",Success
3336,"[array([-5.47250604e+01,  7.13343193e+04]), array([ 2.23460663e+01, -2.91284980e+04])]",Success
3337,"[array([-3.83418328e+01,  4.99901852e+04]), array([ 2.74477796e+01, -3.57869077e+04])]",Success
3338,"[array([-3.64824369e+01,  4.76221238e+04]), array([ 2.85191011e+01, -3.72301068e+04])]",Success
3340,"[array([-3.85619066e+01,  5.04179473e+04]), array([ 2.72451809e+01, -3.56220680e+04])]",Success
3341,"[array([-3.51343885e+01,  4.59599719e+04]), array([ 2.93535933e+01, -3.83993289e+04])]",Success
3342,"[array([-3.32234601e+01,  4.34954023e+04]), array([ 3.08298390e+01, -4.03637827e+04])]",Success
3344,"[array([-4.23276277e+01,  5.54868784e+04]), array([ 2.55042463e+01, -3.34335160e+04])]",Success
3345,"[array([-3.44894442e+01,  4.52460138e+04]), array([ 2.96992436e+01, -3.89624145e+04])]",Success
3348,"[array([-3.71130480e+01,  4.87782864e+04]), array([ 2.79074617e+01, -3.66798703e+04])]",Success
3350,"[array([-3.33223751e+01,  4.38418866e+04]), array([ 3.05296427e+01, -4.01681475e+04])]",Success
3352,"[array([-3.58755002e+01,  4.72870547e+04]), array([ 2.86046292e+01, -3.77036471e+04])]",Success
3357,[],Success
3358,[],Success
3362,[],Success
3343,"[array([-3.62534935e+01,  4.75131496e+04]), array([ 2.84940868e+01, -3.73441216e+04])]",Success
3346,"[array([-3.67413323e+01,  4.82492446e+04]), array([ 2.81855739e+01, -3.70143676e+04])]",Success
3347,"[array([-3.01936661e+01,  3.96586102e+04]), array([ 3.37889077e+01, -4.43813593e+04])]",Success
3349,"[array([-3.43949837e+01,  4.52344122e+04]), array([ 2.96815970e+01, -3.90362108e+04])]",Success
3351,"[array([-3.45432379e+01,  4.54993171e+04]), array([ 2.95448155e+01, -3.89161514e+04])]",Success
3353,"[array([-3.65717142e+01,  4.82407819e+04]), array([ 2.81465079e+01, -3.71282180e+04])]",Success
3354,"[array([-4.17017947e+01,  5.50498057e+04]), array([ 2.56056838e+01, -3.38017932e+04])]",Success
3355,[],Success
3356,[],Success
3359,[],Success
3360,[],Success
3361,[],Success
3363,[],Success
3364,[],Success
3365,[],Success
3366,[],Success
3367,[],Success
3368,"[array([-3.58874181e+01,  4.73027447e+04]), array([ 2.85958710e+01, -3.76920984e+04])]",Success
3369,"[array([-3.66140599e+01,  4.82965793e+04]), array([ 2.81529660e+01, -3.71367454e+04])]",Success
3370,"[array([-4.16575446e+01,  5.49914500e+04]), array([ 2.56018151e+01, -3.37967055e+04])]",Success
3371,"[array([-3.54333668e+01,  4.68052737e+04]), array([ 2.88918221e+01, -3.81665702e+04])]",Success
3374,"[array([-4.37566953e+01,  5.79424500e+04]), array([ 2.48045341e+01, -3.28473976e+04])]",Success
3375,"[array([-3.15738405e+01,  4.18543617e+04]), array([ 3.19534859e+01, -4.23585596e+04])]",Success
3377,"[array([-3.60741843e+01,  4.78508638e+04]), array([ 2.82959884e+01, -3.75339632e+04])]",Success
3378,"[array([-4.04177173e+01,  5.36544798e+04]), array([ 2.60110758e+01, -3.45301910e+04])]",Success
3339,"[array([-3.56515741e+01,  4.65755090e+04]), array([ 2.90172251e+01, -3.79099841e+04])]",Success
3372,"[array([-3.54135891e+01,  4.68523792e+04]), array([ 2.88235264e+01, -3.81358187e+04])]",Success
3373,"[array([-3.40893630e+01,  4.51154865e+04]), array([ 2.97368535e+01, -3.93557658e+04])]",Success
3376,"[array([-3.22116959e+01,  4.27168605e+04]), array([ 3.12949744e+01, -4.15019913e+04])]",Success
3379,"[array([-3.51493936e+01,  4.66830451e+04]), array([ 2.88772645e+01, -3.83533164e+04])]",Success
3380,"[array([-3.29250023e+01,  4.37556808e+04]), array([ 3.05867584e+01, -4.06486972e+04])]",Success
3381,"[array([-3.62893716e+01,  4.82603558e+04]), array([ 2.80970620e+01, -3.73662269e+04])]",Success
3383,"[array([-3.35549608e+01,  4.46749320e+04]), array([ 3.00128726e+01, -3.99594518e+04])]",Success
3384,"[array([-4.73159848e+01,  6.30059097e+04]), array([ 2.36053801e+01, -3.14331533e+04])]",Success
3385,"[array([-3.68882748e+01,  4.91446607e+04]), array([ 2.77063369e+01, -3.69131740e+04])]",Success
3388,"[array([-3.26036450e+01,  4.35383831e+04]), array([ 3.07432822e+01, -4.10557944e+04])]",Success
3389,"[array([-4.75876555e+01,  6.35853177e+04]), array([ 2.34775139e+01, -3.13702469e+04])]",Success
3392,"[array([-3.49021197e+01,  4.67246974e+04]), array([ 2.88473469e+01, -3.86198501e+04])]",Success
3395,"[array([-4.84757297e+01,  6.50027729e+04]), array([ 2.31932819e+01, -3.11010985e+04])]",Success
3396,"[array([-3.34833737e+01,  4.49336645e+04]), array([ 2.98329307e+01, -4.00356399e+04])]",Success
3402,"[array([-3.58560376e+01,  4.82842528e+04]), array([ 2.80531706e+01, -3.77777244e+04])]",Success
3403,[],Success
3404,[],Success
3405,[],Success
3406,[],Success
3407,[],Success
3408,[],Success
3410,[],Success
3411,[],Success
3413,[],Success
3382,"[array([-3.27702835e+01,  4.36038238e+04]), array([ 3.06570891e+01, -4.07926412e+04])]",Success
3386,"[array([-3.37847862e+01,  4.50320106e+04]), array([ 2.97989406e+01, -3.97196605e+04])]",Success
3390,"[array([-3.27717050e+01,  4.37975905e+04]), array([ 3.05659172e+01, -4.08501256e+04])]",Success
3391,"[array([-3.51154793e+01,  4.69535760e+04]), array([ 2.87337331e+01, -3.84209757e+04])]",Success
3393,"[array([-3.64960954e+01,  4.88960265e+04]), array([ 2.78278729e+01, -3.72842949e+04])]",Success
3394,"[array([-4.08643539e+01,  5.47787567e+04]), array([ 2.56061314e+01, -3.43260149e+04])]",Success
3397,"[array([-3.45024329e+01,  4.63139562e+04]), array([ 2.90679838e+01, -3.90202266e+04])]",Success
3398,"[array([-3.74760782e+01,  5.03330132e+04]), array([ 2.71998614e+01, -3.65324379e+04])]",Success
3399,"[array([-3.36866412e+01,  4.52566765e+04]), array([ 2.96568374e+01, -3.98443718e+04])]",Success
3400,"[array([-3.32181201e+01,  4.46651711e+04]), array([ 3.00204626e+01, -4.03668960e+04])]",Success
3401,"[array([-3.64217046e+01,  4.90052050e+04]), array([ 2.77221958e+01, -3.73009927e+04])]",Success
3409,[],Success
3412,[],Success
3414,[],Success
3415,[],Success
3416,[],Success
3417,[],Success
3418,[],Success
3419,[],Success
3420,[],Success
3422,"[array([-3.64145393e+01,  4.89955538e+04]), array([ 2.77316769e+01, -3.73137508e+04])]",Success
3424,"[array([-3.67830549e+01,  4.95784517e+04]), array([ 2.75472050e+01, -3.71326785e+04])]",Success
3425,"[array([-3.32946725e+01,  4.49018918e+04]), array([ 2.98645030e+01, -4.02764108e+04])]",Success
3426,"[array([-2.48206160e+01,  3.34917785e+04]), array([ 4.26405455e+01, -5.75389688e+04])]",Success
3429,"[array([-4.07173250e+01,  5.49726514e+04]), array([ 2.55223297e+01, -3.44585448e+04])]",Success
3387,"[array([-3.46581726e+01,  4.62287922e+04]), array([ 2.91624221e+01, -3.88996382e+04])]",Success
3421,"[array([-3.32270203e+01,  4.46771308e+04]), array([ 2.99825697e+01, -4.03158819e+04])]",Success
3423,"[array([-3.58502738e+01,  4.82764820e+04]), array([ 2.80687588e+01, -3.77987571e+04])]",Success
3427,"[array([-1.40429530e+02,  1.89507831e+05]), array([ 1.70424187e+01, -2.29988616e+04])]",Success
3428,"[array([-3.76150526e+01,  5.07677008e+04]), array([ 2.69826167e+01, -3.64176057e+04])]",Success
3430,"[array([-3.43622781e+01,  4.64075326e+04]), array([ 2.89981024e+01, -3.91638523e+04])]",Success
3431,"[array([-3.93752288e+01,  5.32196278e+04]), array([ 2.60982922e+01, -3.52749413e+04])]",Success
3432,"[array([-4.18818747e+01,  5.66403298e+04]), array([ 2.50626457e+01, -3.38953575e+04])]",Success
3435,"[array([-3.64868343e+01,  4.94583507e+04]), array([ 2.74922575e+01, -3.72666436e+04])]",Success
3436,"[array([-4.36880671e+01,  5.92511574e+04]), array([ 2.43385683e+01, -3.30090390e+04])]",Success
3437,"[array([-3.07734482e+01,  4.17618168e+04]), array([ 3.20556753e+01, -4.35023451e+04])]",Success
3438,"[array([-3.03296004e+01,  4.11828719e+04]), array([ 3.24848450e+01, -4.41101155e+04])]",Success
3439,"[array([-3.38880324e+01,  4.60447501e+04]), array([ 2.92084061e+01, -3.96871685e+04])]",Success
3440,"[array([-4.58746291e+01,  6.23677789e+04]), array([ 2.36250901e+01, -3.21191448e+04])]",Success
3441,"[array([-3.94935716e+01,  5.36957175e+04]), array([ 2.58963600e+01, -3.52091358e+04])]",Success
3443,"[array([-3.35798054e+01,  4.57009377e+04]), array([ 2.93823298e+01, -3.99898079e+04])]",Success
3444,"[array([-3.93612227e+01,  5.35957657e+04]), array([ 2.59168545e+01, -3.52901330e+04])]",Success
3445,"[array([-3.70787578e+01,  5.05139393e+04]), array([ 2.70445579e+01, -3.68447057e+04])]",Success
3446,"[array([-3.26554620e+01,  4.45013423e+04]), array([ 3.01242731e+01, -4.10528744e+04])]",Success
3448,"[array([-3.54300606e+01,  4.83449020e+04]), array([ 2.80159340e+01, -3.82294694e+04])]",Success
3450,"[array([-3.18347903e+01,  4.35058063e+04]), array([ 3.07456235e+01, -4.20189425e+04])]",Success
3452,"[array([-3.72887771e+01,  5.09972728e+04]), array([ 2.68440983e+01, -3.67136844e+04])]",Success
3454,"[array([-3.37641666e+01,  4.62353342e+04]), array([ 2.90790371e+01, -3.98206054e+04])]",Success
3455,"[array([-3.21744515e+01,  4.40700131e+04]), array([ 3.03421227e+01, -4.15614605e+04])]",Success
3465,[],Success
3433,"[array([-3.22801963e+01,  4.37109851e+04]), array([ 3.06207876e+01, -4.14646302e+04])]",Success
3434,"[array([-4.15395158e+01,  5.62598562e+04]), array([ 2.51153795e+01, -3.40161009e+04])]",Success
3442,"[array([-3.21828198e+01,  4.37763296e+04]), array([ 3.06190288e+01, -4.16517053e+04])]",Success
3447,"[array([-3.32930094e+01,  4.53982666e+04]), array([ 2.95694491e+01, -4.03222832e+04])]",Success
3449,"[array([-3.34248383e+01,  4.56551073e+04]), array([ 2.94226125e+01, -4.01894403e+04])]",Success
3451,"[array([-2.93317399e+01,  4.00967968e+04]), array([ 3.34862888e+01, -4.57767616e+04])]",Success
3453,"[array([-2.99375611e+01,  4.09770770e+04]), array([ 3.27101344e+01, -4.47733409e+04])]",Success
3456,"[array([-4.04843615e+01,  5.54805863e+04]), array([ 2.53362760e+01, -3.47221871e+04])]",Success
3457,"[array([-3.72667432e+01,  5.11014086e+04]), array([ 2.67999310e+01, -3.67492537e+04])]",Success
3459,"[array([-3.62967132e+01,  4.98237387e+04]), array([ 2.72979876e+01, -3.74716361e+04])]",Success
3460,"[array([-3.69334047e+01,  5.07037329e+04]), array([ 2.69690962e+01, -3.70246997e+04])]",Success
3461,[],Success
3462,[],Success
3463,[],Success
3464,[],Success
3466,[],Success
3467,[],Success
3468,[],Success
3469,[],Success
3470,[],Success
3471,[],Success
3472,[],Success
3473,"[array([-4.04531434e+01,  5.54378431e+04]), array([ 2.53264636e+01, -3.47087295e+04])]",Success
3474,"[array([-3.71934838e+01,  5.10010146e+04]), array([ 2.68126271e+01, -3.67667018e+04])]",Success
3475,"[array([-3.44030812e+01,  4.71982385e+04]), array([ 2.85403593e+01, -3.91559262e+04])]",Success
3458,"[array([-3.44094902e+01,  4.72070687e+04]), array([ 2.85035236e+01, -3.91053210e+04])]",Success
3476,"[array([-3.63122328e+01,  4.98449991e+04]), array([ 2.73126139e+01, -3.74917401e+04])]",Success
3477,"[array([-3.68599244e+01,  5.06029409e+04]), array([ 2.69597377e+01, -3.70118610e+04])]",Success
3478,"[array([-3.33691423e+01,  4.58504817e+04]), array([ 2.92799397e+01, -4.02321348e+04])]",Success
3479,"[array([-3.85946431e+01,  5.30661819e+04]), array([ 2.60835463e+01, -3.58646707e+04])]",Success
3480,"[array([-4.12388083e+01,  5.67693418e+04]), array([ 2.49205856e+01, -3.43063929e+04])]",Success
3481,"[array([-3.69877643e+01,  5.09549461e+04]), array([ 2.68367484e+01, -3.69710132e+04])]",Success
3482,"[array([-3.34577375e+01,  4.61132989e+04]), array([ 2.91275461e+01, -4.01472697e+04])]",Success
3483,"[array([-3.52683027e+01,  4.86459173e+04]), array([ 2.78318368e+01, -3.83889450e+04])]",Success
3484,"[array([-3.57420365e+01,  4.93320526e+04]), array([ 2.75301777e+01, -3.79990476e+04])]",Success
3485,"[array([-3.62289138e+01,  5.00229804e+04]), array([ 2.72348020e+01, -3.76050879e+04])]",Success
3486,"[array([-3.14452155e+01,  4.34561724e+04]), array([ 3.07643151e+01, -4.25159421e+04])]",Success
3487,"[array([-3.38546315e+01,  4.67964956e+04]), array([ 2.87468490e+01, -3.97375896e+04])]",Success
3488,"[array([-3.81679575e+01,  5.28098032e+04]), array([ 2.61704855e+01, -3.62115087e+04])]",Success
3489,"[array([-4.02741027e+01,  5.57347004e+04]), array([ 2.51916300e+01, -3.48630692e+04])]",Success
3491,"[array([-2.91351182e+01,  4.03823162e+04]), array([ 3.32662170e+01, -4.61095295e+04])]",Success
3492,"[array([-3.91514574e+01,  5.42724869e+04]), array([ 2.56609470e+01, -3.55733968e+04])]",Success
3495,"[array([-3.21082538e+01,  4.45894056e+04]), array([ 3.00357557e+01, -4.17129164e+04])]",Success
3496,"[array([-3.25100255e+01,  4.51538423e+04]), array([ 2.96924900e+01, -4.12414932e+04])]",Success
3497,"[array([-3.32190691e+01,  4.61878638e+04]), array([ 2.90395963e+01, -4.03776752e+04])]",Success
3498,"[array([-3.93925244e+01,  5.48274077e+04]), array([ 2.54570971e+01, -3.54332191e+04])]",Success
3499,"[array([-3.80598303e+01,  5.29968641e+04]), array([ 2.60526705e+01, -3.62779430e+04])]",Success
3500,"[array([-3.61486375e+01,  5.03603636e+04]), array([ 2.7040814e+01, -3.7672209e+04])]",Success
3502,"[array([-3.04451805e+01,  4.24738771e+04]), array([ 3.15247968e+01, -4.39814619e+04])]",Success
3515,[],Success
3490,"[array([-3.78332480e+01,  5.24029124e+04]), array([ 2.62952229e+01, -3.64229918e+04])]",Success
3493,"[array([-2.87694224e+01,  3.99082834e+04]), array([ 3.37146529e+01, -4.67694165e+04])]",Success
3494,"[array([-3.73933500e+01,  5.18827422e+04]), array([ 2.65187533e+01, -3.67965410e+04])]",Success
3501,"[array([-3.30052777e+01,  4.60105631e+04]), array([ 2.91696128e+01, -4.06647710e+04])]",Success
3503,"[array([-3.86041866e+01,  5.38704874e+04]), array([ 2.57787692e+01, -3.59749704e+04])]",Success
3504,"[array([-3.50788889e+01,  4.89811389e+04]), array([ 2.76577550e+01, -3.86198854e+04])]",Success
3505,"[array([-3.11682518e+01,  4.35465362e+04]), array([ 3.07370705e+01, -4.29449150e+04])]",Success
3506,"[array([-3.65951945e+01,  5.11510070e+04]), array([ 2.67232949e+01, -3.73530821e+04])]",Success
3508,"[array([-3.68445128e+01,  5.15373770e+04]), array([ 2.65789797e+01, -3.71791739e+04])]",Success
3509,"[array([-3.38008356e+01,  4.72879290e+04]), array([ 2.84970021e+01, -3.98688280e+04])]",Success
3510,"[array([-3.83796041e+01,  5.37364182e+04]), array([ 2.57755269e+01, -3.60899965e+04])]",Success
3511,"[array([-3.68771997e+01,  5.16657920e+04]), array([ 2.65133249e+01, -3.71472265e+04])]",Success
3512,"[array([-4.48292021e+01,  6.28123442e+04]), array([ 2.33941102e+01, -3.27789887e+04])]",Success
3513,[],Success
3514,[],Success
3516,[],Success
3517,[],Success
3518,[],Success
3519,[],Success
3520,[],Success
3521,[],Success
3522,[],Success
3523,[],Success
3524,[],Success
3526,[],Success
3507,"[array([-3.41823245e+01,  4.77812330e+04]), array([ 2.82011925e+01, -3.94210191e+04])]",Success
3525,[],Success
3527,"[array([-3.68164209e+01,  5.14981226e+04]), array([ 2.65934377e+01, -3.71994152e+04])]",Success
3528,"[array([-3.38486484e+01,  4.73547517e+04]), array([ 2.84348331e+01, -3.97817794e+04])]",Success
3529,"[array([-3.84350864e+01,  5.38140274e+04]), array([ 2.57766188e+01, -3.60915454e+04])]",Success
3530,"[array([-3.68830758e+01,  5.16740196e+04]), array([ 2.65042736e+01, -3.71345311e+04])]",Success
3531,"[array([-4.47694843e+01,  6.27286887e+04]), array([ 2.33837704e+01, -3.27644727e+04])]",Success
3532,"[array([-4.34551134e+01,  6.09491161e+04]), array([ 2.37785847e+01, -3.33515752e+04])]",Success
3533,"[array([-3.21318102e+01,  4.50953345e+04]), array([ 2.96696025e+01, -4.16406040e+04])]",Success
3534,"[array([-2.94919786e+01,  4.14134873e+04]), array([ 3.23918175e+01, -4.54875851e+04])]",Success
3535,"[array([-2.99690724e+01,  4.21154196e+04]), array([ 3.17844474e+01, -4.46674728e+04])]",Success
3536,"[array([-3.57070955e+01,  5.01990066e+04]), array([ 2.71086268e+01, -3.81109586e+04])]",Success
3537,"[array([-3.12219260e+01,  4.39079338e+04]), array([ 3.04536700e+01, -4.28277232e+04])]",Success
3538,"[array([-3.40384254e+01,  4.78719369e+04]), array([ 2.81537113e+01, -3.95967886e+04])]",Success
3539,"[array([-3.72333679e+01,  5.23994837e+04]), array([ 2.61989235e+01, -3.68712526e+04])]",Success
3540,"[array([-3.22301341e+01,  4.53927507e+04]), array([ 2.95237869e+01, -4.15815725e+04])]",Success
3541,"[array([-3.79070200e+01,  5.34268132e+04]), array([ 2.58846262e+01, -3.64832471e+04])]",Success
3542,"[array([-3.30027397e+01,  4.65571945e+04]), array([ 2.88466111e+01, -4.06949188e+04])]",Success
3543,"[array([-3.38977813e+01,  4.78423761e+04]), array([ 2.81555342e+01, -3.97383560e+04])]",Success
3545,"[array([-3.32946597e+01,  4.70504235e+04]), array([ 2.85558634e+01, -4.03543284e+04])]",Success
3546,"[array([-3.36207228e+01,  4.75341534e+04]), array([ 2.82943628e+01, -4.00041656e+04])]",Success
3547,"[array([-3.34657664e+01,  4.73400230e+04]), array([ 2.84166535e+01, -4.01979187e+04])]",Success
3548,"[array([-3.40561217e+01,  4.81950216e+04]), array([ 2.79790782e+01, -3.95958699e+04])]",Success
3550,"[array([-2.72956161e+01,  3.86593957e+04]), array([ 3.51209805e+01, -4.97440594e+04])]",Success
3552,"[array([-3.53931627e+01,  5.01726559e+04]), array([ 2.70726648e+01, -3.83784099e+04])]",Success
3544,"[array([-3.63599617e+01,  5.13415058e+04]), array([ 2.66201270e+01, -3.75890339e+04])]",Success
3549,"[array([-3.22676398e+01,  4.56831110e+04]), array([ 2.93258607e+01, -4.15188529e+04])]",Success
3551,"[array([-5.82478148e+02,  8.25051890e+05]), array([ 1.49208999e+01, -2.11350016e+04])]",Success
3553,"[array([-3.4244523e+01,  4.8575696e+04]), array([ 2.77966804e+01, -3.94311168e+04])]",Success
3555,"[array([-3.10943182e+01,  4.41429219e+04]), array([ 3.03001608e+01, -4.30161757e+04])]",Success
3556,"[array([-3.53328336e+01,  5.02100081e+04]), array([ 2.70575120e+01, -3.84515174e+04])]",Success
3557,"[array([-2.70184027e+01,  3.84181770e+04]), array([ 3.53937973e+01, -5.03275942e+04])]",Success
3558,"[array([-3.46381994e+01,  4.92578929e+04]), array([ 2.74759336e+01, -3.90729646e+04])]",Success
3560,"[array([-3.40264873e+01,  4.84391218e+04]), array([ 2.78482362e+01, -3.96444706e+04])]",Success
3564,"[array([-3.67996368e+01,  5.25085481e+04]), array([ 2.60982352e+01, -3.72400634e+04])]",Success
3565,"[array([-3.52014812e+01,  5.02524728e+04]), array([ 2.70054320e+01, -3.85528183e+04])]",Success
3566,[],Success
3567,[],Success
3571,[],Success
3572,[],Success
3573,[],Success
3574,[],Success
3575,[],Success
3576,[],Success
3577,[],Success
3578,[],Success
3579,[],Success
3580,[],Success
3581,[],Success
3582,[],Success
3554,"[array([-3.65036257e+01,  5.18029867e+04]), array([ 2.64088730e+01, -3.74777276e+04])]",Success
3559,"[array([-4.29359296e+01,  6.10933536e+04]), array([ 2.36592460e+01, -3.36648338e+04])]",Success
3561,"[array([-3.99211961e+01,  5.68618755e+04]), array([ 2.47344810e+01, -3.52309167e+04])]",Success
3562,"[array([-3.64723827e+01,  5.19893659e+04]), array([ 2.63535194e+01, -3.75667065e+04])]",Success
3563,"[array([-4.07004928e+01,  5.80362112e+04]), array([ 2.44125851e+01, -3.48111456e+04])]",Success
3568,[],Success
3569,[],Success
3570,[],Success
3583,[],Success
3584,[],Success
3585,"[array([-3.64682459e+01,  5.19834894e+04]), array([ 2.63042495e+01, -3.74964052e+04])]",Success
3586,"[array([-4.07117184e+01,  5.80521869e+04]), array([ 2.43902482e+01, -3.47792607e+04])]",Success
3588,"[array([-3.51955154e+01,  5.02439395e+04]), array([ 2.70325072e+01, -3.85915248e+04])]",Success
3589,"[array([-2.95222041e+01,  4.21887814e+04]), array([ 3.17203413e+01, -4.53303497e+04])]",Success
3590,"[array([-4.11725773e+01,  5.88411503e+04]), array([ 2.41905127e+01, -3.45720922e+04])]",Success
3591,"[array([-3.17203413e+01,  4.53653985e+04]), array([ 2.95222041e+01, -4.22231186e+04])]",Success
3592,"[array([-3.84275771e+01,  5.49892205e+04]), array([ 2.53641079e+01, -3.62994299e+04])]",Success
3593,"[array([-5.57549209e+01,  7.98100656e+04]), array([ 2.07618189e+01, -2.97219872e+04])]",Success
3595,"[array([-3.33588864e+01,  4.78010852e+04]), array([ 2.81772212e+01, -4.03771887e+04])]",Success
3596,"[array([-3.41010196e+01,  4.88886069e+04]), array([ 2.76187537e+01, -3.95960773e+04])]",Success
3599,"[array([-3.39876016e+01,  4.88052428e+04]), array([ 2.76686071e+01, -3.97314788e+04])]",Success
3601,"[array([-3.67046804e+01,  5.27421668e+04]), array([ 2.60394292e+01, -3.74172263e+04])]",Success
3602,"[array([-3.33403398e+01,  4.79534680e+04]), array([ 2.80841176e+01, -4.03936838e+04])]",Success
3603,"[array([-3.27512701e+01,  4.71404042e+04]), array([ 2.84859884e+01, -4.10016013e+04])]",Success
3604,"[array([-3.49172606e+01,  5.02825715e+04]), array([ 2.70039132e+01, -3.88874380e+04])]",Success
3587,"[array([-3.68012575e+01,  5.25108346e+04]), array([ 2.61122517e+01, -3.72600916e+04])]",Success
3594,"[array([-2.61871960e+01,  3.75109541e+04]), array([ 3.66370448e+01, -5.24825631e+04])]",Success
3597,"[array([-3.72500809e+01,  5.34204580e+04]), array([ 2.57836977e+01, -3.69769751e+04])]",Success
3598,"[array([-2.51491523e+01,  3.60739622e+04]), array([ 3.86106003e+01, -5.53834390e+04])]",Success
3600,"[array([-3.53092260e+01,  5.07107692e+04]), array([ 2.68140054e+01, -3.85101446e+04])]",Success
3606,"[array([-3.68095701e+01,  5.30913374e+04]), array([ 2.59007221e+01, -3.73576544e+04])]",Success
3607,"[array([-3.24033398e+01,  4.67532991e+04]), array([ 2.86948900e+01, -4.14034677e+04])]",Success
3608,"[array([-4.15608054e+01,  5.99830741e+04]), array([ 2.38601815e+01, -3.44371382e+04])]",Success
3611,"[array([-3.71366008e+01,  5.36848840e+04]), array([ 2.56619836e+01, -3.70974771e+04])]",Success
3612,"[array([-2.49293821e+01,  3.60592547e+04]), array([ 3.87369106e+01, -5.60317559e+04])]",Success
3613,"[array([-3.42255570e+01,  4.95192429e+04]), array([ 2.73375871e+01, -3.95550281e+04])]",Success
3614,"[array([-3.62986015e+01,  5.25423604e+04]), array([ 2.60780055e+01, -3.77490084e+04])]",Success
3619,"[array([-3.24959864e+01,  4.71878720e+04]), array([ 2.84946150e+01, -4.13794114e+04])]",Success
3620,"[array([-3.06910496e+01,  4.45975318e+04]), array([ 2.99917449e+01, -4.35822212e+04])]",Success
3622,"[array([-4.09234905e+01,  5.94913882e+04]), array([ 2.39802457e+01, -3.48616834e+04])]",Success
3623,"[array([-3.62042677e+01,  5.26680331e+04]), array([ 2.60201062e+01, -3.78533100e+04])]",Success
3624,"[array([-3.35511460e+01,  4.88444217e+04]), array([ 2.76207733e+01, -4.02116729e+04])]",Success
3626,[],Success
3627,[],Success
3628,[],Success
3629,[],Success
3630,[],Success
3631,[],Success
3632,[],Success
3633,[],Success
3605,"[array([-3.30963266e+01,  4.76920708e+04]), array([ 2.81897809e+01, -4.06225569e+04])]",Success
3609,"[array([-3.59769198e+01,  5.19741595e+04]), array([ 2.63170240e+01, -3.80197844e+04])]",Success
3610,"[array([-3.18458310e+01,  4.60280726e+04]), array([ 2.91996158e+01, -4.22070709e+04])]",Success
3615,"[array([-2.9501373e+01,  4.2747588e+04]), array([ 3.13149820e+01, -4.53762148e+04])]",Success
3616,"[array([-3.11149023e+01,  4.50983613e+04]), array([ 2.96361145e+01, -4.29565271e+04])]",Success
3617,"[array([-3.47116219e+01,  5.03449512e+04]), array([ 2.69604830e+01, -3.91049686e+04])]",Success
3618,"[array([-3.42830833e+01,  4.97547683e+04]), array([ 2.72005585e+01, -3.94771726e+04])]",Success
3621,"[array([-3.60010895e+01,  5.23247284e+04]), array([ 2.61672837e+01, -3.80321777e+04])]",Success
3625,[],Success
3634,[],Success
3635,[],Success
3636,[],Success
3637,[],Success
3638,[],Success
3639,"[array([-3.07344835e+01,  4.46605698e+04]), array([ 2.99689488e+01, -4.35490694e+04])]",Success
3640,"[array([-3.59535467e+01,  5.22556618e+04]), array([ 2.61348814e+01, -3.79850481e+04])]",Success
3641,"[array([-4.09717560e+01,  5.95614794e+04]), array([ 2.39451675e+01, -3.48106435e+04])]",Success
3642,"[array([-3.61897274e+01,  5.26468644e+04]), array([ 2.60139972e+01, -3.78444454e+04])]",Success
3643,"[array([-3.35453536e+01,  4.88359935e+04]), array([ 2.76206746e+01, -4.02115232e+04])]",Success
3644,"[array([-3.88280157e+01,  5.65480887e+04]), array([ 2.47374583e+01, -3.60279115e+04])]",Success
3645,"[array([-3.06475164e+01,  4.46711525e+04]), array([ 2.99825802e+01, -4.37029805e+04])]",Success
3646,"[array([-3.34091608e+01,  4.87167976e+04]), array([ 2.76636363e+01, -4.03396229e+04])]",Success
3647,"[array([-3.36309030e+01,  4.90610956e+04]), array([ 2.74885500e+01, -4.01007716e+04])]",Success
3650,"[array([-3.10695865e+01,  4.53916537e+04]), array([ 2.94724108e+01, -4.30590679e+04])]",Success
3652,"[array([-3.42092901e+01,  5.00288273e+04]), array([ 2.70747323e+01, -3.95956866e+04])]",Success
3648,"[array([-3.45296086e+01,  5.03954578e+04]), array([ 2.69141325e+01, -3.92821309e+04])]",Success
3649,"[array([-3.63904857e+01,  5.31586743e+04]), array([ 2.58165298e+01, -3.77126263e+04])]",Success
3651,"[array([-3.11887573e+01,  4.56086773e+04]), array([ 2.93505793e+01, -4.29209653e+04])]",Success
3653,"[array([-3.35947096e+01,  4.91763699e+04]), array([ 2.74341621e+01, -4.01587913e+04])]",Success
3655,"[array([-3.19254615e+01,  4.67525995e+04]), array([ 2.86696071e+01, -4.19852559e+04])]",Success
3656,"[array([-3.54397137e+01,  5.19338771e+04]), array([ 2.62425561e+01, -3.84567347e+04])]",Success
3657,"[array([-3.32179085e+01,  4.87023820e+04]), array([ 2.76462629e+01, -4.05336370e+04])]",Success
3658,"[array([-3.16157382e+01,  4.63837760e+04]), array([ 2.90416599e+01, -4.26128006e+04])]",Success
3659,"[array([-3.36045119e+01,  4.93202637e+04]), array([ 2.73567417e+01, -4.01505920e+04])]",Success
3661,"[array([-3.45041087e+01,  5.07532816e+04]), array([ 2.66912841e+01, -3.92617086e+04])]",Success
3663,"[array([-3.35394999e+01,  4.93873682e+04]), array([ 2.73340870e+01, -4.02508752e+04])]",Success
3664,"[array([-3.43779676e+01,  5.06693567e+04]), array([ 2.67722225e+01, -3.94599962e+04])]",Success
3665,"[array([-3.67143343e+01,  5.41323005e+04]), array([ 2.54651612e+01, -3.75467206e+04])]",Success
3666,"[array([-3.67143343e+01,  5.41660949e+04]), array([ 2.54437439e+01, -3.75384784e+04])]",Success
3670,"[array([-3.18268772e+01,  4.70485415e+04]), array([ 2.84972039e+01, -4.21267506e+04])]",Success
3672,"[array([-3.22936767e+01,  4.77977709e+04]), array([ 2.80918972e+01, -4.15793207e+04])]",Success
3673,"[array([-2.94236516e+01,  4.35764355e+04]), array([ 3.06974549e+01, -4.54633766e+04])]",Success
3674,"[array([-3.59739169e+01,  5.32957521e+04]), array([ 2.57435825e+01, -3.81399662e+04])]",Success
3680,[],Success
3681,[],Success
3682,[],Success
3683,[],Success
3684,[],Success
3685,[],Success
3686,[],Success
3654,"[array([-3.07298724e+01,  4.50015433e+04]), array([ 2.97366444e+01, -4.35473533e+04])]",Success
3660,"[array([-3.48405400e+01,  5.11907696e+04]), array([ 2.65422678e+01, -3.89988213e+04])]",Success
3662,"[array([-3.34747044e+01,  4.92504655e+04]), array([ 2.73911460e+01, -4.03003049e+04])]",Success
3667,"[array([-3.07758001e+01,  4.54368244e+04]), array([ 2.94572653e+01, -4.34906672e+04])]",Success
3668,"[array([-3.29190549e+01,  4.86208582e+04]), array([ 2.77038567e+01, -4.09185074e+04])]",Success
3669,"[array([-3.64283535e+01,  5.38241083e+04]), array([ 2.5515218e+01, -3.7699849e+04])]",Success
3671,"[array([-3.38963379e+01,  5.01424124e+04]), array([ 2.69960119e+01, -3.99354172e+04])]",Success
3675,"[array([-3.57988375e+01,  5.30804296e+04]), array([ 2.58618956e+01, -3.83479153e+04])]",Success
3676,[],Success
3677,[],Success
3678,[],Success
3679,[],Success
3687,[],Success
3688,[],Success
3689,[],Success
3690,"[array([-2.94391322e+01,  4.35993455e+04]), array([ 3.06614060e+01, -4.54099296e+04])]",Success
3691,"[array([-3.60305138e+01,  5.33795174e+04]), array([ 2.57348131e+01, -3.81269840e+04])]",Success
3692,"[array([-3.57194454e+01,  5.29628022e+04]), array([ 2.58385341e+01, -3.83132547e+04])]",Success
3693,"[array([-3.50322451e+01,  5.19953731e+04]), array([ 2.61980268e+01, -3.88842441e+04])]",Success
3694,"[array([-3.09956078e+01,  4.60221754e+04]), array([ 2.90808212e+01, -4.31799639e+04])]",Success
3695,"[array([-2.96532783e+01,  4.40412503e+04]), array([ 3.03401116e+01, -4.50618868e+04])]",Success
3696,"[array([-3.30987431e+01,  4.91877495e+04]), array([ 2.74066025e+01, -4.07301178e+04])]",Success
3699,"[array([-3.52917714e+01,  5.25290540e+04]), array([ 2.59964430e+01, -3.86940838e+04])]",Success
3700,"[array([-3.42868804e+01,  5.10489167e+04]), array([ 2.65700626e+01, -3.95598777e+04])]",Success
3702,"[array([-3.40941362e+01,  5.08490076e+04]), array([ 2.66823675e+01, -3.97951403e+04])]",Success
3697,"[array([-3.39863389e+01,  5.05364427e+04]), array([ 2.68137990e+01, -3.98718183e+04])]",Success
3698,"[array([-3.60957805e+01,  5.37247162e+04]), array([ 2.55550772e+01, -3.80363984e+04])]",Success
3701,"[array([-3.15385215e+01,  4.69967328e+04]), array([ 2.85191938e+01, -4.24979881e+04])]",Success
3703,"[array([-2.99650371e+01,  4.47301749e+04]), array([ 2.98756781e+01, -4.45971300e+04])]",Success
3704,"[array([-3.11773155e+01,  4.65639057e+04]), array([ 2.87607006e+01, -4.29550254e+04])]",Success
3705,"[array([-3.29188742e+01,  4.91870587e+04]), array([ 2.73973858e+01, -4.09377109e+04])]",Success
3707,"[array([-3.32741998e+01,  4.97571516e+04]), array([ 2.71178722e+01, -4.05519325e+04])]",Success
3708,"[array([-3.49188716e+01,  5.22502070e+04]), array([ 2.60679077e+01, -3.90066763e+04])]",Success
3709,"[array([-3.21867413e+01,  4.81816643e+04]), array([ 2.78832216e+01, -4.17408008e+04])]",Success
3710,"[array([-3.16023014e+01,  4.73352830e+04]), array([ 2.83495622e+01, -4.24650913e+04])]",Success
3714,"[array([-3.41675215e+01,  5.13597792e+04]), array([ 2.64240885e+01, -3.97206893e+04])]",Success
3715,"[array([-3.28471554e+01,  4.94127417e+04]), array([ 2.72828832e+01, -4.10438633e+04])]",Success
3716,"[array([-3.56202208e+01,  5.35980261e+04]), array([ 2.55602438e+01, -3.84606968e+04])]",Success
3717,"[array([-3.21678389e+01,  4.84225327e+04]), array([ 2.77555681e+01, -4.17809546e+04])]",Success
3720,"[array([-3.51093294e+01,  5.29160428e+04]), array([ 2.57952265e+01, -3.88782293e+04])]",Success
3721,"[array([-4.50349744e+01,  6.78955082e+04]), array([ 2.20369816e+01, -3.32235516e+04])]",Success
3722,"[array([-2.82530736e+01,  4.26016724e+04]), array([ 3.14582542e+01, -4.74347882e+04])]",Success
3725,"[array([-3.42856453e+01,  5.17694754e+04]), array([ 2.62482298e+01, -3.96337664e+04])]",Success
3726,"[array([-3.18418812e+01,  4.81081139e+04]), array([ 2.79224925e+01, -4.21868286e+04])]",Success
3727,"[array([-3.42856453e+01,  5.18337756e+04]), array([ 2.61952725e+01, -3.96029286e+04])]",Success
3730,[],Success
3731,[],Success
3732,[],Success
3733,[],Success
3734,[],Success
3706,"[array([-3.95870915e+01,  5.91820630e+04]), array([ 2.39034228e+01, -3.57355553e+04])]",Success
3711,"[array([-3.64688634e+01,  5.46690281e+04]), array([ 2.52005664e+01, -3.77776391e+04])]",Success
3712,"[array([-3.36579224e+01,  5.05022686e+04]), array([ 2.67760794e+01, -4.01767962e+04])]",Success
3713,"[array([-3.28022079e+01,  4.92579942e+04]), array([ 2.73551259e+01, -4.10791200e+04])]",Success
3718,"[array([-2.85221505e+01,  4.29429370e+04]), array([ 3.11636400e+01, -4.69202433e+04])]",Success
3719,"[array([-3.53163420e+01,  5.32028519e+04]), array([ 2.57066592e+01, -3.87264876e+04])]",Success
3723,"[array([-3.38781199e+01,  5.10894930e+04]), array([ 2.65498741e+01, -4.00391738e+04])]",Success
3724,"[array([-2.85060651e+01,  4.30112274e+04]), array([ 3.11136885e+01, -4.69459032e+04])]",Success
3728,"[array([-2.45268388e+01,  3.70849957e+04]), array([ 3.75205117e+01, -5.67317614e+04])]",Success
3729,"[array([-3.22817231e+01,  4.88279353e+04]), array([ 2.75469364e+01, -4.16668530e+04])]",Success
3735,[],Success
3736,[],Success
3737,[],Success
3738,[],Success
3739,[],Success
3740,[],Success
3741,[],Success
3742,[],Success
3743,[],Success
3744,"[array([-3.42213905e+01,  5.16725041e+04]), array([ 2.62163655e+01, -3.95855876e+04])]",Success
3745,"[array([-3.18108250e+01,  4.80612184e+04]), array([ 2.78894620e+01, -4.21368866e+04])]",Success
3746,"[array([-3.43600831e+01,  5.19462156e+04]), array([ 2.61932782e+01, -3.95999050e+04])]",Success
3748,"[array([-3.22806015e+01,  4.88262334e+04]), array([ 2.75476859e+01, -4.16679991e+04])]",Success
3749,"[array([-3.38847982e+01,  5.13096433e+04]), array([ 2.64115344e+01, -3.99934571e+04])]",Success
3750,"[array([-3.36933586e+01,  5.10382277e+04]), array([ 2.65526468e+01, -4.02219104e+04])]",Success
3747,"[array([-2.45429165e+01,  3.71092592e+04]), array([ 3.75744885e+01, -5.68134593e+04])]",Success
3751,"[array([-3.24468144e+01,  4.91820052e+04]), array([ 2.73565343e+01, -4.14666374e+04])]",Success
3752,"[array([-3.27317480e+01,  4.96551497e+04]), array([ 2.71572153e+01, -4.11987816e+04])]",Success
3753,"[array([-3.29765093e+01,  5.00708453e+04]), array([ 2.69536749e+01, -4.09262555e+04])]",Success
3754,"[array([-3.47352790e+01,  5.27517325e+04]), array([ 2.58705463e+01, -3.92894144e+04])]",Success
3756,"[array([-3.24474521e+01,  4.93629131e+04]), array([ 2.72772537e+01, -4.14975534e+04])]",Success
3757,"[array([-3.30596682e+01,  5.03147747e+04]), array([ 2.68349198e+01, -4.08412470e+04])]",Success
3759,"[array([-2.94176582e+01,  4.48359611e+04]), array([ 2.98303307e+01, -4.54651950e+04])]",Success
3760,"[array([-3.44780956e+01,  5.25783846e+04]), array([ 2.58960805e+01, -3.94916269e+04])]",Success
3761,"[array([-2.95771337e+01,  4.51275828e+04]), array([ 2.96065637e+01, -4.51725840e+04])]",Success
3763,"[array([-3.11398327e+01,  4.75528705e+04]), array([ 2.81881898e+01, -4.30457936e+04])]",Success
3765,"[array([-3.34712853e+01,  5.11787509e+04]), array([ 2.64670537e+01, -4.04697593e+04])]",Success
3767,"[array([-3.44837112e+01,  5.28242717e+04]), array([ 2.58178047e+01, -3.95496865e+04])]",Success
3768,"[array([-3.49299710e+01,  5.35199563e+04]), array([ 2.55072813e+01, -3.90826482e+04])]",Success
3769,"[array([-3.21325491e+01,  4.92692937e+04]), array([ 2.73141448e+01, -4.18818199e+04])]",Success
3771,"[array([-3.17370239e+01,  4.87190381e+04]), array([ 2.75781759e+01, -4.23355353e+04])]",Success
3773,"[array([-3.35207519e+01,  5.15074297e+04]), array([ 2.62762315e+01, -4.03757241e+04])]",Success
3775,"[array([-3.31739706e+01,  5.10337392e+04]), array([ 2.64796413e+01, -4.07359504e+04])]",Success
3776,"[array([-3.68311270e+01,  5.66958583e+04]), array([ 2.44599935e+01, -3.76525105e+04])]",Success
3777,"[array([-2.89456468e+01,  4.45638897e+04]), array([ 3.00181726e+01, -4.62153502e+04])]",Success
3778,"[array([-3.15322791e+01,  4.85633729e+04]), array([ 2.76010684e+01, -4.25090715e+04])]",Success
3783,[],Success
3784,[],Success
3785,[],Success
3786,[],Success
3755,"[array([-3.34774702e+01,  5.08897075e+04]), array([ 2.65789014e+01, -4.04038774e+04])]",Success
3758,"[array([-3.35255293e+01,  5.10680209e+04]), array([ 2.65099466e+01, -4.03818518e+04])]",Success
3762,"[array([-3.21323936e+01,  4.90281359e+04]), array([ 2.74235912e+01, -4.18435036e+04])]",Success
3764,"[array([-3.22020600e+01,  4.91899755e+04]), array([ 2.73436075e+01, -4.17691897e+04])]",Success
3770,"[array([-3.36441239e+01,  5.16192976e+04]), array([ 2.62602808e+01, -4.02906111e+04])]",Success
3772,"[array([-3.66697966e+01,  5.63443210e+04]), array([ 2.45781818e+01, -3.77652602e+04])]",Success
3774,"[array([-2.96658654e+01,  4.56096968e+04]), array([ 2.92851584e+01, -4.50245700e+04])]",Success
3779,"[array([-3.13471565e+01,  4.82907354e+04]), array([ 2.78085953e+01, -4.28398440e+04])]",Success
3780,[],Success
3781,[],Success
3782,[],Success
3787,[],Success
3788,[],Success
3789,[],Success
3790,[],Success
3791,[],Success
3792,[],Success
3793,[],Success
3794,[],Success
3796,"[array([-3.67495654e+01,  5.65703716e+04]), array([ 2.44983526e+01, -3.77116327e+04])]",Success
3797,"[array([-2.89825339e+01,  4.46206098e+04]), array([ 3.00503166e+01, -4.62648830e+04])]",Success
3798,"[array([-3.15779847e+01,  4.86337001e+04]), array([ 2.76350575e+01, -4.25614846e+04])]",Success
3800,"[array([-3.24774704e+01,  5.00650319e+04]), array([ 2.6892173e+01, -4.1456530e+04])]",Success
3801,"[array([-3.41275960e+01,  5.26271202e+04]), array([ 2.58343515e+01, -3.98386211e+04])]",Success
3802,"[array([-3.44057021e+01,  5.30699909e+04]), array([ 2.56995636e+01, -3.96413205e+04])]",Success
3766,"[array([-3.31175917e+01,  5.06832355e+04]), array([ 2.66664989e+01, -4.08113048e+04])]",Success
3795,"[array([-3.32243021e+01,  5.11110838e+04]), array([ 2.64959781e+01, -4.07611018e+04])]",Success
3799,"[array([-3.13477897e+01,  4.82917270e+04]), array([ 2.77839034e+01, -4.28017685e+04])]",Success
3803,"[array([-3.76970639e+01,  5.81752992e+04]), array([ 2.40475981e+01, -3.71114085e+04])]",Success
3804,"[array([-3.30957426e+01,  5.11267417e+04]), array([ 2.64351504e+01, -4.08378969e+04])]",Success
3805,"[array([-3.19865647e+01,  4.94449072e+04]), array([ 2.71856346e+01, -4.20238253e+04])]",Success
3807,"[array([-3.28404885e+01,  5.08488423e+04]), array([ 2.65738966e+01, -4.11466427e+04])]",Success
3808,"[array([-3.16776815e+01,  4.90549864e+04]), array([ 2.73873833e+01, -4.24120868e+04])]",Success
3809,"[array([-3.31266048e+01,  5.13380660e+04]), array([ 2.63769481e+01, -4.08797132e+04])]",Success
3811,"[array([-3.27414045e+01,  5.08012142e+04]), array([ 2.65765815e+01, -4.12362941e+04])]",Success
3812,"[array([-3.32313712e+01,  5.15737043e+04]), array([ 2.62477527e+01, -4.07355959e+04])]",Success
3814,"[array([-3.25344661e+01,  5.05356724e+04]), array([ 2.66994803e+01, -4.14726332e+04])]",Success
3815,"[array([-3.40583457e+01,  5.29389803e+04]), array([ 2.57072156e+01, -3.99588188e+04])]",Success
3816,"[array([-2.96600834e+01,  4.61347258e+04]), array([ 2.89886445e+01, -4.50907274e+04])]",Success
3817,"[array([-2.92187132e+01,  4.54511903e+04]), array([ 2.94230398e+01, -4.57694758e+04])]",Success
3818,"[array([-3.23480560e+01,  5.03513475e+04]), array([ 2.67606645e+01, -4.16546551e+04])]",Success
3819,"[array([-3.33371812e+01,  5.19218362e+04]), array([ 2.60963927e+01, -4.06448350e+04])]",Success
3820,"[array([-3.29269921e+01,  5.13010817e+04]), array([ 2.63533849e+01, -4.10595659e+04])]",Success
3821,"[array([-3.11170518e+01,  4.84915860e+04]), array([ 2.76661005e+01, -4.31140614e+04])]",Success
3825,"[array([-3.18837795e+01,  4.98295975e+04]), array([ 2.70191587e+01, -4.22273726e+04])]",Success
3826,"[array([-3.39063953e+01,  5.30149841e+04]), array([ 2.56516969e+01, -4.01085125e+04])]",Success
3834,[],Success
3835,[],Success
3836,[],Success
3837,[],Success
3806,"[array([-3.23723675e+01,  5.00718191e+04]), array([ 2.69130348e+01, -4.16282268e+04])]",Success
3810,"[array([-2.96859067e+01,  4.60551872e+04]), array([ 2.90145440e+01, -4.50138419e+04])]",Success
3813,"[array([-3.34957116e+01,  5.20187785e+04]), array([ 2.60620922e+01, -4.04747932e+04])]",Success
3822,"[array([-3.32350296e+01,  5.18364102e+04]), array([ 2.61216707e+01, -4.07430014e+04])]",Success
3824,"[array([-3.04797940e+01,  4.75801899e+04]), array([ 2.81464126e+01, -4.39380883e+04])]",Success
3827,"[array([-3.30673169e+01,  5.17341510e+04]), array([ 2.61537764e+01, -4.09179315e+04])]",Success
3828,"[array([-3.15755582e+01,  4.94389590e+04]), array([ 2.71890380e+01, -4.25713452e+04])]",Success
3829,"[array([-3.38673326e+01,  5.30506893e+04]), array([ 2.56701178e+01, -4.02107751e+04])]",Success
3830,"[array([-3.22687648e+01,  5.05667706e+04]), array([ 2.66694079e+01, -4.17925163e+04])]",Success
3831,"[array([-3.27359072e+01,  5.13267876e+04]), array([ 2.63703488e+01, -4.13494665e+04])]",Success
3832,[],Success
3833,[],Success
3838,[],Success
3839,[],Success
3840,[],Success
3841,[],Success
3842,[],Success
3843,[],Success
3844,[],Success
3845,"[array([-3.15799607e+01,  4.94458424e+04]), array([ 2.71741607e+01, -4.25480253e+04])]",Success
3846,"[array([-3.38336559e+01,  5.29979823e+04]), array([ 2.56228667e+01, -4.01366860e+04])]",Success
3847,"[array([-3.22640920e+01,  5.05594411e+04]), array([ 2.66690444e+01, -4.17919587e+04])]",Success
3848,"[array([-3.27588981e+01,  5.13627941e+04]), array([ 2.63851210e+01, -4.13726438e+04])]",Success
3849,"[array([-3.23261416e+01,  5.07325193e+04]), array([ 2.65525697e+01, -4.16713691e+04])]",Success
3850,"[array([-3.15597892e+01,  4.95496221e+04]), array([ 2.71180411e+01, -4.25761817e+04])]",Success
3823,"[array([-3.42011642e+01,  5.33865413e+04]), array([ 2.55321191e+01, -3.98549176e+04])]",Success
3851,"[array([-3.06917877e+01,  4.82214152e+04]), array([ 2.77798534e+01, -4.36470084e+04])]",Success
3852,"[array([-3.47150449e+01,  5.45762702e+04]), array([ 2.50769348e+01, -3.94242646e+04])]",Success
3853,"[array([-2.94710804e+01,  4.63387042e+04]), array([ 2.88607326e+01, -4.53793009e+04])]",Success
3854,"[array([-4.21076013e+01,  6.62090233e+04]), array([ 2.21200173e+01, -3.47813111e+04])]",Success
3855,"[array([-3.28080526e+01,  5.16266221e+04]), array([ 2.62229237e+01, -4.12663361e+04])]",Success
3856,"[array([-3.04524276e+01,  4.79498285e+04]), array([ 2.79510820e+01, -4.40118939e+04])]",Success
3857,"[array([-3.37151877e+01,  5.31087993e+04]), array([ 2.56034846e+01, -4.03317993e+04])]",Success
3858,"[array([-3.20715469e+01,  5.05578771e+04]), array([ 2.66629451e+01, -4.20322928e+04])]",Success
3859,"[array([-3.11162242e+01,  4.90709756e+04]), array([ 2.73357484e+01, -4.31096103e+04])]",Success
3861,"[array([-3.25542708e+01,  5.14058626e+04]), array([ 2.62893302e+01, -4.15138911e+04])]",Success
3862,"[array([-3.10256013e+01,  4.90301883e+04]), array([ 2.73652775e+01, -4.32463724e+04])]",Success
3864,"[array([-3.16474815e+01,  5.00543744e+04]), array([ 2.68727005e+01, -4.25038718e+04])]",Success
3865,"[array([-3.20909377e+01,  5.07868655e+04]), array([ 2.65479575e+01, -4.20149028e+04])]",Success
3866,"[array([-3.23668025e+01,  5.12319363e+04]), array([ 2.63729502e+01, -4.17448766e+04])]",Success
3867,"[array([-3.11910853e+01,  4.94191893e+04]), array([ 2.71580055e+01, -4.30295839e+04])]",Success
3873,"[array([-3.21644438e+01,  5.11555090e+04]), array([ 2.63719331e+01, -4.19434205e+04])]",Success
3875,"[array([-3.37579626e+01,  5.37829618e+04]), array([ 2.53331493e+01, -4.03612413e+04])]",Success
3876,"[array([-3.10587652e+01,  4.95090671e+04]), array([ 2.71258117e+01, -4.32400121e+04])]",Success
3878,"[array([-3.27437908e+01,  5.22510400e+04]), array([ 2.58978915e+01, -4.13266430e+04])]",Success
3882,[],Success
3883,[],Success
3884,[],Success
3888,[],Success
3889,[],Success
3860,"[array([-3.42096501e+01,  5.39917205e+04]), array([ 2.52802513e+01, -3.98994844e+04])]",Success
3863,"[array([-3.36318946e+01,  5.31628214e+04]), array([ 2.55696556e+01, -4.04187340e+04])]",Success
3868,"[array([-3.13341355e+01,  4.96950181e+04]), array([ 2.70612988e+01, -4.29189742e+04])]",Success
3869,"[array([-3.25131000e+01,  5.15955943e+04]), array([ 2.62032801e+01, -4.15829416e+04])]",Success
3870,"[array([-3.34452417e+01,  5.31191183e+04]), array([ 2.55826761e+01, -4.06318729e+04])]",Success
3872,"[array([-3.17179817e+01,  5.04198120e+04]), array([ 2.67175300e+01, -4.24723225e+04])]",Success
3874,"[array([-2.64126217e+01,  4.20436453e+04]), array([ 3.20849358e+01, -5.10735172e+04])]",Success
3877,"[array([-3.43550964e+01,  5.47868696e+04]), array([ 2.53551973e+01, -4.04442871e+04])]",Success
3879,"[array([-3.79520600e+01,  6.05940978e+04]), array([ 2.32838644e+01, -3.71748670e+04])]",Success
3880,"[array([-3.25879719e+01,  5.20831237e+04]), array([ 2.59793087e+01, -4.15218335e+04])]",Success
3881,"[array([-3.35655694e+01,  5.36742489e+04]), array([ 2.53425554e+01, -4.05253240e+04])]",Success
3885,[],Success
3886,[],Success
3887,[],Success
3890,[],Success
3891,[],Success
3892,[],Success
3893,[],Success
3894,[],Success
3895,[],Success
3896,"[array([-3.78757919e+01,  6.04723944e+04]), array([ 2.32769268e+01, -3.71637824e+04])]",Success
3898,"[array([-3.3547680e+01,  5.3645664e+04]), array([ 2.53297801e+01, -4.05049028e+04])]",Success
3899,"[array([-3.20825201e+01,  5.13471936e+04]), array([ 2.62942867e+01, -4.20836920e+04])]",Success
3900,"[array([-3.40806089e+01,  5.45599239e+04]), array([ 2.50454216e+01, -4.00956767e+04])]",Success
3902,"[array([-3.34817205e+01,  5.36588276e+04]), array([ 2.53454283e+01, -4.06194024e+04])]",Success
3871,"[array([-3.39909682e+01,  5.39866884e+04]), array([ 2.52504335e+01, -4.01049031e+04])]",Success
3897,"[array([-3.25933445e+01,  5.20916686e+04]), array([ 2.59647253e+01, -4.14985214e+04])]",Success
3901,"[array([-3.26890303e+01,  5.23848397e+04]), array([ 2.58654504e+01, -4.14502468e+04])]",Success
3903,"[array([-2.59580751e+01,  4.16035054e+04]), array([ 3.25057959e+01, -5.20980526e+04])]",Success
3904,"[array([-3.31667108e+01,  5.32047912e+04]), array([ 2.54949035e+01, -4.08984406e+04])]",Success
3905,"[array([-3.11360959e+01,  4.99682038e+04]), array([ 2.68902646e+01, -4.31552026e+04])]",Success
3906,"[array([-3.20577603e+01,  5.14998796e+04]), array([ 2.62027263e+01, -4.20942908e+04])]",Success
3907,"[array([-3.35541627e+01,  5.39623574e+04]), array([ 2.52021257e+01, -4.05307284e+04])]",Success
3908,"[array([-3.44729076e+01,  5.54443640e+04]), array([ 2.47286442e+01, -3.97724682e+04])]",Success
3910,"[array([-3.06101928e+01,  4.92626791e+04]), array([ 2.72154534e+01, -4.37999147e+04])]",Success
3911,"[array([-3.41791833e+01,  5.50394642e+04]), array([ 2.48495865e+01, -4.00161307e+04])]",Success
3912,"[array([-3.04413967e+01,  4.90262028e+04]), array([ 2.73368917e+01, -4.40267128e+04])]",Success
3913,"[array([-3.33433583e+01,  5.37093098e+04]), array([ 2.53211155e+01, -4.07874658e+04])]",Success
3914,"[array([-3.16224795e+01,  5.09923637e+04]), array([ 2.64242637e+01, -4.26104847e+04])]",Success
3915,"[array([-3.12642002e+01,  5.04587218e+04]), array([ 2.66292681e+01, -4.29785094e+04])]",Success
3916,"[array([-3.32320792e+01,  5.36606568e+04]), array([ 2.53169080e+01, -4.08801339e+04])]",Success
3917,"[array([-3.48336252e+01,  5.62481530e+04]), array([ 2.44601598e+01, -3.94979302e+04])]",Success
3919,"[array([-3.43599871e+01,  5.55447658e+04]), array([ 2.46769848e+01, -3.98926749e+04])]",Success
3921,"[array([-3.4116587e+01,  5.5235367e+04]), array([ 2.47615674e+01, -4.00894598e+04])]",Success
3922,"[array([-3.56749990e+01,  5.77647548e+04]), array([ 2.39807047e+01, -3.88298411e+04])]",Success
3924,"[array([-3.04736981e+01,  4.94253718e+04]), array([ 2.71513776e+01, -4.40374196e+04])]",Success
3928,"[array([-3.22797095e+01,  5.24379611e+04]), array([ 2.57891513e+01, -4.18944387e+04])]",Success
3933,[],Success
3934,[],Success
3937,[],Success
3909,"[array([-2.92202244e+01,  4.70080453e+04]), array([ 2.84452283e+01, -4.57614910e+04])]",Success
3918,"[array([-3.29668289e+01,  5.32692007e+04]), array([ 2.54730475e+01, -4.11607965e+04])]",Success
3920,"[array([-3.23229856e+01,  5.22721765e+04]), array([ 2.58931444e+01, -4.18750036e+04])]",Success
3923,"[array([-2.70496871e+01,  4.38387663e+04]), array([ 3.06677981e+01, -4.97049450e+04])]",Success
3926,"[array([-2.44201740e+01,  3.96157716e+04]), array([ 3.47224349e+01, -5.63292259e+04])]",Success
3927,"[array([-3.49230527e+01,  5.66670805e+04]), array([ 2.44757327e+01, -3.97210885e+04])]",Success
3929,"[array([-3.28215733e+01,  5.33693161e+04]), array([ 2.54415168e+01, -4.13694549e+04])]",Success
3930,"[array([-3.14527071e+01,  5.11643084e+04]), array([ 2.63186886e+01, -4.28131739e+04])]",Success
3931,"[array([-3.45040581e+01,  5.61658245e+04]), array([ 2.44351460e+01, -3.97765494e+04])]",Success
3932,[],Success
3935,[],Success
3936,[],Success
3938,[],Success
3939,[],Success
3940,[],Success
3941,[],Success
3942,[],Success
3943,[],Success
3944,[],Success
3945,[],Success
3946,[],Success
3947,[],Success
3949,"[array([-3.14572648e+01,  5.11717260e+04]), array([ 2.63127402e+01, -4.28034911e+04])]",Success
3951,"[array([-2.99195263e+01,  4.87306281e+04]), array([ 2.75145117e+01, -4.48149177e+04])]",Success
3952,"[array([-3.42615288e+01,  5.58385979e+04]), array([ 2.45477563e+01, -4.00073951e+04])]",Success
3925,"[array([-3.05381245e+01,  4.95337185e+04]), array([ 2.70750383e+01, -4.39167651e+04])]",Success
3948,"[array([-3.27515472e+01,  5.32555114e+04]), array([ 2.54511726e+01, -4.13851650e+04])]",Success
3950,"[array([-3.44950775e+01,  5.61512424e+04]), array([ 2.44495449e+01, -3.98000291e+04])]",Success
3953,"[array([-4.12416393e+01,  6.72173762e+04]), array([ 2.17603502e+01, -3.54661004e+04])]",Success
3954,"[array([-3.27024148e+01,  5.33206955e+04]), array([ 2.54384271e+01, -4.14770941e+04])]",Success
3955,"[array([-3.00999190e+01,  4.90902996e+04]), array([ 2.7298597e+01, -4.4521877e+04])]",Success
3956,"[array([-3.30787372e+01,  5.39906829e+04]), array([ 2.51931837e+01, -4.11205458e+04])]",Success
3957,"[array([-3.17628979e+01,  5.18769195e+04]), array([ 2.60139571e+01, -4.24876558e+04])]",Success
3958,"[array([-3.40009417e+01,  5.55421651e+04]), array([ 2.46404766e+01, -4.02525533e+04])]",Success
3959,"[array([-3.39607515e+01,  5.54962583e+04]), array([ 2.46616273e+01, -4.03005399e+04])]",Success
3961,"[array([-3.26399420e+01,  5.34089028e+04]), array([ 2.53738065e+01, -4.15199579e+04])]",Success
3964,"[array([-3.02751795e+01,  4.96007858e+04]), array([ 2.70507730e+01, -4.43186045e+04])]",Success
3966,"[array([-3.29344785e+01,  5.40358306e+04]), array([ 2.51630972e+01, -4.12856149e+04])]",Success
3967,"[array([-2.92337488e+01,  4.79881407e+04]), array([ 2.78700754e+01, -4.57504624e+04])]",Success
3969,"[array([-3.34770296e+01,  5.50314578e+04]), array([ 2.48106817e+01, -4.07865342e+04])]",Success
3970,"[array([-2.56250272e+01,  4.21520312e+04]), array([ 3.20815010e+01, -5.27735769e+04])]",Success
3972,"[array([-3.28456931e+01,  5.40900746e+04]), array([ 2.51020547e+01, -4.13387568e+04])]",Success
3974,"[array([-3.05510441e+01,  5.03513511e+04]), array([ 2.66787775e+01, -4.39706585e+04])]",Success
3976,"[array([-3.02123640e+01,  4.98694418e+04]), array([ 2.69154362e+01, -4.44279655e+04])]",Success
3977,"[array([-3.86636604e+01,  6.38525875e+04]), array([ 2.23874090e+01, -3.69729773e+04])]",Success
3978,"[array([-3.20579221e+01,  5.29825923e+04]), array([ 2.55318451e+01, -4.21972208e+04])]",Success
3979,"[array([-3.05836006e+01,  5.05959224e+04]), array([ 2.65636280e+01, -4.39461137e+04])]",Success
3981,"[array([-3.28595090e+01,  5.44071627e+04]), array([ 2.49891062e+01, -4.13769348e+04])]",Success
3982,"[array([-3.36231117e+01,  5.56850258e+04]), array([ 2.45540741e+01, -4.06654600e+04])]",Success
3990,[],Success
3960,"[array([-2.97420246e+01,  4.86225082e+04]), array([ 2.75727407e+01, -4.50781724e+04])]",Success
3962,"[array([-3.20761857e+01,  5.25259624e+04]), array([ 2.57472522e+01, -4.21624271e+04])]",Success
3963,"[array([-3.09276618e+01,  5.06688290e+04]), array([ 2.65257580e+01, -4.34577751e+04])]",Success
3965,"[array([-3.26719029e+01,  5.35705870e+04]), array([ 2.53409282e+01, -4.15513507e+04])]",Success
3968,"[array([-3.31456727e+01,  5.44290910e+04]), array([ 2.49965186e+01, -4.10477547e+04])]",Success
3971,"[array([-3.48860467e+01,  5.74058747e+04]), array([ 2.40280573e+01, -3.95394120e+04])]",Success
3973,"[array([-3.31027690e+01,  5.45223938e+04]), array([ 2.49641632e+01, -4.11178834e+04])]",Success
3975,"[array([-3.20393154e+01,  5.28587263e+04]), array([ 2.56371942e+01, -4.22998815e+04])]",Success
3980,"[array([-3.21934378e+01,  5.32788977e+04]), array([ 2.53969799e+01, -4.20310210e+04])]",Success
3983,"[array([-2.97539803e+01,  4.92971632e+04]), array([ 2.71727879e+01, -4.50210080e+04])]",Success
3984,[],Success
3985,[],Success
3986,[],Success
3987,[],Success
3988,[],Success
3989,[],Success
3991,[],Success
3992,[],Success
3993,[],Success
3994,[],Success
3995,[],Success
3996,[],Success
3997,[],Success
3998,"[array([-3.05950832e+01,  5.06148901e+04]), array([ 2.65331218e+01, -4.38955862e+04])]",Success
4002,"[array([-2.97243700e+01,  4.92481464e+04]), array([ 2.71753222e+01, -4.50252165e+04])]",Success
3999,"[array([-3.21732383e+01,  5.32454700e+04]), array([ 2.54133804e+01, -4.20582151e+04])]",Success
4000,"[array([-3.29043766e+01,  5.44813977e+04]), array([ 2.49841481e+01, -4.13687221e+04])]",Success
4001,"[array([-3.36804232e+01,  5.57798645e+04]), array([ 2.45537579e+01, -4.06649511e+04])]",Success
4003,"[array([-3.59757170e+01,  5.96290629e+04]), array([ 2.33738867e+01, -3.87421122e+04])]",Success
4004,"[array([-2.99218507e+01,  4.96569028e+04]), array([ 2.69494815e+01, -4.47244266e+04])]",Success
4005,"[array([-3.26295554e+01,  5.41877869e+04]), array([ 2.50532998e+01, -4.16063376e+04])]",Success
4006,"[array([-2.50093081e+01,  4.15546975e+04]), array([ 3.27420711e+01, -5.44038153e+04])]",Success
4007,"[array([-2.98203142e+01,  4.95635234e+04]), array([ 2.70193549e+01, -4.49084789e+04])]",Success
4008,"[array([-2.93214966e+01,  4.87823301e+04]), array([ 2.74553261e+01, -4.56786887e+04])]",Success
4010,"[array([-2.81057978e+01,  4.67853773e+04]), array([ 2.85855153e+01, -4.75841733e+04])]",Success
4011,"[array([-5.08413807e+01,  8.46579509e+04]), array([ 1.93549784e+01, -3.22288974e+04])]",Success
4012,"[array([-3.24560188e+01,  5.40627087e+04]), array([ 2.51670455e+01, -4.19243853e+04])]",Success
4013,"[array([-3.24020475e+01,  5.39962023e+04]), array([ 2.51316234e+01, -4.18810980e+04])]",Success
4014,"[array([-3.02006345e+01,  5.03463143e+04]), array([ 2.66376383e+01, -4.44068582e+04])]",Success
4015,"[array([-3.14621525e+01,  5.24939457e+04]), array([ 2.57159004e+01, -4.29068005e+04])]",Success
4016,"[array([-3.30334331e+01,  5.51184840e+04]), array([ 2.47319877e+01, -4.12673958e+04])]",Success
4018,"[array([-3.37301972e+01,  5.63512838e+04]), array([ 2.43030395e+01, -4.06022383e+04])]",Success
4020,"[array([-3.17978901e+01,  5.31663773e+04]), array([ 2.54269354e+01, -4.25143635e+04])]",Success
4021,"[array([-2.95120062e+01,  4.93710194e+04]), array([ 2.71702314e+01, -4.54558965e+04])]",Success
4023,"[array([-2.89697701e+01,  4.85094142e+04]), array([ 2.75902573e+01, -4.61998749e+04])]",Success
4024,"[array([-3.19990900e+01,  5.36031984e+04]), array([ 2.52519509e+01, -4.23010720e+04])]",Success
4026,"[array([-2.75564979e+01,  4.61964726e+04]), array([ 2.89624417e+01, -4.85537380e+04])]",Success
4027,"[array([-2.93744893e+01,  4.92636331e+04]), array([ 2.71798436e+01, -4.55832539e+04])]",Success
4028,"[array([-3.90850643e+01,  6.55869113e+04]), array([ 2.19456742e+01, -3.68262962e+04])]",Success
4029,"[array([-3.77241786e+01,  6.33266578e+04]), array([ 2.24257568e+01, -3.76458715e+04])]",Success
4009,"[array([-7.30030082e+02,  1.21469238e+06]), array([ 1.36617914e+01, -2.27318860e+04])]",Success
4017,"[array([-3.32179395e+01,  5.54797750e+04]), array([ 2.4597367e+01, -4.1082438e+04])]",Success
4019,"[array([-3.76520712e+01,  6.29338616e+04]), array([ 2.25077702e+01, -3.76213094e+04])]",Success
4022,"[array([-2.68156926e+01,  4.48887528e+04]), array([ 2.98610079e+01, -4.99867636e+04])]",Success
4025,"[array([-3.66707918e+01,  6.14524991e+04]), array([ 2.28712271e+01, -3.83275753e+04])]",Success
4030,"[array([-2.85973612e+01,  4.80295685e+04]), array([ 2.78943779e+01, -4.68513855e+04])]",Success
4031,"[array([-3.04304225e+01,  5.11431139e+04]), array([ 2.62846652e+01, -4.41758574e+04])]",Success
4032,"[array([-3.13382914e+01,  5.26949063e+04]), array([ 2.57127414e+01, -4.32400457e+04])]",Success
4033,"[array([-3.67655142e+01,  6.18284016e+04]), array([ 2.27680413e+01, -3.82892999e+04])]",Success
4035,"[array([-5.26881254e+01,  8.86954968e+04]), array([ 1.89227046e+01, -3.18546897e+04])]",Success
4037,"[array([-3.32524042e+01,  5.60305282e+04]), array([ 2.43801576e+01, -4.10808738e+04])]",Success
4039,"[array([-3.38483255e+01,  5.70700887e+04]), array([ 2.40497614e+01, -4.05492861e+04])]",Success
4040,"[array([-3.03742025e+01,  5.12633902e+04]), array([ 2.62226466e+01, -4.42567999e+04])]",Success
4041,"[array([-3.02039349e+01,  5.09808286e+04]), array([ 2.63203100e+01, -4.44258329e+04])]",Success
4043,[],Success
4044,[],Success
4045,[],Success
4046,[],Success
4047,[],Success
4048,[],Success
4049,[],Success
4050,[],Success
4052,[],Success
4053,[],Success
4054,[],Success
4034,"[array([-2.88364308e+01,  4.85381184e+04]), array([ 2.75741356e+01, -4.64136104e+04])]",Success
4036,"[array([-3.37454898e+01,  5.68234780e+04]), array([ 2.45847454e+01, -4.14090968e+04])]",Success
4038,"[array([-3.16548027e+01,  5.33687533e+04]), array([ 2.52974235e+01, -4.26506953e+04])]",Success
4042,"[array([-2.96562549e+01,  5.00611491e+04]), array([ 2.67183488e+01, -4.51019216e+04])]",Success
4051,[],Success
4055,[],Success
4056,"[array([-3.32295506e+01,  5.59920119e+04]), array([ 2.43876340e+01, -4.10934871e+04])]",Success
4057,"[array([-3.16624269e+01,  5.33815734e+04]), array([ 2.53246884e+01, -4.26967099e+04])]",Success
4058,"[array([-3.38551212e+01,  5.70815180e+04]), array([ 2.40519826e+01, -4.05530563e+04])]",Success
4059,"[array([-3.03386625e+01,  5.12034533e+04]), array([ 2.62182243e+01, -4.42493267e+04])]",Success
4060,"[array([-3.01326007e+01,  5.08605083e+04]), array([ 2.63405108e+01, -4.44599720e+04])]",Success
4061,"[array([-2.96479620e+01,  5.00471599e+04]), array([ 2.67396095e+01, -4.51378585e+04])]",Success
4062,"[array([-3.19344427e+01,  5.39611928e+04]), array([ 2.50933754e+01, -4.24019673e+04])]",Success
4063,"[array([-3.24110762e+01,  5.47942233e+04]), array([ 2.48285377e+01, -4.19766622e+04])]",Success
4064,"[array([-1.98244715e+01,  3.35454536e+04]), array([ 4.69717926e+01, -7.94826401e+04])]",Success
4065,"[array([-3.78926810e+01,  6.41235986e+04]), array([ 2.22283838e+01, -3.76161340e+04])]",Success
4066,"[array([-2.92842815e+01,  4.95606081e+04]), array([ 2.70402753e+01, -4.57632888e+04])]",Success
4068,"[array([-3.19546393e+01,  5.41557406e+04]), array([ 2.50363323e+01, -4.24308957e+04])]",Success
4069,"[array([-3.29240916e+01,  5.58373168e+04]), array([ 2.44293909e+01, -4.14317375e+04])]",Success
4070,"[array([-2.75944300e+01,  4.68320491e+04]), array([ 2.85729559e+01, -4.84932113e+04])]",Success
4072,"[array([-3.26075331e+01,  5.54037903e+04]), array([ 2.45836899e+01, -4.17716600e+04])]",Success
4075,"[array([-3.50139492e+01,  5.96016950e+04]), array([ 2.33039861e+01, -3.96690619e+04])]",Success
4084,"[array([-2.93860694e+01,  5.03084151e+04]), array([ 2.66032976e+01, -4.55446145e+04])]",Success
4085,"[array([-3.40844529e+01,  5.83932830e+04]), array([ 2.36211852e+01, -4.04678985e+04])]",Success
4086,"[array([-3.16279157e+01,  5.42007572e+04]), array([ 2.49649682e+01, -4.27833758e+04])]",Success
4067,"[array([-2.83363602e+01,  4.79945427e+04]), array([ 2.78608240e+01, -4.71897875e+04])]",Success
4071,"[array([-3.33661795e+01,  5.66451858e+04]), array([ 2.41597444e+01, -4.10159568e+04])]",Success
4078,"[array([-3.20465176e+01,  5.46435020e+04]), array([ 2.48120304e+01, -4.23079272e+04])]",Success
4079,"[array([-3.33686454e+01,  5.69378523e+04]), array([ 2.40631036e+01, -4.10602992e+04])]",Success
4080,"[array([-3.15710080e+01,  5.39078711e+04]), array([ 2.50934595e+01, -4.28476411e+04])]",Success
4081,"[array([-3.10060467e+01,  5.29900885e+04]), array([ 2.54732648e+01, -4.35350513e+04])]",Success
4082,"[array([-3.18127651e+01,  5.44006000e+04]), array([ 2.48871543e+01, -4.25582398e+04])]",Success
4083,"[array([-3.27767883e+01,  5.61019372e+04]), array([ 2.43063823e+01, -4.16040586e+04])]",Success
4087,"[array([-2.62237060e+01,  4.49674518e+04]), array([ 2.98886740e+01, -5.12523534e+04])]",Success
4090,"[array([-3.19165238e+01,  5.48137197e+04]), array([ 2.47996994e+01, -4.25924250e+04])]",Success
4091,[],Success
4092,[],Success
4093,[],Success
4094,[],Success
4095,[],Success
4096,[],Success
4097,[],Success
4098,[],Success
4099,[],Success
4100,[],Success
4101,[],Success
4102,[],Success
4103,[],Success
4104,"[array([-2.61814122e+01,  4.48949735e+04]), array([ 2.98568918e+01, -5.11978353e+04])]",Success
4105,"[array([-3.01142424e+01,  5.16478109e+04]), array([ 2.60359730e+01, -4.46537123e+04])]",Success
4073,"[array([-3.06894429e+01,  5.21706036e+04]), array([ 2.58230143e+01, -4.38995477e+04])]",Success
4074,"[array([-3.10535862e+01,  5.28351794e+04]), array([ 2.55354512e+01, -4.34474736e+04])]",Success
4076,"[array([-3.02625092e+01,  5.15478616e+04]), array([ 2.60835344e+01, -4.44300330e+04])]",Success
4077,"[array([-3.41466534e+01,  5.82169500e+04]), array([ 2.36642914e+01, -4.03459435e+04])]",Success
4088,"[array([-3.00380633e+01,  5.15172661e+04]), array([ 2.60836366e+01, -4.47355315e+04])]",Success
4089,"[array([-2.94398209e+01,  5.05104055e+04]), array([ 2.65008667e+01, -4.54683649e+04])]",Success
4106,"[array([-2.94738016e+01,  5.05686558e+04]), array([ 2.65526401e+01, -4.55572830e+04])]",Success
4107,"[array([-3.18429345e+01,  5.46874171e+04]), array([ 2.47787335e+01, -4.25563802e+04])]",Success
4108,"[array([-2.86815479e+01,  4.93069163e+04]), array([ 2.71514944e+01, -4.66770359e+04])]",Success
4109,"[array([-3.30108381e+01,  5.67612191e+04]), array([ 2.40905256e+01, -4.14232657e+04])]",Success
4110,"[array([-3.37591468e+01,  5.80695827e+04]), array([ 2.36971488e+01, -4.07625887e+04])]",Success
4111,"[array([-3.24964258e+01,  5.59594173e+04]), array([ 2.43299327e+01, -4.18973397e+04])]",Success
4112,"[array([-2.22943606e+01,  3.84003627e+04]), array([ 3.69121670e+01, -6.35788526e+04])]",Success
4113,"[array([-2.91149038e+01,  5.01675953e+04]), array([ 2.67234218e+01, -4.60487811e+04])]",Success
4114,"[array([-3.13241626e+01,  5.40393612e+04]), array([ 2.50201048e+01, -4.31646301e+04])]",Success
4115,"[array([-3.82137666e+01,  6.59336394e+04]), array([ 2.17684647e+01, -3.75593240e+04])]",Success
4116,"[array([-2.72834215e+01,  4.70972562e+04]), array([ 2.84202307e+01, -4.90598954e+04])]",Success
4117,"[array([-3.08933914e+01,  5.33408110e+04]), array([ 2.52789505e+01, -4.36482175e+04])]",Success
4118,"[array([-3.26068958e+01,  5.63541465e+04]), array([ 2.42149997e+01, -4.18508843e+04])]",Success
4119,"[array([-3.43119748e+01,  5.93497554e+04]), array([ 2.32943682e+01, -4.02931250e+04])]",Success
4121,"[array([-2.80351393e+01,  4.85568518e+04]), array([ 2.75374741e+01, -4.76966133e+04])]",Success
4122,"[array([-2.25069162e+01,  3.90145665e+04]), array([ 3.60110659e+01, -6.24235815e+04])]",Success
4123,"[array([-5.40863877e+01,  9.37599886e+04]), array([ 1.83488337e+01, -3.18082344e+04])]",Success
4124,"[array([-2.75435994e+01,  4.77575399e+04]), array([ 2.80137210e+01, -4.85728553e+04])]",Success
4131,"[array([-3.15943765e+01,  5.49770697e+04]), array([ 2.46385854e+01, -4.28734484e+04])]",Success
4120,"[array([-3.01870256e+01,  5.22516785e+04]), array([ 2.57354827e+01, -4.45466126e+04])]",Success
4125,"[array([-3.14484009e+01,  5.45575628e+04]), array([ 2.48394760e+01, -4.30931994e+04])]",Success
4126,"[array([-3.69371483e+01,  6.41156588e+04]), array([ 2.21154218e+01, -3.83882107e+04])]",Success
4128,"[array([-3.19365629e+01,  5.54720073e+04]), array([ 2.44781558e+01, -4.25174104e+04])]",Success
4132,"[array([-3.04216595e+01,  5.29753041e+04]), array([ 2.54254015e+01, -4.42758284e+04])]",Success
4133,"[array([-3.20134650e+01,  5.57961106e+04]), array([ 2.43459043e+01, -4.24324593e+04])]",Success
4134,"[array([-3.16856820e+01,  5.52271519e+04]), array([ 2.45605948e+01, -4.28086042e+04])]",Success
4135,"[array([-3.08695640e+01,  5.38399526e+04]), array([ 2.50991507e+01, -4.37759225e+04])]",Success
4136,"[array([-3.09381630e+01,  5.39693347e+04]), array([ 2.50178176e+01, -4.36418380e+04])]",Success
4137,"[array([-3.09725770e+01,  5.40674233e+04]), array([ 2.49971024e+01, -4.36381677e+04])]",Success
4138,"[array([-3.39565204e+01,  5.92868330e+04]), array([ 2.32760797e+01, -4.06392908e+04])]",Success
4139,"[array([-3.12260127e+01,  5.45508256e+04]), array([ 2.48066927e+01, -4.33366461e+04])]",Success
4140,"[array([-3.04289151e+01,  5.31671472e+04]), array([ 2.53499050e+01, -4.42936216e+04])]",Success
4141,[],Success
4142,[],Success
4143,[],Success
4144,[],Success
4145,[],Success
4146,[],Success
4147,[],Success
4148,[],Success
4149,[],Success
4150,[],Success
4151,[],Success
4152,"[array([-3.08487564e+01,  5.38036503e+04]), array([ 2.50710401e+01, -4.37268637e+04])]",Success
4127,"[array([-3.02065216e+01,  5.24338279e+04]), array([ 2.56491439e+01, -4.45230435e+04])]",Success
4129,"[array([-3.12132609e+01,  5.42592234e+04]), array([ 2.49315224e+01, -4.33397625e+04])]",Success
4130,"[array([-3.24403261e+01,  5.64457388e+04]), array([ 2.41475217e+01, -4.20164721e+04])]",Success
4153,"[array([-3.09173092e+01,  5.39329517e+04]), array([ 2.50117745e+01, -4.36312761e+04])]",Success
4154,"[array([-3.09741164e+01,  5.40701217e+04]), array([ 2.50091791e+01, -4.36592911e+04])]",Success
4155,"[array([-3.39994335e+01,  5.93616935e+04]), array([ 2.32887490e+01, -4.06614408e+04])]",Success
4156,"[array([-3.11665733e+01,  5.44470442e+04]), array([ 2.48080329e+01, -4.33390105e+04])]",Success
4157,"[array([-3.03979874e+01,  5.31131532e+04]), array([ 2.53517706e+01, -4.42969118e+04])]",Success
4158,"[array([-2.44583161e+01,  4.27649263e+04]), array([ 3.17259301e+01, -5.54725015e+04])]",Success
4159,"[array([-3.42976391e+01,  5.99882246e+04]), array([ 2.31030725e+01, -4.04094911e+04])]",Success
4160,"[array([-3.17468993e+01,  5.55611055e+04]), array([ 2.44465110e+01, -4.27851502e+04])]",Success
4161,"[array([-3.02582225e+01,  5.29848283e+04]), array([ 2.54324381e+01, -4.45368378e+04])]",Success
4162,"[array([-3.02508172e+01,  5.30273716e+04]), array([ 2.53796883e+01, -4.44890157e+04])]",Success
4163,"[array([-3.13015503e+01,  5.49306338e+04]), array([ 2.46517099e+01, -4.32614706e+04])]",Success
4164,"[array([-3.28426829e+01,  5.76843338e+04]), array([ 2.37525487e+01, -4.17203600e+04])]",Success
4165,"[array([-2.91021945e+01,  5.11576659e+04]), array([ 2.61864737e+01, -4.60325321e+04])]",Success
4166,"[array([-3.91871134e+01,  6.88939361e+04]), array([ 2.11168362e+01, -3.71251664e+04])]",Success
4167,"[array([-2.70295504e+01,  4.75302223e+04]), array([ 2.81271971e+01, -4.94607592e+04])]",Success
4169,"[array([-3.34439598e+01,  5.88588368e+04]), array([ 2.34079448e+01, -4.11987780e+04])]",Success
4170,"[array([-3.28629906e+01,  5.78575452e+04]), array([ 2.36906148e+01, -4.17092872e+04])]",Success
4172,"[array([-3.10480337e+01,  5.47377523e+04]), array([ 2.47218928e+01, -4.35855639e+04])]",Success
4173,"[array([-4.14749595e+01,  7.31247117e+04]), array([ 2.04311654e+01, -3.60228383e+04])]",Success
4175,"[array([-2.91896517e+01,  5.15457233e+04]), array([ 2.60288137e+01, -4.59649338e+04])]",Success
4177,"[array([-3.53764671e+01,  6.25753546e+04]), array([ 2.24079650e+01, -3.96382144e+04])]",Success
4184,"[array([-3.31738323e+01,  5.88534394e+04]), array([ 2.33507855e+01, -4.14264851e+04])]",Success
4168,"[array([-3.07419009e+01,  5.40902855e+04]), array([ 2.49535610e+01, -4.39059836e+04])]",Success
4171,"[array([-3.11606285e+01,  5.48921831e+04]), array([ 2.47059269e+01, -4.35242893e+04])]",Success
4178,"[array([-3.01956512e+01,  5.34266417e+04]), array([ 2.52089606e+01, -4.46045642e+04])]",Success
4179,"[array([-4.24191970e+01,  7.51364148e+04]), array([ 2.00981785e+01, -3.55997622e+04])]",Success
4180,"[array([-2.82939521e+01,  5.01216698e+04]), array([ 2.67068639e+01, -4.73104185e+04])]",Success
4182,"[array([-3.06412747e+01,  5.43127047e+04]), array([ 2.48943088e+01, -4.41280899e+04])]",Success
4183,"[array([-2.67967267e+01,  4.75379337e+04]), array([ 2.81351973e+01, -4.99129573e+04])]",Success
4186,"[array([-2.81565204e+01,  5.00060878e+04]), array([ 2.67845776e+01, -4.75696998e+04])]",Success
4187,"[array([-3.21226892e+01,  5.70879495e+04]), array([ 2.38712416e+01, -4.24254013e+04])]",Success
4188,"[array([-3.04709401e+01,  5.42041336e+04]), array([ 2.49399008e+01, -4.43654314e+04])]",Success
4190,[],Success
4191,[],Success
4192,[],Success
4193,[],Success
4194,[],Success
4195,[],Success
4196,[],Success
4197,[],Success
4198,[],Success
4199,[],Success
4200,[],Success
4201,[],Success
4202,[],Success
4203,[],Success
4205,[],Success
4174,"[array([-2.66186254e+01,  4.69778558e+04]), array([ 2.85121152e+01, -5.03199125e+04])]",Success
4176,"[array([-2.99339337e+01,  5.29123511e+04]), array([ 2.54410873e+01, -4.49710137e+04])]",Success
4181,"[array([-2.95979606e+01,  5.24313457e+04]), array([ 2.56882765e+01, -4.55091136e+04])]",Success
4185,"[array([-3.11871509e+01,  5.53484545e+04]), array([ 2.45121035e+01, -4.35050090e+04])]",Success
4189,"[array([-3.06060726e+01,  5.44444552e+04]), array([ 2.48498651e+01, -4.42057466e+04])]",Success
4204,[],Success
4206,"[array([-2.81386817e+01,  4.99744464e+04]), array([ 2.67282389e+01, -4.74695608e+04])]",Success
4207,"[array([-3.21316997e+01,  5.71039298e+04]), array([ 2.38864149e+01, -4.24523996e+04])]",Success
4208,"[array([-3.03063390e+01,  5.39114522e+04]), array([ 2.49643739e+01, -4.44089480e+04])]",Success
4209,"[array([-3.05750556e+01,  5.43893422e+04]), array([ 2.48516170e+01, -4.42088877e+04])]",Success
4210,"[array([-2.91667044e+01,  5.19148821e+04]), array([ 2.58741320e+01, -4.60565568e+04])]",Success
4211,"[array([-4.15471334e+01,  7.40231295e+04]), array([ 2.02385594e+01, -3.60586168e+04])]",Success
4212,"[array([-3.22440824e+01,  5.74562128e+04]), array([ 2.37514700e+01, -4.23237137e+04])]",Success
4213,"[array([-2.88840189e+01,  5.14883397e+04]), array([ 2.60393807e+01, -4.64182435e+04])]",Success
4214,"[array([-3.12042207e+01,  5.56540978e+04]), array([ 2.43497949e+01, -4.34297984e+04])]",Success
4215,"[array([-3.16715651e+01,  5.65098881e+04]), array([ 2.40515472e+01, -4.29141106e+04])]",Success
4216,"[array([-3.34439398e+01,  5.96875666e+04]), array([ 2.31016122e+01, -4.12300762e+04])]",Success
4217,"[array([-2.83927852e+01,  5.07213110e+04]), array([ 2.64017446e+01, -4.71651483e+04])]",Success
4218,"[array([-3.22206519e+01,  5.75677074e+04]), array([ 2.37342108e+01, -4.24054192e+04])]",Success
4219,"[array([-2.86293918e+01,  5.11912967e+04]), array([ 2.61754439e+01, -4.68037536e+04])]",Success
4220,"[array([-3.12244197e+01,  5.58434184e+04]), array([ 2.42948623e+01, -4.34515281e+04])]",Success
4221,"[array([-3.13153006e+01,  5.60403780e+04]), array([ 2.42182704e+01, -4.33402152e+04])]",Success
4224,"[array([-3.08004008e+01,  5.52290341e+04]), array([ 2.45028188e+01, -4.39369539e+04])]",Success
4228,"[array([-3.97911190e+01,  7.14486925e+04]), array([ 2.05981074e+01, -3.69866524e+04])]",Success
4231,"[array([-2.80404649e+01,  5.04426858e+04]), array([ 2.65460603e+01, -4.77549383e+04])]",Success
4223,"[array([-3.16165404e+01,  5.66674255e+04]), array([ 2.40097612e+01, -4.30336810e+04])]",Success
4227,"[array([-3.00106418e+01,  5.38597697e+04]), array([ 2.50043086e+01, -4.48764773e+04])]",Success
4229,"[array([-3.0286364e+01,  5.4402989e+04]), array([ 2.48046692e+01, -4.45570279e+04])]",Success
4234,"[array([-3.21004056e+01,  5.78216943e+04]), array([ 2.36048672e+01, -4.25191977e+04])]",Success
4235,"[array([-3.07658943e+01,  5.54303628e+04]), array([ 2.44043190e+01, -4.39690432e+04])]",Success
4236,"[array([-2.90910257e+01,  5.24475071e+04]), array([ 2.55837899e+01, -4.61251065e+04])]",Success
4237,"[array([-3.02070789e+01,  5.44820952e+04]), array([ 2.47446777e+01, -4.46303294e+04])]",Success
4238,"[array([-3.22351160e+01,  5.81543696e+04]), array([ 2.35116954e+01, -4.24173675e+04])]",Success
4239,"[array([-3.41579200e+01,  6.16765951e+04]), array([ 2.25189250e+01, -4.06612822e+04])]",Success
4240,"[array([-2.93175215e+01,  5.29809783e+04]), array([ 2.53388759e+01, -4.57916171e+04])]",Success
4242,"[array([-3.14405145e+01,  5.68603491e+04]), array([ 2.39107810e+01, -4.32430208e+04])]",Success
4244,[],Success
4245,[],Success
4246,[],Success
4247,[],Success
4248,[],Success
4249,[],Success
4250,[],Success
4251,[],Success
4252,[],Success
4253,[],Success
4254,[],Success
4255,[],Success
4256,[],Success
4257,[],Success
4222,"[array([-3.13357494e+01,  5.61315856e+04]), array([ 2.41851247e+01, -4.33232655e+04])]",Success
4225,"[array([-2.01986205e+01,  3.62419163e+04]), array([ 4.13098292e+01, -7.41218275e+04])]",Success
4226,"[array([-2.81908804e+01,  5.05926479e+04]), array([ 2.64510382e+01, -4.74705332e+04])]",Success
4230,"[array([-4.09499764e+01,  7.35913714e+04]), array([ 2.02779676e+01, -3.64420780e+04])]",Success
4232,"[array([-2.90133498e+01,  5.22101570e+04]), array([ 2.56928726e+01, -4.62354395e+04])]",Success
4233,"[array([-3.05258037e+01,  5.49559820e+04]), array([ 2.45795745e+01, -4.42512203e+04])]",Success
4241,"[array([-3.32360238e+01,  6.00851078e+04]), array([ 2.29142693e+01, -4.14254535e+04])]",Success
4243,"[array([-3.14584929e+01,  5.69185224e+04]), array([ 2.39069849e+01, -4.32557488e+04])]",Success
4258,[],Success
4259,[],Success
4260,[],Success
4261,"[array([-2.92745304e+01,  5.29033301e+04]), array([ 2.53639443e+01, -4.58369702e+04])]",Success
4262,"[array([-3.31675608e+01,  5.99614190e+04]), array([ 2.29290166e+01, -4.14521524e+04])]",Success
4263,"[array([-3.14124748e+01,  5.68096771e+04]), array([ 2.39136983e+01, -4.32483167e+04])]",Success
4265,"[array([-3.23213639e+01,  5.85024976e+04]), array([ 2.33755194e+01, -4.23103112e+04])]",Success
4266,"[array([-2.86546546e+01,  5.18938193e+04]), array([ 2.58326053e+01, -4.67832096e+04])]",Success
4267,"[array([-2.76665630e+01,  5.01055373e+04]), array([ 2.66659151e+01, -4.82933180e+04])]",Success
4268,"[array([-3.39636435e+01,  6.15510781e+04]), array([ 2.25395089e+01, -4.08476322e+04])]",Success
4269,"[array([-3.17050027e+01,  5.75009023e+04]), array([ 2.36892288e+01, -4.29634649e+04])]",Success
4272,"[array([-3.23287772e+01,  5.87367416e+04]), array([ 2.33132243e+01, -4.23570699e+04])]",Success
4273,"[array([-3.07250949e+01,  5.58425888e+04]), array([ 2.42250304e+01, -4.40289083e+04])]",Success
4274,"[array([-3.57948956e+01,  6.50665946e+04]), array([ 2.17051120e+01, -3.94547557e+04])]",Success
4275,"[array([-2.93850222e+01,  5.34648313e+04]), array([ 2.51755227e+01, -4.58080890e+04])]",Success
4277,"[array([-2.73699317e+01,  4.98347278e+04]), array([ 2.68306227e+01, -4.88529583e+04])]",Success
4281,"[array([-3.01062446e+01,  5.49765624e+04]), array([ 2.45582103e+01, -4.48457365e+04])]",Success
4264,"[array([-3.14973122e+01,  5.69887115e+04]), array([ 2.38872427e+01, -4.32200088e+04])]",Success
4270,"[array([-3.41600853e+01,  6.19819310e+04]), array([ 2.24360067e+01, -4.07092182e+04])]",Success
4271,"[array([-3.02812880e+01,  5.49809236e+04]), array([ 2.45745349e+01, -4.46210515e+04])]",Success
4278,"[array([-3.14316647e+01,  5.72603168e+04]), array([ 2.37935504e+01, -4.33478882e+04])]",Success
4279,"[array([-2.86380987e+01,  5.22096364e+04]), array([ 2.56904568e+01, -4.68366768e+04])]",Success
4280,"[array([-3.09712637e+01,  5.65243206e+04]), array([ 2.40218812e+01, -4.38418665e+04])]",Success
4282,"[array([-3.06267878e+01,  5.59702208e+04]), array([ 2.41905261e+01, -4.42084401e+04])]",Success
4285,"[array([-2.96173865e+01,  5.41883182e+04]), array([ 2.48482557e+01, -4.54633573e+04])]",Success
4286,"[array([-3.23241690e+01,  5.91776587e+04]), array([ 2.31477425e+01, -4.23783613e+04])]",Success
4287,"[array([-2.96422511e+01,  5.43056365e+04]), array([ 2.47966228e+01, -4.54287023e+04])]",Success
4289,"[array([-2.97647217e+01,  5.46217632e+04]), array([ 2.47001148e+01, -4.53290856e+04])]",Success
4290,"[array([-3.02210467e+01,  5.54828969e+04]), array([ 2.43613105e+01, -4.47252329e+04])]",Success
4291,"[array([-3.01461071e+01,  5.53707680e+04]), array([ 2.43738897e+01, -4.47687036e+04])]",Success
4294,"[array([-2.98561761e+01,  5.49346691e+04]), array([ 2.45678546e+01, -4.52056716e+04])]",Success
4295,[],Success
4296,[],Success
4297,[],Success
4298,[],Success
4299,[],Success
4300,[],Success
4301,[],Success
4302,[],Success
4303,[],Success
4304,[],Success
4305,[],Success
4276,"[array([-3.53676390e+01,  6.43851219e+04]), array([ 2.18564061e+01, -3.97887477e+04])]",Success
4283,"[array([-3.04474702e+01,  5.56621029e+04]), array([ 2.42926149e+01, -4.44106554e+04])]",Success
4284,"[array([-3.00433003e+01,  5.49454939e+04]), array([ 2.45561876e+01, -4.49105312e+04])]",Success
4288,"[array([-3.19438847e+01,  5.85525562e+04]), array([ 2.33467773e+01, -4.27946551e+04])]",Success
4292,"[array([-3.31680884e+01,  6.09484933e+04]), array([ 2.26483719e+01, -4.16183227e+04])]",Success
4293,"[array([-3.02132476e+01,  5.55683214e+04]), array([ 2.43065540e+01, -4.47046269e+04])]",Success
4306,[],Success
4307,[],Success
4308,"[array([-3.01951220e+01,  5.54607236e+04]), array([ 2.43679649e+01, -4.47578108e+04])]",Success
4309,"[array([-3.31463742e+01,  6.09085963e+04]), array([ 2.26617528e+01, -4.16429265e+04])]",Success
4310,"[array([-3.01786208e+01,  5.55046510e+04]), array([ 2.43106706e+01, -4.47122208e+04])]",Success
4311,"[array([-2.98218871e+01,  5.48716236e+04]), array([ 2.45642782e+01, -4.51991029e+04])]",Success
4312,"[array([-3.04221263e+01,  5.60005333e+04]), array([ 2.41475627e+01, -4.44505148e+04])]",Success
4313,"[array([-2.93651143e+01,  5.40587803e+04]), array([ 2.48806534e+01, -4.58035975e+04])]",Success
4314,"[array([-2.93651143e+01,  5.41155011e+04]), array([ 2.48577852e+01, -4.58095789e+04])]",Success
4315,"[array([-3.24986501e+01,  5.99293764e+04]), array([ 2.29337378e+01, -4.22917735e+04])]",Success
4316,"[array([-3.01101079e+01,  5.55718750e+04]), array([ 2.43155368e+01, -4.48776202e+04])]",Success
4318,"[array([-3.06690721e+01,  5.66838543e+04]), array([ 2.39321989e+01, -4.42335503e+04])]",Success
4319,"[array([-4.18257780e+01,  7.73314882e+04]), array([ 1.96077305e+01, -3.62529090e+04])]",Success
4321,"[array([-3.15127197e+01,  5.82945632e+04]), array([ 2.34227240e+01, -4.33317473e+04])]",Success
4322,"[array([-2.98594959e+01,  5.53009467e+04]), array([ 2.44059533e+01, -4.52019498e+04])]",Success
4323,"[array([-2.83400941e+01,  5.25448153e+04]), array([ 2.55007274e+01, -4.72808895e+04])]",Success
4324,"[array([-3.01711907e+01,  5.59842677e+04]), array([ 2.41261579e+01, -4.47674924e+04])]",Success
4325,"[array([-3.27740517e+01,  6.08332209e+04]), array([ 2.26664240e+01, -4.20721924e+04])]",Success
4326,"[array([-2.44041338e+01,  4.53264766e+04]), array([ 2.97644237e+01, -5.52826442e+04])]",Success
4317,"[array([-2.90359109e+01,  5.36275743e+04]), array([ 2.50532281e+01, -4.62723921e+04])]",Success
4327,"[array([-2.98158933e+01,  5.53860975e+04]), array([ 2.43703142e+01, -4.52718586e+04])]",Success
4328,"[array([-3.11447434e+01,  5.79194499e+04]), array([ 2.35080306e+01, -4.37181593e+04])]",Success
4329,"[array([-2.81801287e+01,  5.24114035e+04]), array([ 2.55599650e+01, -4.75385414e+04])]",Success
4330,"[array([-3.15828875e+01,  5.87557095e+04]), array([ 2.32243130e+01, -4.32062954e+04])]",Success
4331,"[array([-2.37149675e+01,  4.41244651e+04]), array([ 3.07888035e+01, -5.72864153e+04])]",Success
4333,"[array([-4.74062817e+01,  8.82607104e+04]), array([ 1.84177620e+01, -3.42903809e+04])]",Success
4334,"[array([-3.03153203e+01,  5.64854185e+04]), array([ 2.39715088e+01, -4.46666903e+04])]",Success
4335,"[array([-3.07228204e+01,  5.72812475e+04]), array([ 2.36911890e+01, -4.41713388e+04])]",Success
4337,"[array([-3.16253710e+01,  5.90038701e+04]), array([ 2.31411786e+01, -4.31754282e+04])]",Success
4339,"[array([-3.05060093e+01,  5.69863085e+04]), array([ 2.37685857e+01, -4.44008817e+04])]",Success
4340,"[array([-3.03603668e+01,  5.67689716e+04]), array([ 2.38931141e+01, -4.46764763e+04])]",Success
4341,[],Success
4342,[],Success
4343,[],Success
4344,[],Success
4345,[],Success
4346,[],Success
4347,[],Success
4348,[],Success
4349,[],Success
4350,[],Success
4351,[],Success
4352,[],Success
4353,[],Success
4320,"[array([-2.28784526e+01,  4.23040041e+04]), array([ 3.25143833e+01, -6.01219860e+04])]",Success
4332,"[array([-2.59410096e+01,  4.82965781e+04]), array([ 2.77309660e+01, -5.16295756e+04])]",Success
4336,"[array([-2.41590581e+01,  4.50462352e+04]), array([ 3.00035571e+01, -5.59440363e+04])]",Success
4338,"[array([-3.11856207e+01,  5.82214209e+04]), array([ 2.34027745e+01, -4.36915681e+04])]",Success
4354,"[array([-3.04862246e+01,  5.69493468e+04]), array([ 2.37844556e+01, -4.44305542e+04])]",Success
4355,"[array([-3.03337897e+01,  5.67192824e+04]), array([ 2.38734819e+01, -4.46397357e+04])]",Success
4356,"[array([-3.05832383e+01,  5.72306652e+04]), array([ 2.36939046e+01, -4.43397058e+04])]",Success
4357,"[array([-3.25109091e+01,  6.08839412e+04]), array([ 2.25960404e+01, -4.23163190e+04])]",Success
4358,"[array([-2.89962162e+01,  5.43218296e+04]), array([ 2.47430812e+01, -4.63542802e+04])]",Success
4359,"[array([-2.60909533e+01,  4.88858727e+04]), array([ 2.73688775e+01, -5.12806143e+04])]",Success
4360,"[array([-3.02996768e+01,  5.68133049e+04]), array([ 2.38569519e+01, -4.47342725e+04])]",Success
4361,"[array([-3.20756148e+01,  6.02019831e+04]), array([ 2.28020527e+01, -4.27970632e+04])]",Success
4362,"[array([-2.93956994e+01,  5.51987759e+04]), array([ 2.44161000e+01, -4.58487905e+04])]",Success
4363,"[array([-3.00738974e+01,  5.65245307e+04]), array([ 2.39248595e+01, -4.49676771e+04])]",Success
4364,"[array([-3.19607287e+01,  6.01121075e+04]), array([ 2.28135355e+01, -4.29081267e+04])]",Success
4365,"[array([-2.92391819e+01,  5.49943857e+04]), array([ 2.44594435e+01, -4.60045259e+04])]",Success
4366,"[array([-3.01611381e+01,  5.67587198e+04]), array([ 2.38495909e+01, -4.48824077e+04])]",Success
4367,"[array([-3.04898412e+01,  5.74129891e+04]), array([ 2.36276086e+01, -4.44913963e+04])]",Success
4368,"[array([-2.76265022e+01,  5.20384565e+04]), array([ 2.57404621e+01, -4.84860239e+04])]",Success
4369,"[array([-3.12143414e+01,  5.88413852e+04]), array([ 2.31808411e+01, -4.36982903e+04])]",Success
4371,"[array([-3.35139078e+01,  6.32184741e+04]), array([ 2.19754301e+01, -4.14532494e+04])]",Success
4372,"[array([-2.55924387e+01,  4.82809094e+04]), array([ 2.77428407e+01, -5.23379412e+04])]",Success
4373,"[array([-2.78808259e+01,  5.26498809e+04]), array([ 2.54402588e+01, -4.80421190e+04])]",Success
4375,"[array([-2.98193824e+01,  5.64027575e+04]), array([ 2.39410095e+01, -4.52841965e+04])]",Success
4380,"[array([-3.13576588e+01,  5.94422944e+04]), array([ 2.29848128e+01, -4.35708304e+04])]",Success
4370,"[array([-4.87142048e+01,  9.18875060e+04]), array([ 1.80216297e+01, -3.39935603e+04])]",Success
4374,"[array([-3.03615530e+01,  5.73804966e+04]), array([ 2.36234895e+01, -4.46473781e+04])]",Success
4376,"[array([-3.31080132e+01,  6.26283535e+04]), array([ 2.21543670e+01, -4.19083295e+04])]",Success
4377,"[array([-2.89956024e+01,  5.48712393e+04]), array([ 2.45224516e+01, -4.64066169e+04])]",Success
4378,"[array([-3.07511699e+01,  5.82234984e+04]), array([ 2.33321813e+01, -4.41767834e+04])]",Success
4379,"[array([-2.63169306e+01,  4.98865152e+04]), array([ 2.68194650e+01, -5.08393973e+04])]",Success
4381,"[array([-3.06728364e+01,  5.81847655e+04]), array([ 2.33672221e+01, -4.43271255e+04])]",Success
4383,"[array([-3.31412051e+01,  6.29279885e+04]), array([ 2.20667247e+01, -4.19004246e+04])]",Success
4385,"[array([-3.10861264e+01,  5.90994022e+04]), array([ 2.30847268e+01, -4.38880138e+04])]",Success
4386,"[array([-2.83743579e+01,  5.39916680e+04]), array([ 2.48344280e+01, -4.72566881e+04])]",Success
4387,"[array([-2.82651340e+01,  5.38064685e+04]), array([ 2.49682460e+01, -4.75307619e+04])]",Success
4388,[],Success
4389,[],Success
4390,[],Success
4391,[],Success
4392,[],Success
4393,[],Success
4394,[],Success
4395,[],Success
4396,[],Success
4397,[],Success
4398,[],Success
4399,[],Success
4401,[],Success
4402,[],Success
4382,"[array([-3.40723756e+01,  6.46622130e+04]), array([ 2.16547647e+01, -4.10965276e+04])]",Success
4384,"[array([-2.52638922e+01,  4.80139495e+04]), array([ 2.79357802e+01, -5.30924038e+04])]",Success
4400,[],Success
4403,"[array([-3.10661634e+01,  5.90614505e+04]), array([ 2.30797944e+01, -4.38786239e+04])]",Success
4404,"[array([-2.84028605e+01,  5.40458553e+04]), array([ 2.48548288e+01, -4.72955504e+04])]",Success
4405,"[array([-2.82755391e+01,  5.38262705e+04]), array([ 2.49247112e+01, -4.74478368e+04])]",Success
4406,"[array([-3.07027341e+01,  5.84679369e+04]), array([ 2.32824586e+01, -4.43379598e+04])]",Success
4407,"[array([-3.02831068e+01,  5.77144368e+04]), array([ 2.34881340e+01, -4.47645097e+04])]",Success
4408,"[array([-3.02831068e+01,  5.77418849e+04]), array([ 2.34881340e+01, -4.47863399e+04])]",Success
4409,"[array([-2.82191003e+01,  5.38423823e+04]), array([ 2.49132076e+01, -4.75348183e+04])]",Success
4410,"[array([-3.16457054e+01,  6.03918993e+04]), array([ 2.26812223e+01, -4.32847342e+04])]",Success
4411,"[array([-3.03931646e+01,  5.80656153e+04]), array([ 2.33834735e+01, -4.46741766e+04])]",Success
4414,"[array([-2.98997903e+01,  5.72343788e+04]), array([ 2.36429331e+01, -4.52579193e+04])]",Success
4415,"[array([-3.22928132e+01,  6.18352530e+04]), array([ 2.22877351e+01, -4.26774099e+04])]",Success
4419,"[array([-2.70812143e+01,  5.19880980e+04]), array([ 2.57402998e+01, -4.94139582e+04])]",Success
4420,"[array([-3.14129251e+01,  6.03261974e+04]), array([ 2.26796482e+01, -4.35549390e+04])]",Success
4422,"[array([-4.57004024e+01,  8.78454701e+04]), array([ 1.82801610e+01, -3.51382812e+04])]",Success
4424,"[array([-2.6487024e+01,  5.0978579e+04]), array([ 2.61988368e+01, -5.04240861e+04])]",Success
4426,"[array([-2.95799246e+01,  5.69533616e+04]), array([ 2.37435269e+01, -4.57161710e+04])]",Success
4427,"[array([-3.10000380e+01,  5.97252176e+04]), array([ 2.28421333e+01, -4.40082213e+04])]",Success
4428,"[array([-3.33426102e+01,  6.42384344e+04]), array([ 2.17000266e+01, -4.18079336e+04])]",Success
4429,"[array([-2.9572616e+01,  5.7024276e+04]), array([ 2.37163901e+01, -4.57319446e+04])]",Success
4430,"[array([-3.05982558e+01,  5.90181244e+04]), array([ 2.30553060e+01, -4.44693565e+04])]",Success
4441,[],Success
4442,[],Success
4412,"[array([-3.32382053e+01,  6.35662467e+04]), array([ 2.18578815e+01, -4.18023595e+04])]",Success
4413,"[array([-2.78897204e+01,  5.33535566e+04]), array([ 2.50954762e+01, -4.80086037e+04])]",Success
4416,"[array([-2.96257728e+01,  5.67413589e+04]), array([ 2.38496788e+01, -4.56808268e+04])]",Success
4417,"[array([-2.89087454e+01,  5.54304940e+04]), array([ 2.43024069e+01, -4.65997573e+04])]",Success
4418,"[array([-2.89261392e+01,  5.55062071e+04]), array([ 2.42683162e+01, -4.65691680e+04])]",Success
4421,"[array([-2.74172790e+01,  5.26773153e+04]), array([ 2.53951234e+01, -4.87922758e+04])]",Success
4423,"[array([-2.72697875e+01,  5.24352173e+04]), array([ 2.55358703e+01, -4.91022504e+04])]",Success
4425,"[array([-3.04099012e+01,  5.85307824e+04]), array([ 2.32342316e+01, -4.47211403e+04])]",Success
4431,"[array([-3.09923786e+01,  5.97973857e+04]), array([ 2.28168028e+01, -4.40233699e+04])]",Success
4433,"[array([-3.48628468e+01,  6.73612540e+04]), array([ 2.10296764e+01, -4.06332560e+04])]",Success
4434,"[array([-2.99670450e+01,  5.79344702e+04]), array([ 2.34149496e+01, -4.52681045e+04])]",Success
4435,"[array([-3.25791067e+01,  6.30140419e+04]), array([ 2.19669492e+01, -4.24883985e+04])]",Success
4436,"[array([-2.84256972e+01,  5.50116494e+04]), array([ 2.44438996e+01, -4.73063669e+04])]",Success
4437,[],Success
4438,[],Success
4439,[],Success
4440,[],Success
4443,[],Success
4444,[],Success
4445,[],Success
4446,[],Success
4447,[],Success
4448,[],Success
4449,[],Success
4450,"[array([-3.48778400e+01,  6.73901989e+04]), array([ 2.09758150e+01, -4.05290833e+04])]",Success
4432,"[array([-2.99745088e+01,  5.78734341e+04]), array([ 2.34225587e+01, -4.52243691e+04])]",Success
4451,"[array([-2.99018261e+01,  5.78084602e+04]), array([ 2.34109436e+01, -4.52603664e+04])]",Success
4452,"[array([-3.25427671e+01,  6.29437621e+04]), array([ 2.19684708e+01, -4.24913358e+04])]",Success
4453,"[array([-2.83919575e+01,  5.49463988e+04]), array([ 2.44469495e+01, -4.73122737e+04])]",Success
4454,"[array([-2.96384927e+01,  5.73965990e+04]), array([ 2.35730639e+01, -4.56508235e+04])]",Success
4455,"[array([-3.00298264e+01,  5.81991342e+04]), array([ 2.32916852e+01, -4.51413803e+04])]",Success
4456,"[array([-3.08737560e+01,  5.98908045e+04]), array([ 2.27687285e+01, -4.41683645e+04])]",Success
4457,"[array([-2.95116557e+01,  5.72697755e+04]), array([ 2.36357924e+01, -4.58687927e+04])]",Success
4458,"[array([-2.49800081e+01,  4.84906214e+04]), array([ 2.76536291e+01, -5.36809858e+04])]",Success
4459,"[array([-3.10777224e+01,  6.03537202e+04]), array([ 2.26602825e+01, -4.40070510e+04])]",Success
4462,"[array([-2.95900426e+01,  5.75595106e+04]), array([ 2.34925405e+01, -4.56989985e+04])]",Success
4463,"[array([-3.04659252e+01,  5.93112662e+04]), array([ 2.29490491e+01, -4.46774904e+04])]",Success
4464,"[array([-3.05646399e+01,  5.95369472e+04]), array([ 2.28836130e+01, -4.45753096e+04])]",Success
4465,"[array([-3.01993048e+01,  5.88662430e+04]), array([ 2.30733285e+01, -4.49760690e+04])]",Success
4468,"[array([-2.96599643e+01,  5.79290898e+04]), array([ 2.33588697e+01, -4.56229649e+04])]",Success
4470,"[array([-2.96121587e+01,  5.79206686e+04]), array([ 2.33891227e+01, -4.57495002e+04])]",Success
4471,"[array([-3.04356718e+01,  5.95480164e+04]), array([ 2.28598649e+01, -4.47258362e+04])]",Success
4472,"[array([-3.17222038e+01,  6.21016494e+04]), array([ 2.21466988e+01, -4.33562010e+04])]",Success
4475,"[array([-3.02455575e+01,  5.93203387e+04]), array([ 2.29285100e+01, -4.49698616e+04])]",Success
4479,[],Success
4484,[],Success
4485,[],Success
4486,[],Success
4488,[],Success
4491,[],Success
4460,"[array([-3.08955552e+01,  6.00088878e+04]), array([ 2.27581248e+01, -4.42036712e+04])]",Success
4461,"[array([-2.98318590e+01,  5.79858634e+04]), array([ 2.33731424e+01, -4.54322380e+04])]",Success
4466,"[array([-2.99926961e+01,  5.85059984e+04]), array([ 2.31954096e+01, -4.52470702e+04])]",Success
4473,"[array([-3.01141984e+01,  5.89894691e+04]), array([ 2.30347202e+01, -4.51219615e+04])]",Success
4474,"[array([-2.85670771e+01,  5.59898961e+04]), array([ 2.40413406e+01, -4.71214294e+04])]",Success
4476,"[array([-3.03780761e+01,  5.96248503e+04]), array([ 2.28629423e+01, -4.48757307e+04])]",Success
4477,"[array([-3.20001178e+01,  6.28521560e+04]), array([ 2.19871647e+01, -4.31860710e+04])]",Success
4478,"[array([-3.39457912e+01,  6.67445812e+04]), array([ 2.10838762e+01, -4.14559968e+04])]",Success
4480,[],Success
4481,[],Success
4482,[],Success
4483,[],Success
4487,[],Success
4489,[],Success
4490,[],Success
4492,[],Success
4493,[],Success
4494,[],Success
4495,[],Success
4496,[],Success
4497,[],Success
4500,"[array([-3.22233298e+01,  6.33898274e+04]), array([ 2.18044532e+01, -4.28940270e+04])]",Success
4501,"[array([-2.74557647e+01,  5.40233751e+04]), array([ 2.48012737e+01, -4.88004307e+04])]",Success
4503,"[array([-2.82194661e+01,  5.55353576e+04]), array([ 2.42666466e+01, -4.77594329e+04])]",Success
4505,"[array([-2.49613025e+01,  4.91927543e+04]), array([ 2.72494219e+01, -5.37024030e+04])]",Success
4467,"[array([-2.89938679e+01,  5.65911390e+04]), array([ 2.38201433e+01, -4.64932125e+04])]",Success
4469,"[array([-2.88074178e+01,  5.63116637e+04]), array([ 2.39274727e+01, -4.67728886e+04])]",Success
4498,"[array([-3.19799435e+01,  6.28125322e+04]), array([ 2.19637849e+01, -4.31401149e+04])]",Success
4499,"[array([-3.39521787e+01,  6.67571284e+04]), array([ 2.10671045e+01, -4.14230093e+04])]",Success
4502,"[array([-2.66993304e+01,  5.25409275e+04]), array([ 2.54774526e+01, -5.01368391e+04])]",Success
4504,"[array([-3.93967546e+01,  7.76122327e+04]), array([ 1.92916261e+01, -3.80051589e+04])]",Success
4506,"[array([-3.12165215e+01,  6.15282814e+04]), array([ 2.22823212e+01, -4.39189693e+04])]",Success
4507,"[array([-2.95785616e+01,  5.83405423e+04]), array([ 2.32215350e+01, -4.58024261e+04])]",Success
4508,"[array([-2.90459913e+01,  5.73319287e+04]), array([ 2.35508038e+01, -4.64865634e+04])]",Success
4509,"[array([-3.01863651e+01,  5.96200336e+04]), array([ 2.28109879e+01, -4.50533113e+04])]",Success
4510,"[array([-3.1120705e+01,  6.1513055e+04]), array([ 2.22859268e+01, -4.40503503e+04])]",Success
4511,"[array([-3.03685913e+01,  6.00478892e+04]), array([ 2.27104248e+01, -4.49068710e+04])]",Success
4512,"[array([-1.32308475e+01,  2.61894542e+04]), array([ 2.07178271e+02, -4.10095739e+05])]",Success
4513,"[array([-2.93308563e+01,  5.80623181e+04]), array([ 2.33283844e+01, -4.61823845e+04])]",Success
4514,"[array([-2.31161933e+01,  4.57907282e+04]), array([ 2.96233623e+01, -5.86810768e+04])]",Success
4516,"[array([-2.92114545e+01,  5.78958497e+04]), array([ 2.33325840e+01, -4.62448163e+04])]",Success
4518,"[array([-3.03250443e+01,  6.01752244e+04]), array([ 2.26188535e+01, -4.48837460e+04])]",Success
4520,"[array([-3.09440360e+01,  6.15142332e+04]), array([ 2.22691268e+01, -4.42694466e+04])]",Success
4521,"[array([-3.30985717e+01,  6.58045622e+04]), array([ 2.12467993e+01, -4.22417880e+04])]",Success
4522,"[array([-2.48792512e+01,  4.94738823e+04]), array([ 2.70775218e+01, -5.38454072e+04])]",Success
4525,"[array([-2.72345915e+01,  5.42616525e+04]), array([ 2.46789284e+01, -4.91697549e+04])]",Success
4526,"[array([-2.88650437e+01,  5.75452868e+04]), array([ 2.34560986e+01, -4.67631279e+04])]",Success
4527,"[array([-1.42283004e+01,  2.83788145e+04]), array([ 1.05786835e+02, -2.10996421e+05])]",Success
4528,"[array([-3.25701645e+01,  6.49668060e+04]), array([ 2.14009551e+01, -4.26885921e+04])]",Success
4542,[],Success
4515,"[array([-2.48081580e+01,  4.91436318e+04]), array([ 2.72708278e+01, -5.40224885e+04])]",Success
4517,"[array([-3.26890086e+01,  6.48212497e+04]), array([ 2.14698180e+01, -4.25744175e+04])]",Success
4523,"[array([-3.06383129e+01,  6.09482008e+04]), array([ 2.24118468e+01, -4.45850944e+04])]",Success
4524,"[array([-2.68692151e+01,  5.35072221e+04]), array([ 2.50348745e+01, -4.98546122e+04])]",Success
4529,"[array([-3.26109793e+01,  6.50740266e+04]), array([ 2.14009551e+01, -4.27057320e+04])]",Success
4530,"[array([-3.10466691e+01,  6.20145823e+04]), array([ 2.21492407e+01, -4.42428850e+04])]",Success
4532,"[array([-2.78555768e+01,  5.56905930e+04]), array([ 2.40959184e+01, -4.81740889e+04])]",Success
4533,"[array([-2.88758143e+01,  5.77443785e+04]), array([ 2.33951073e+01, -4.67852278e+04])]",Success
4534,"[array([-2.53825451e+01,  5.07661927e+04]), array([ 2.63358455e+01, -5.26733737e+04])]",Success
4535,[],Success
4536,[],Success
4537,[],Success
4538,[],Success
4539,[],Success
4543,[],Success
4544,[],Success
4545,[],Success
4546,[],Success
4547,[],Success
4548,[],Success
4549,[],Success
4550,[],Success
4551,[],Success
4553,[],Success
4554,[],Success
4519,"[array([-2.93219374e+01,  5.82335831e+04]), array([ 2.32328007e+01, -4.61410591e+04])]",Success
4531,"[array([-2.35236064e+01,  4.69935487e+04]), array([ 2.8711583e+01, -5.7358012e+04])]",Success
4540,[],Success
4541,[],Success
4552,[],Success
4555,[],Success
4556,"[array([-3.10272841e+01,  6.19758838e+04]), array([ 2.21081212e+01, -4.41606824e+04])]",Success
4557,"[array([-2.35098814e+01,  4.69661496e+04]), array([ 2.86809470e+01, -5.72967573e+04])]",Success
4558,"[array([-2.78264619e+01,  5.56324314e+04]), array([ 2.41164451e+01, -4.82151736e+04])]",Success
4559,"[array([-2.88121988e+01,  5.76172305e+04]), array([ 2.33988232e+01, -4.67926999e+04])]",Success
4560,"[array([-2.53794954e+01,  5.07600849e+04]), array([ 2.63386997e+01, -5.26790905e+04])]",Success
4561,"[array([-3.06956481e+01,  6.14322134e+04]), array([ 2.22642255e+01, -4.45580261e+04])]",Success
4562,"[array([-3.36417933e+01,  6.73277358e+04]), array([ 2.09007435e+01, -4.18301776e+04])]",Success
4563,"[array([-3.68959071e+01,  7.38620630e+04]), array([ 1.97395911e+01, -3.95170183e+04])]",Success
4564,"[array([-3.29160186e+01,  6.59169235e+04]), array([ 2.11737328e+01, -4.24020673e+04])]",Success
4565,"[array([-2.71823392e+01,  5.44429155e+04]), array([ 2.46267347e+01, -4.93257310e+04])]",Success
4566,"[array([-2.48867098e+01,  4.98466711e+04]), array([ 2.68446704e+01, -5.37692494e+04])]",Success
4567,"[array([-5.82740486e+01,  1.16734839e+05]), array([ 1.62277545e+01, -3.25076721e+04])]",Success
4569,"[array([-1.94101434e+01,  3.89168024e+04]), array([ 3.80233895e+01, -7.62361876e+04])]",Success
4570,"[array([-2.89096451e+01,  5.79673028e+04]), array([ 2.33201004e+01, -4.67598202e+04])]",Success
4571,"[array([-2.86475491e+01,  5.74693457e+04]), array([ 2.34837246e+01, -4.71108466e+04])]",Success
4573,"[array([-3.89279758e+01,  7.81131752e+04]), array([ 1.91336029e+01, -3.83938374e+04])]",Success
4574,"[array([-2.79074617e+01,  5.60063374e+04]), array([ 2.40055851e+01, -4.81760300e+04])]",Success
4575,"[array([-3.04226279e+01,  6.10954207e+04]), array([ 2.23641751e+01, -4.49124202e+04])]",Success
4580,"[array([-2.76793735e+01,  5.56450651e+04]), array([ 2.41228060e+01, -4.84952798e+04])]",Success
4568,"[array([-1.87912693e+02,  3.76752794e+05]), array([ 1.32238407e+01, -2.65131204e+04])]",Success
4572,"[array([-2.88387452e+01,  5.78662913e+04]), array([ 2.33357623e+01, -4.68246537e+04])]",Success
4576,"[array([-2.98206015e+01,  5.98964366e+04]), array([ 2.27117464e+01, -4.56180131e+04])]",Success
4577,"[array([-2.64160068e+01,  5.30636475e+04]), array([ 2.52328166e+01, -5.06871369e+04])]",Success
4578,"[array([-2.99931744e+01,  6.02567395e+04]), array([ 2.25929404e+01, -4.53897293e+04])]",Success
4579,"[array([-3.42697006e+01,  6.88895388e+04]), array([ 2.05781522e+01, -4.13667427e+04])]",Success
4581,"[array([-2.96360675e+01,  5.95947295e+04]), array([ 2.27809349e+01, -4.58099747e+04])]",Success
4582,"[array([-2.88692528e+01,  5.80721657e+04]), array([ 2.32457089e+01, -4.67602156e+04])]",Success
4583,"[array([-2.89661294e+01,  5.82677718e+04]), array([ 2.32040499e+01, -4.66770708e+04])]",Success
4584,"[array([-2.61308978e+01,  5.25954028e+04]), array([ 2.54378386e+01, -5.12006573e+04])]",Success
4585,"[array([-3.04655526e+01,  6.13254338e+04]), array([ 2.22854731e+01, -4.48595640e+04])]",Success
4586,"[array([-2.90896121e+01,  5.85755168e+04]), array([ 2.31158524e+01, -4.65467714e+04])]",Success
4587,"[array([-3.11924756e+01,  6.28144129e+04]), array([ 2.18848307e+01, -4.40711580e+04])]",Success
4588,"[array([-2.62573578e+01,  5.28956642e+04]), array([ 2.52829636e+01, -5.09329331e+04])]",Success
4589,"[array([-3.23140540e+01,  6.51108985e+04]), array([ 2.13208874e+01, -4.29604563e+04])]",Success
4590,"[array([-2.58775979e+01,  5.21666373e+04]), array([ 2.56467769e+01, -5.17015484e+04])]",Success
4591,"[array([-3.22261494e+01,  6.49693251e+04]), array([ 2.13511534e+01, -4.30449937e+04])]",Success
4593,"[array([-2.90620126e+01,  5.86149418e+04]), array([ 2.30733196e+01, -4.65365261e+04])]",Success
4595,"[array([-2.69648244e+01,  5.44129618e+04]), array([ 2.46044401e+01, -4.96500983e+04])]",Success
4596,"[array([-2.72777073e+01,  5.50522703e+04]), array([ 2.43266854e+01, -4.90966132e+04])]",Success
4597,"[array([-2.98261437e+01,  6.02161425e+04]), array([ 2.25845123e+01, -4.55961914e+04])]",Success
4598,"[array([-2.45753978e+01,  4.96281018e+04]), array([ 2.69867626e+01, -5.44978467e+04])]",Success
4599,"[array([-2.77032565e+01,  5.59522585e+04]), array([ 2.39991999e+01, -4.84713837e+04])]",Success
4600,"[array([-3.12919350e+01,  6.32149435e+04]), array([ 2.17568504e+01, -4.39524938e+04])]",Success
4602,"[array([-2.68899021e+01,  5.43700390e+04]), array([ 2.46341238e+01, -4.98091806e+04])]",Success
4592,"[array([-3.07700332e+01,  6.20408086e+04]), array([ 2.20798617e+01, -4.45191461e+04])]",Success
4594,"[array([-3.15356909e+01,  6.36317523e+04]), array([ 2.16758311e+01, -4.37369904e+04])]",Success
4601,"[array([-2.78525197e+01,  5.62667523e+04]), array([ 2.39103962e+01, -4.83032110e+04])]",Success
4604,"[array([-3.70129247e+01,  7.48484833e+04]), array([ 1.95423763e+01, -3.95192843e+04])]",Success
4605,"[array([-2.68555316e+01,  5.43085542e+04]), array([ 2.46517380e+01, -4.98521724e+04])]",Success
4606,"[array([-3.09401454e+01,  6.26318333e+04]), array([ 2.19312576e+01, -4.43954766e+04])]",Success
4608,"[array([-2.66002304e+01,  5.38495867e+04]), array([ 2.48593106e+01, -5.03252188e+04])]",Success
4609,"[array([-3.11566028e+01,  6.30774117e+04]), array([ 2.18148849e+01, -4.41650679e+04])]",Success
4610,"[array([-2.48593106e+01,  5.03406656e+04]), array([ 2.65728639e+01, -5.38109023e+04])]",Success
4611,"[array([-2.75294169e+01,  5.57768900e+04]), array([ 2.40657904e+01, -4.87595916e+04])]",Success
4613,"[array([-3.12925020e+01,  6.34333223e+04]), array([ 2.17126275e+01, -4.40139887e+04])]",Success
4614,"[array([-2.98799932e+01,  6.05813824e+04]), array([ 2.24880785e+01, -4.55945840e+04])]",Success
4616,"[array([-2.91709764e+01,  5.91797141e+04]), array([ 2.28868033e+01, -4.64310635e+04])]",Success
4618,"[array([-3.05157377e+01,  6.19211997e+04]), array([ 2.21030087e+01, -4.48506632e+04])]",Success
4620,"[array([-2.88057604e+01,  5.84958704e+04]), array([ 2.30912810e+01, -4.68915731e+04])]",Success
4621,"[array([-3.96466379e+01,  8.05173491e+04]), array([ 1.87819997e+01, -3.81440436e+04])]",Success
4623,"[array([-3.38184647e+01,  6.87195054e+04]), array([ 2.05420314e+01, -4.17417510e+04])]",Success
4624,[],Success
4625,"[array([-2.07090598e+01,  4.20838253e+04]), array([ 3.34635428e+01, -6.80028332e+04])]",Success
4627,[],Success
4628,[],Success
4630,[],Success
4631,[],Success
4632,[],Success
4633,[],Success
4603,"[array([-2.96273181e+01,  5.99098021e+04]), array([ 2.26821961e+01, -4.58662783e+04])]",Success
4607,"[array([ 9.63402601e+00, -1.95033019e+04])]",Success
4612,"[array([-2.96130655e+01,  6.00128242e+04]), array([ 2.26513974e+01, -4.59046525e+04])]",Success
4615,"[array([-2.95043590e+01,  5.98203442e+04]), array([ 2.27056413e+01, -4.60360561e+04])]",Success
4617,"[array([-2.54097580e+01,  5.15573926e+04]), array([ 2.59199941e+01, -5.25928524e+04])]",Success
4619,"[array([-2.13534443e+01,  4.33347392e+04]), array([ 3.20301664e+01, -6.50023430e+04])]",Success
4622,"[array([-2.73991096e+01,  5.56592647e+04]), array([ 2.41284575e+01, -4.90154247e+04])]",Success
4626,"[array([-1.81749174e+01,  3.69729316e+04]), array([ 4.25011227e+01, -8.64598695e+04])]",Success
4629,[],Success
4634,[],Success
4635,[],Success
4636,[],Success
4637,[],Success
4638,[],Success
4639,[],Success
4640,[],Success
4641,[],Success
4642,[],Success
4645,[],Success
4646,[],Success
4647,[],Success
4648,[],Success
4649,[],Success
4650,[],Success
4651,[],Success
4643,[],Success
4644,[],Success
4652,[],Success
4653,[],Success
4654,[],Success
4655,"[array([-2.87864632e+01,  5.84566994e+04]), array([ 2.31088136e+01, -4.69272029e+04])]",Success
4656,"[array([-3.96675259e+01,  8.05596964e+04]), array([ 1.87632787e+01, -3.81059928e+04])]",Success
4657,"[array([-2.7371114e+01,  5.5602413e+04]), array([ 2.41214956e+01, -4.90012798e+04])]",Success
4658,"[array([-3.3834547e+01,  6.8752130e+04]), array([ 2.05408107e+01, -4.17392935e+04])]",Success
4659,"[array([-2.45120341e+02,  4.98115966e+05]), array([ 1.28752555e+01, -2.61645088e+04])]",Success
4660,"[array([-2.06917845e+01,  4.20487486e+04]), array([ 3.34689672e+01, -6.80138853e+04])]",Success
4661,"[array([-1.81787665e+01,  3.69807844e+04]), array([ 4.24013769e+01, -8.62569627e+04])]",Success
4662,"[array([-3.03868191e+01,  6.18171420e+04]), array([ 2.21113709e+01, -4.49822722e+04])]",Success
4663,"[array([-2.90165003e+01,  5.90337315e+04]), array([ 2.29390693e+01, -4.66694259e+04])]",Success
4664,"[array([-2.79391241e+01,  5.68736098e+04]), array([ 2.36724317e+01, -4.81884057e+04])]",Success
4665,"[array([-2.71433895e+01,  5.52697356e+04]), array([ 2.42525290e+01, -4.93834692e+04])]",Success
4666,"[array([-2.76687455e+01,  5.63433059e+04]), array([ 2.38258642e+01, -4.85179172e+04])]",Success
4667,"[array([-3.10023293e+01,  6.31349327e+04]), array([ 2.17698251e+01, -4.43334723e+04])]",Success
4668,"[array([-2.80241361e+01,  5.70925159e+04]), array([ 2.35587517e+01, -4.79954712e+04])]",Success
4669,"[array([-2.69949181e+01,  5.50060800e+04]), array([ 2.43618910e+01, -4.96410239e+04])]",Success
4670,"[array([-2.89708974e+01,  5.90470388e+04]), array([ 2.29288386e+01, -4.67323962e+04])]",Success
4673,"[array([-3.07729150e+01,  6.27787895e+04]), array([ 2.18573975e+01, -4.45906642e+04])]",Success
4674,"[array([-2.91613743e+01,  5.95098740e+04]), array([ 2.27613559e+01, -4.64494071e+04])]",Success
4679,"[array([-2.91808556e+01,  5.96143915e+04]), array([ 2.27507379e+01, -4.64784486e+04])]",Success
4682,"[array([-2.62270220e+01,  5.36185112e+04]), array([ 2.49296621e+01, -5.09666173e+04])]",Success
4671,"[array([-2.96043232e+01,  6.03386896e+04]), array([ 2.25272828e+01, -4.59144889e+04])]",Success
4672,"[array([-3.05536305e+01,  6.22871200e+04]), array([ 2.19881683e+01, -4.48255352e+04])]",Success
4675,"[array([-2.86737259e+01,  5.85152770e+04]), array([ 2.30675625e+01, -4.70747525e+04])]",Success
4676,"[array([-2.52846356e+01,  5.16225146e+04]), array([ 2.59218492e+01, -5.29243045e+04])]",Success
4677,"[array([-3.17855061e+01,  6.49209500e+04]), array([ 2.13398128e+01, -4.35864159e+04])]",Success
4678,"[array([-2.85331119e+01,  5.82851063e+04]), array([ 2.31606611e+01, -4.73110570e+04])]",Success
4680,"[array([-3.58472547e+01,  7.32670869e+04]), array([ 1.97559428e+01, -4.03788283e+04])]",Success
4681,"[array([-2.53726373e+01,  5.18693566e+04]), array([ 2.58057044e+01, -5.27550257e+04])]",Success
4683,"[array([-3.01603359e+01,  6.16822103e+04]), array([ 2.21331664e+01, -4.52656006e+04])]",Success
4684,"[array([-2.57936746e+01,  5.27694453e+04]), array([ 2.53608094e+01, -5.18841958e+04])]",Success
4685,"[array([-3.00122663e+01,  6.14037348e+04]), array([ 2.22236159e+01, -4.54687838e+04])]",Success
4686,"[array([-1.99151162e+01,  4.07509967e+04]), array([ 3.5337689e+01, -7.2309518e+04])]",Success
4687,"[array([-2.08770272e+01,  4.27537477e+04]), array([ 3.27534993e+01, -6.70756695e+04])]",Success
4688,"[array([-2.54749439e+01,  5.21727971e+04]), array([ 2.56530903e+01, -5.25377931e+04])]",Success
4689,"[array([-3.63721578e+01,  7.45033471e+04]), array([ 1.95573065e+01, -4.00605819e+04])]",Success
4690,"[array([-2.86273617e+01,  5.86537042e+04]), array([ 2.30302632e+01, -4.71863347e+04])]",Success
4691,"[array([-3.22597279e+01,  6.61008674e+04]), array([ 2.10481503e+01, -4.31282400e+04])]",Success
4692,"[array([-2.79292021e+01,  5.72581050e+04]), array([ 2.35260648e+01, -4.82316590e+04])]",Success
4694,"[array([-2.71543817e+01,  5.56882701e+04]), array([ 2.40721301e+01, -4.93673427e+04])]",Success
4695,"[array([-2.94139310e+01,  6.03442123e+04]), array([ 2.25188304e+01, -4.61987267e+04])]",Success
4698,"[array([-3.06733235e+01,  6.29731852e+04]), array([ 2.18051858e+01, -4.47671091e+04])]",Success
4701,"[array([-3.09924531e+01,  6.36812540e+04]), array([ 2.16110951e+01, -4.44053429e+04])]",Success
4703,"[array([-3.06808666e+01,  6.30889823e+04]), array([ 2.17659504e+01, -4.47577627e+04])]",Success
4704,"[array([-3.76742994e+01,  7.74698354e+04]), array([ 1.91183012e+01, -3.93136048e+04])]",Success
4706,"[array([-2.52150823e+01,  5.18857042e+04]), array([ 2.57472599e+01, -5.29812969e+04])]",Success
4693,"[array([-2.83545753e+01,  5.81454576e+04]), array([ 2.32015286e+01, -4.75786018e+04])]",Success
4697,"[array([-2.75433925e+01,  5.65469438e+04]), array([ 2.37434245e+01, -4.87460140e+04])]",Success
4700,"[array([-2.98726792e+01,  6.13801726e+04]), array([ 2.22103629e+01, -4.56368046e+04])]",Success
4705,"[array([-2.28125767e+01,  4.69295013e+04]), array([ 2.88496887e+01, -5.93495703e+04])]",Success
4707,"[array([-3.01040230e+01,  6.19462564e+04]), array([ 2.20659118e+01, -4.54064175e+04])]",Success
4708,"[array([-3.20554964e+01,  6.59841132e+04]), array([ 2.10801166e+01, -4.33930656e+04])]",Success
4709,"[array([-2.78395018e+01,  5.73289181e+04]), array([ 2.34545253e+01, -4.82997153e+04])]",Success
4710,"[array([-3.07102418e+01,  6.32407728e+04]), array([ 2.17237843e+01, -4.47358859e+04])]",Success
4711,"[array([-2.45034320e+01,  5.04898783e+04]), array([ 2.65348046e+01, -5.46763063e+04])]",Success
4713,"[array([-2.97745191e+01,  6.13685382e+04]), array([ 2.22082276e+01, -4.57738365e+04])]",Success
4714,"[array([-2.71250915e+01,  5.59122067e+04]), array([ 2.39757363e+01, -4.94209159e+04])]",Success
4715,"[array([-3.00819179e+01,  6.20330738e+04]), array([ 2.20194582e+01, -4.54074458e+04])]",Success
4716,"[array([-3.41785208e+01,  7.04929630e+04]), array([ 2.01674048e+01, -4.15953853e+04])]",Success
4717,"[array([-2.93911735e+01,  6.06367423e+04]), array([ 2.23876023e+01, -4.61881829e+04])]",Success
4718,"[array([-2.99062057e+01,  6.17010418e+04]), array([ 2.20782745e+01, -4.55514578e+04])]",Success
4720,"[array([-2.86597172e+01,  5.91627436e+04]), array([ 2.28618581e+01, -4.71949126e+04])]",Success
4721,[],Success
4725,[],Success
4726,[],Success
4727,[],Success
4728,[],Success
4729,[],Success
4730,[],Success
4731,[],Success
4732,[],Success
4696,"[array([-3.26738189e+01,  6.70347902e+04]), array([ 2.08358634e+01, -4.27477239e+04])]",Success
4702,"[array([-2.81280544e+01,  5.78150422e+04]), array([ 2.33375752e+01, -4.79694787e+04])]",Success
4712,"[array([-3.34283112e+01,  6.88841688e+04]), array([ 2.04684943e+01, -4.21788194e+04])]",Success
4719,"[array([-2.71113639e+01,  5.59652074e+04]), array([ 2.39785409e+01, -4.94986734e+04])]",Success
4723,[],Success
4724,[],Success
4733,[],Success
4734,[],Success
4735,[],Success
4736,[],Success
4737,[],Success
4738,[],Success
4739,[],Success
4740,[],Success
4741,[],Success
4742,[],Success
4743,[],Success
4744,[],Success
4745,[],Success
4746,[],Success
4747,[],Success
4748,[],Success
4749,[],Success
4750,[],Success
4752,[],Success
4699,"[array([-3.00125981e+01,  6.16647619e+04]), array([ 2.21527733e+01, -4.55166892e+04])]",Success
4722,"[array([-1.87687253e+01,  3.87760249e+04]), array([ 3.87193744e+01, -7.99942268e+04])]",Success
4751,[],Success
4753,[],Success
4754,[],Success
4755,[],Success
4756,[],Success
4757,[],Success
4758,"[array([-3.01063347e+01,  6.20833749e+04]), array([ 2.20184530e+01, -4.54053594e+04])]",Success
4759,"[array([-3.42117440e+01,  7.05614006e+04]), array([ 2.01632829e+01, -4.15868751e+04])]",Success
4760,"[array([-2.94806220e+01,  6.08211578e+04]), array([ 2.24038500e+01, -4.62217506e+04])]",Success
4761,"[array([-2.98926173e+01,  6.16730040e+04]), array([ 2.21128909e+01, -4.56229483e+04])]",Success
4762,"[array([-2.70958768e+01,  5.59332936e+04]), array([ 2.39539375e+01, -4.94478986e+04])]",Success
4763,"[array([-2.86754570e+01,  5.91951832e+04]), array([ 2.28807324e+01, -4.72338960e+04])]",Success
4764,"[array([-4.31332726e+01,  8.91010176e+04]), array([ 1.78067625e+01, -3.67839370e+04])]",Success
4765,"[array([-1.87389161e+01,  3.87144584e+04]), array([ 3.88659017e+01, -8.02970183e+04])]",Success
4766,"[array([-2.77251872e+01,  5.72808293e+04]), array([ 2.34911660e+01, -4.85335724e+04])]",Success
4767,"[array([-2.90435572e+01,  6.00329496e+04]), array([ 2.25723137e+01, -4.66574947e+04])]",Success
4768,"[array([-2.62646983e+01,  5.42954915e+04]), array([ 2.46421687e+01, -5.09421871e+04])]",Success
4769,"[array([-2.84925076e+01,  5.89064328e+04]), array([ 2.29373646e+01, -4.74219970e+04])]",Success
4770,"[array([-3.22339480e+01,  6.66711752e+04]), array([ 2.08913967e+01, -4.32110143e+04])]",Success
4771,"[array([-3.00698313e+01,  6.22056209e+04]), array([ 2.19890498e+01, -4.54891625e+04])]",Success
4775,"[array([-3.01986637e+01,  6.25334629e+04]), array([ 2.18662132e+01, -4.52794076e+04])]",Success
4777,"[array([-2.63282828e+01,  5.45555347e+04]), array([ 2.45544813e+01, -5.08804475e+04])]",Success
4779,"[array([-2.15292034e+01,  4.46229777e+04]), array([ 3.08863270e+01, -6.40177011e+04])]",Success
4772,"[array([-2.86845919e+01,  5.93488643e+04]), array([ 2.27940061e+01, -4.71614158e+04])]",Success
4773,"[array([-2.90040941e+01,  6.00335858e+04]), array([ 2.25872591e+01, -4.67520380e+04])]",Success
4774,"[array([-2.89318263e+01,  5.99066767e+04]), array([ 2.26422989e+01, -4.68837944e+04])]",Success
4776,"[array([-2.63342320e+01,  5.45446369e+04]), array([ 2.45364143e+01, -5.08211564e+04])]",Success
4778,"[array([-3.31756906e+01,  6.87490104e+04]), array([ 2.04916515e+01, -4.24648341e+04])]",Success
4780,"[array([-2.91900527e+01,  6.05146394e+04]), array([ 2.2438088e+01, -4.6517229e+04])]",Success
4781,"[array([-3.04440407e+01,  6.31456478e+04]), array([ 2.17124307e+01, -4.50352276e+04])]",Success
4782,"[array([-2.75806552e+01,  5.72085538e+04]), array([ 2.35134618e+01, -4.87726103e+04])]",Success
4783,"[array([-2.87233313e+01,  5.95979604e+04]), array([ 2.27126609e+01, -4.71267866e+04])]",Success
4785,"[array([-2.90836011e+01,  6.03902524e+04]), array([ 2.24725271e+01, -4.66630128e+04])]",Success
4786,"[array([-2.49271884e+01,  5.17744858e+04]), array([ 2.58363867e+01, -5.36631428e+04])]",Success
4787,"[array([-2.86777489e+01,  5.95728242e+04]), array([ 2.27223875e+01, -4.72018376e+04])]",Success
4788,"[array([-2.90040031e+01,  6.02632136e+04]), array([ 2.25017818e+01, -4.67533838e+04])]",Success
4789,"[array([-2.95417367e+01,  6.13813642e+04]), array([ 2.21884410e+01, -4.61029908e+04])]",Success
4790,"[array([-3.13585716e+01,  6.51961812e+04]), array([ 2.12100821e+01, -4.40971157e+04])]",Success
4791,"[array([-3.10313327e+01,  6.45267481e+04]), array([ 2.13551753e+01, -4.44062660e+04])]",Success
4792,"[array([-2.82760535e+01,  5.87983643e+04]), array([ 2.29726999e+01, -4.77705805e+04])]",Success
4793,"[array([-2.76855383e+01,  5.75982730e+04]), array([ 2.33461918e+01, -4.85707884e+04])]",Success
4794,"[array([-2.48681172e+01,  5.17518796e+04]), array([ 2.58527432e+01, -5.38013910e+04])]",Success
4795,"[array([-2.88391303e+01,  6.00171506e+04]), array([ 2.25753121e+01, -4.69818803e+04])]",Success
4796,"[array([-2.82629878e+01,  5.88490851e+04]), array([ 2.29620848e+01, -4.78120974e+04])]",Success
4799,"[array([-2.70842402e+01,  5.64223601e+04]), array([ 2.37714153e+01, -4.95213235e+04])]",Success
4801,"[array([-3.14239541e+01,  6.55030626e+04]), array([ 2.11407000e+01, -4.40683012e+04])]",Success
4802,"[array([-2.77810369e+01,  5.79227077e+04]), array([ 2.32609048e+01, -4.84989617e+04])]",Success
4806,"[array([-2.85021867e+01,  5.94902265e+04]), array([ 2.27405640e+01, -4.74645202e+04])]",Success
4784,"[array([-2.96585095e+01,  6.15558382e+04]), array([ 2.21601375e+01, -4.59933448e+04])]",Success
4797,"[array([-3.12837248e+01,  6.51525444e+04]), array([ 2.12207934e+01, -4.41955056e+04])]",Success
4798,"[array([-2.59846449e+01,  5.41235038e+04]), array([ 2.46992745e+01, -5.14464871e+04])]",Success
4800,"[array([-2.81628161e+01,  5.86872611e+04]), array([ 2.30191553e+01, -4.79689236e+04])]",Success
4803,"[array([-2.73798306e+01,  5.70975765e+04]), array([ 2.35299377e+01, -4.90694200e+04])]",Success
4804,"[array([-2.71977675e+01,  5.67334963e+04]), array([ 2.36557327e+01, -4.93451326e+04])]",Success
4805,"[array([-2.99175443e+01,  6.24091867e+04]), array([ 2.19034562e+01, -4.56915864e+04])]",Success
4807,"[array([-3.03317088e+01,  6.33223929e+04]), array([ 2.16507427e+01, -4.51995000e+04])]",Success
4808,"[array([-3.03679474e+01,  6.34011463e+04]), array([ 2.16323166e+01, -4.51633026e+04])]",Success
4809,"[array([-2.92833778e+01,  6.11817240e+04]), array([ 2.22185070e+01, -4.64210757e+04])]",Success
4810,"[array([-2.85916445e+01,  5.97385987e+04]), array([ 2.26339911e+01, -4.72909269e+04])]",Success
4811,"[array([-2.90491108e+01,  6.07005989e+04]), array([ 2.23552964e+01, -4.67132790e+04])]",Success
4812,"[array([-2.86561127e+01,  5.99087454e+04]), array([ 2.25937529e+01, -4.72349775e+04])]",Success
4814,"[array([-4.51367149e+01,  9.44226416e+04]), array([ 1.72870547e+01, -3.61635172e+04])]",Success
4816,"[array([-2.53107276e+01,  5.29542550e+04]), array([ 2.52604080e+01, -5.28503441e+04])]",Success
4818,"[array([-1.91309762e+01,  4.00508246e+04]), array([ 3.66608029e+01, -7.67508065e+04])]",Success
4819,"[array([-2.65134184e+01,  5.55198539e+04]), array([ 2.41443487e+01, -5.05599812e+04])]",Success
4820,"[array([-3.47943216e+01,  7.28750586e+04]), array([ 1.97203842e+01, -4.13040470e+04])]",Success
4822,"[array([-2.58128606e+01,  5.40888578e+04]), array([ 2.47320884e+01, -5.18250661e+04])]",Success
4823,"[array([-2.86610614e+01,  6.00641855e+04]), array([ 2.25521318e+01, -4.72624585e+04])]",Success
4824,"[array([-2.67302109e+01,  5.60432810e+04]), array([ 2.39290513e+01, -5.01707973e+04])]",Success
4825,"[array([-3.02231284e+01,  6.33730618e+04]), array([ 2.16477997e+01, -4.53923282e+04])]",Success
4826,"[array([-3.13038568e+01,  6.56549911e+04]), array([ 2.10947111e+01, -4.42431792e+04])]",Success
4836,[],Success
4838,[],Success
4813,"[array([-2.75982323e+01,  5.76980799e+04]), array([ 2.33192403e+01, -4.87523213e+04])]",Success
4815,"[array([-3.20453600e+01,  6.70391377e+04]), array([ 2.07953932e+01, -4.35046165e+04])]",Success
4817,"[array([-3.22078206e+01,  6.74147869e+04]), array([ 2.07106524e+01, -4.33507415e+04])]",Success
4821,"[array([-2.83797260e+01,  5.94491352e+04]), array([ 2.27393507e+01, -4.76345415e+04])]",Success
4827,"[array([-3.1420084e+01,  6.5912847e+04]), array([ 2.10589074e+01, -4.41775601e+04])]",Success
4828,"[array([-3.00442933e+01,  6.30426328e+04]), array([ 2.17070428e+01, -4.55486895e+04])]",Success
4832,[],Success
4833,[],Success
4834,[],Success
4835,[],Success
4837,[],Success
4839,[],Success
4840,[],Success
4841,[],Success
4842,[],Success
4843,[],Success
4844,[],Success
4845,[],Success
4846,[],Success
4847,[],Success
4848,[],Success
4849,[],Success
4850,[],Success
4852,[],Success
4854,[],Success
4829,"[array([-2.87839318e+01,  6.04187005e+04]), array([ 2.24309544e+01, -4.70837052e+04])]",Success
4830,"[array([-2.71163961e+01,  5.69297075e+04]), array([ 2.35970811e+01, -4.95414547e+04])]",Success
4831,"[array([-2.97418226e+01,  6.24544827e+04]), array([ 2.18476424e+01, -4.58780792e+04])]",Success
4851,[],Success
4853,[],Success
4855,[],Success
4856,[],Success
4857,[],Success
4858,[],Success
4859,[],Success
4860,[],Success
4861,[],Success
4862,[],Success
4863,"[array([-2.67711648e+01,  5.61290846e+04]), array([ 2.39042567e+01, -5.01187847e+04])]",Success
4864,"[array([-3.02122325e+01,  6.33502266e+04]), array([ 2.16116491e+01, -4.53164715e+04])]",Success
4867,"[array([-3.00566820e+01,  6.30685876e+04]), array([ 2.17184269e+01, -4.55726156e+04])]",Success
4868,"[array([-2.87603112e+01,  6.03691293e+04]), array([ 2.24500761e+01, -4.71238873e+04])]",Success
4869,"[array([-2.71010625e+01,  5.68975017e+04]), array([ 2.36008255e+01, -4.95493083e+04])]",Success
4870,"[array([-2.97165487e+01,  6.24014169e+04]), array([ 2.18684679e+01, -4.59218551e+04])]",Success
4871,"[array([-2.80439488e+01,  5.89111917e+04]), array([ 2.28966418e+01, -4.80988029e+04])]",Success
4872,"[array([-2.94461463e+01,  6.18728010e+04]), array([ 2.20205963e+01, -4.62702247e+04])]",Success
4873,"[array([-2.71072485e+01,  5.69692901e+04]), array([ 2.35737152e+01, -4.95432457e+04])]",Success
4876,"[array([-4.29121527e+01,  9.02653419e+04]), array([ 1.76065161e+01, -3.70351145e+04])]",Success
4877,"[array([-2.88956411e+01,  6.08038698e+04]), array([ 2.23018340e+01, -4.69287159e+04])]",Success
4878,"[array([-2.90281899e+01,  6.10868221e+04]), array([ 2.22430418e+01, -4.68082038e+04])]",Success
4865,"[array([-3.13312041e+01,  6.57123029e+04]), array([ 2.10908774e+01, -4.42351333e+04])]",Success
4866,"[array([-3.14043538e+01,  6.58798483e+04]), array([ 2.10374447e+01, -4.41325175e+04])]",Success
4874,"[array([-2.58348674e+01,  5.43004610e+04]), array([ 2.46285701e+01, -5.17652040e+04])]",Success
4875,"[array([-1.69013152e+01,  3.55510546e+04]), array([ 4.75012572e+01, -9.99167680e+04])]",Success
4879,"[array([-2.89617638e+01,  6.09501502e+04]), array([ 2.22822021e+01, -4.68929876e+04])]",Success
4880,"[array([-2.96267877e+01,  6.23952975e+04]), array([ 2.18869176e+01, -4.60947770e+04])]",Success
4881,"[array([-2.71764519e+01,  5.72453890e+04]), array([ 2.34705721e+01, -4.94391584e+04])]",Success
4882,"[array([-2.81751411e+01,  5.93522899e+04]), array([ 2.27529467e+01, -4.79301128e+04])]",Success
4883,"[array([-2.72349588e+01,  5.73928533e+04]), array([ 2.34054364e+01, -4.93229286e+04])]",Success
4884,"[array([-2.99002188e+01,  6.30355123e+04]), array([ 2.16943268e+01, -4.57360742e+04])]",Success
4885,"[array([-1.99177835e+02,  4.19953255e+05]), array([ 1.28014095e+01, -2.69910431e+04])]",Success
4886,"[array([-2.39541525e+01,  5.05071543e+04]), array([ 2.65431113e+01, -5.59662680e+04])]",Success
4887,"[array([-2.70190992e+01,  5.69988450e+04]), array([ 2.35693168e+01, -4.97217043e+04])]",Success
4888,"[array([-2.90620457e+01,  6.13164721e+04]), array([ 2.21400873e+01, -4.67124118e+04])]",Success
4889,"[array([-2.70706421e+01,  5.71257996e+04]), array([ 2.34981224e+01, -4.95871685e+04])]",Success
4890,"[array([-3.23251622e+01,  6.82372018e+04]), array([ 2.05347496e+01, -4.33483602e+04])]",Success
4891,"[array([-3.33047125e+01,  7.03192314e+04]), array([ 2.01260166e+01, -4.24941535e+04])]",Success
4892,"[array([-2.81495287e+01,  5.94476396e+04]), array([ 2.2711839e+01, -4.7964220e+04])]",Success
4894,"[array([-3.15117020e+01,  6.65803147e+04]), array([ 2.08346126e+01, -4.40210855e+04])]",Success
4895,"[array([-3.36516445e+01,  7.11396403e+04]), array([ 1.99939755e+01, -4.22675290e+04])]",Success
4896,"[array([-2.76200929e+01,  5.83927309e+04]), array([ 2.30587455e+01, -4.87495628e+04])]",Success
4899,"[array([-3.07309014e+01,  6.50132872e+04]), array([ 2.11919471e+01, -4.48331278e+04])]",Success
4900,"[array([-2.74152053e+01,  5.80253293e+04]), array([ 2.31858623e+01, -4.90739681e+04])]",Success
4902,"[array([-2.76554262e+01,  5.85609763e+04]), array([ 2.29958143e+01, -4.86944580e+04])]",Success
4904,"[array([-3.60023747e+01,  7.62545969e+04]), array([ 1.91484557e+01, -4.05575860e+04])]",Success
4893,"[array([-2.51775665e+01,  5.31844539e+04]), array([ 2.51525142e+01, -5.31318066e+04])]",Success
4897,"[array([-2.21832198e+01,  4.69153776e+04]), array([ 2.89423681e+01, -6.12105776e+04])]",Success
4898,"[array([-2.55159606e+01,  5.39803426e+04]), array([ 2.47897949e+01, -5.24444422e+04])]",Success
4901,"[array([-2.95314668e+01,  6.25154127e+04]), array([ 2.18420451e+01, -4.62378866e+04])]",Success
4903,"[array([-2.67915761e+01,  5.67423750e+04]), array([ 2.36307722e+01, -5.00484192e+04])]",Success
4905,"[array([-2.53900047e+01,  5.37938235e+04]), array([ 2.48892156e+01, -5.27333391e+04])]",Success
4906,"[array([-2.74260682e+01,  5.81191472e+04]), array([ 2.31698648e+01, -4.91001926e+04])]",Success
4907,"[array([-3.22659626e+01,  6.83823268e+04]), array([ 2.04805055e+01, -4.34054887e+04])]",Success
4908,"[array([-2.94079053e+01,  6.23325454e+04]), array([ 2.18648031e+01, -4.63446187e+04])]",Success
4909,"[array([-2.79049916e+01,  5.91789551e+04]), array([ 2.28084199e+01, -4.83709252e+04])]",Success
4910,"[array([-2.37757892e+01,  5.04266363e+04]), array([ 2.65817833e+01, -5.63788935e+04])]",Success
4911,"[array([-2.72946164e+01,  5.79182553e+04]), array([ 2.32230438e+01, -4.92790817e+04])]",Success
4912,"[array([-2.89222770e+01,  6.13765019e+04]), array([ 2.21424281e+01, -4.69890309e+04])]",Success
4913,"[array([-3.00528200e+01,  6.38204881e+04]), array([ 2.14772709e+01, -4.56096917e+04])]",Success
4914,"[array([-3.54133652e+01,  7.52121067e+04]), array([ 1.92917490e+01, -4.09728159e+04])]",Success
4915,"[array([-2.79228306e+01,  5.93162620e+04]), array([ 2.27360829e+01, -4.82986876e+04])]",Success
4916,"[array([-2.88493318e+01,  6.13000214e+04]), array([ 2.21761794e+01, -4.71217840e+04])]",Success
4920,"[array([-3.06671218e+01,  6.52275706e+04]), array([ 2.11479648e+01, -4.49809998e+04])]",Success
4921,"[array([-2.58547427e+01,  5.50011328e+04]), array([ 2.43324074e+01, -5.17629571e+04])]",Success
4922,"[array([-2.65630918e+01,  5.65270057e+04]), array([ 2.37366988e+01, -5.05128007e+04])]",Success
4924,"[array([-2.72228662e+01,  5.79539331e+04]), array([ 2.32121308e+01, -4.94158698e+04])]",Success
4925,"[array([-2.67541241e+01,  5.69759734e+04]), array([ 2.35463588e+01, -5.01449806e+04])]",Success
4927,"[array([-2.62735385e+01,  5.59835624e+04]), array([ 2.39146044e+01, -5.09574743e+04])]",Success
4931,"[array([-2.94189142e+01,  6.27418115e+04]), array([ 2.17531875e+01, -4.63937368e+04])]",Success
4936,[],Success
4917,"[array([-2.35152743e+01,  4.99757277e+04]), array([ 2.68745992e+01, -5.71156424e+04])]",Success
4918,"[array([-2.78238125e+01,  5.91525619e+04]), array([ 2.28130082e+01, -4.85000363e+04])]",Success
4919,"[array([-3.00099692e+01,  6.38276920e+04]), array([ 2.1490515e+01, -4.5708037e+04])]",Success
4926,"[array([-2.80026499e+01,  5.96416460e+04]), array([ 2.26248579e+01, -4.81879778e+04])]",Success
4930,"[array([-3.09884345e+01,  6.60833779e+04]), array([ 2.09555706e+01, -4.46884798e+04])]",Success
4932,[],Success
4933,[],Success
4934,[],Success
4935,[],Success
4937,[],Success
4938,[],Success
4939,[],Success
4940,[],Success
4941,[],Success
4942,[],Success
4943,[],Success
4944,[],Success
4946,[],Success
4947,[],Success
4948,[],Success
4949,[],Success
4950,[],Success
4951,[],Success
4952,[],Success
4953,[],Success
4923,"[array([-3.13536991e+01,  6.67228768e+04]), array([ 2.07989885e+01, -4.42619857e+04])]",Success
4928,"[array([-2.97477254e+01,  6.33864947e+04]), array([ 2.16135428e+01, -4.60544567e+04])]",Success
4929,"[array([-2.76275476e+01,  5.88993013e+04]), array([ 2.28652699e+01, -4.87469593e+04])]",Success
4945,[],Success
4954,[],Success
4955,[],Success
4956,[],Success
4957,[],Success
4958,[],Success
4959,[],Success
4960,[],Success
4961,[],Success
4962,[],Success
4963,[],Success
4964,[],Success
4965,"[array([-2.67885393e+01,  5.70491914e+04]), array([ 2.35178056e+01, -5.00841146e+04])]",Success
4966,"[array([-2.79790594e+01,  5.95914172e+04]), array([ 2.26413989e+01, -4.82232326e+04])]",Success
4970,"[array([-3.08792505e+01,  6.58506665e+04]), array([ 2.09744504e+01, -4.47287785e+04])]",Success
4971,"[array([-2.93921350e+01,  6.26847306e+04]), array([ 2.17553174e+01, -4.63982768e+04])]",Success
4972,"[array([-2.89819972e+01,  6.18376565e+04]), array([ 2.19837197e+01, -4.69061383e+04])]",Success
4973,"[array([-2.83285136e+01,  6.04513976e+04]), array([ 2.23951797e+01, -4.77910386e+04])]",Success
4974,"[array([-2.88694976e+01,  6.16261701e+04]), array([ 2.20707055e+01, -4.71138258e+04])]",Success
4975,"[array([-2.65782676e+01,  5.67380542e+04]), array([ 2.36501534e+01, -5.04880667e+04])]",Success
4977,"[array([-4.14463084e+01,  8.85444251e+04]), array([ 1.77125972e+01, -3.78408070e+04])]",Success
4978,"[array([-2.63275292e+01,  5.62535619e+04]), array([ 2.38296612e+01, -5.09166735e+04])]",Success
4967,"[array([-2.73684540e+01,  5.83166215e+04]), array([ 2.30786984e+01, -4.91763677e+04])]",Success
4968,"[array([-2.88739899e+01,  6.15247320e+04]), array([ 2.20849759e+01, -4.70589556e+04])]",Success
4969,"[array([-2.75983042e+01,  5.88369925e+04]), array([ 2.28687012e+01, -4.87542903e+04])]",Success
4976,"[array([-3.17127057e+01,  6.77485650e+04]), array([ 2.05872647e+01, -4.39813558e+04])]",Success
4979,"[array([-2.46966203e+01,  5.27749209e+04]), array([ 2.53445640e+01, -5.41603525e+04])]",Success
4980,"[array([-2.66629118e+01,  5.69990281e+04]), array([ 2.35614098e+01, -5.03693735e+04])]",Success
4981,"[array([-2.85351308e+01,  6.10083065e+04]), array([ 2.22220487e+01, -4.75112643e+04])]",Success
4982,"[array([-2.95770495e+01,  6.32584523e+04]), array([ 2.16100818e+01, -4.62192087e+04])]",Success
4983,"[array([-2.95770495e+01,  6.32780395e+04]), array([ 2.15915005e+01, -4.61940804e+04])]",Success
4984,"[array([-2.98939465e+01,  6.39730832e+04]), array([ 2.14439924e+01, -4.58903804e+04])]",Success
4985,"[array([-2.63217139e+01,  5.63454464e+04]), array([ 2.38018152e+01, -5.09514510e+04])]",Success
4986,"[array([-2.82399718e+01,  6.04650588e+04]), array([ 2.23555965e+01, -4.78659269e+04])]",Success
4987,"[array([-2.77407016e+01,  5.94125245e+04]), array([ 2.27197601e+01, -4.86591730e+04])]",Success
4988,"[array([-2.89835242e+01,  6.20956475e+04]), array([ 2.19211633e+01, -4.69649610e+04])]",Success
4989,"[array([-2.93564116e+01,  6.29051697e+04]), array([ 2.16938046e+01, -4.64857746e+04])]",Success
4990,"[array([-3.02042502e+01,  6.47236670e+04]), array([ 2.12349678e+01, -4.55037749e+04])]",Success
4991,"[array([-2.87446879e+01,  6.16287853e+04]), array([ 2.20317055e+01, -4.72362381e+04])]",Success
4992,"[array([-2.87776520e+01,  6.17126869e+04]), array([ 2.20317055e+01, -4.72464088e+04])]",Success
4993,"[array([-2.62706608e+01,  5.63487262e+04]), array([ 2.37805507e+01, -5.10079422e+04])]",Success
4995,"[array([-2.83291305e+01,  6.07924726e+04]), array([ 2.22657908e+01, -4.77813537e+04])]",Success
4996,"[array([-4.04375492e+01,  8.67940458e+04]), array([ 1.78316362e+01, -3.82734710e+04])]",Success
4997,"[array([-2.98398619e+01,  6.40736875e+04]), array([ 2.13869318e+01, -4.59233495e+04])]",Success
4998,"[array([-2.96632947e+01,  6.37032310e+04]), array([ 2.14785639e+01, -4.61264329e+04])]",Success
4999,"[array([-3.12078207e+01,  6.70321540e+04]), array([ 2.06935426e+01, -4.44486006e+04])]",Success
5004,"[array([-2.91938010e+01,  6.28015871e+04]), array([ 2.16868236e+01, -4.66527319e+04])]",Success
4994,"[array([-3.01407031e+01,  6.46730678e+04]), array([ 2.12337553e+01, -4.55616283e+04])]",Success
5000,"[array([-2.76599117e+01,  5.94342402e+04]), array([ 2.26991667e+01, -4.87751513e+04])]",Success
5001,"[array([-2.50791680e+01,  5.38964547e+04]), array([ 2.48060285e+01, -5.33098561e+04])]",Success
5002,"[array([-2.73516253e+01,  5.87846147e+04]), array([ 2.29013609e+01, -4.92202509e+04])]",Success
5003,"[array([-2.55393362e+01,  5.49025960e+04]), array([ 2.43479969e+01, -5.23417349e+04])]",Success
5005,"[array([-2.72857094e+01,  5.87104817e+04]), array([ 2.29170002e+01, -4.93105611e+04])]",Success
5006,"[array([-2.91873006e+01,  6.28138145e+04]), array([ 2.17007833e+01, -4.67022729e+04])]",Success
5007,"[array([-2.82264956e+01,  6.07656138e+04]), array([ 2.22946586e+01, -4.79961401e+04])]",Success
5008,"[array([-2.88047519e+01,  6.20280830e+04]), array([ 2.19188524e+01, -4.72000256e+04])]",Success
5009,"[array([-2.57789181e+01,  5.55225029e+04]), array([ 2.41149609e+01, -5.19388028e+04])]",Success
5010,"[array([-2.81502050e+01,  6.06467355e+04]), array([ 2.23043960e+01, -4.80525824e+04])]",Success
5011,"[array([-2.57199715e+01,  5.54161729e+04]), array([ 2.41559192e+01, -5.20463694e+04])]",Success
5013,"[array([-2.67939318e+01,  5.77650232e+04]), array([ 2.32363345e+01, -5.00952017e+04])]",Success
5014,"[array([-2.96511046e+01,  6.39337045e+04]), array([ 2.13893438e+01, -4.61196516e+04])]",Success
5016,"[array([-2.72906568e+01,  5.88876632e+04]), array([ 2.28752580e+01, -4.93602918e+04])]",Success
5017,"[array([-2.05247847e+01,  4.42923385e+04]), array([ 3.14317996e+01, -6.78298051e+04])]",Success
5018,"[array([-3.13064588e+01,  6.75842172e+04]), array([ 2.05706091e+01, -4.44078769e+04])]",Success
5019,"[array([-3.34778605e+01,  7.22919389e+04]), array([ 1.97068257e+01, -4.25550344e+04])]",Success
5020,"[array([-2.41622819e+01,  5.21903535e+04]), array([ 2.56229116e+01, -5.53455547e+04])]",Success
5022,"[array([-2.89779395e+01,  6.26182852e+04]), array([ 2.17460537e+01, -4.69910854e+04])]",Success
5023,"[array([-2.54923158e+01,  5.50885747e+04]), array([ 2.42795745e+01, -5.24683322e+04])]",Success
5024,"[array([-2.84504684e+01,  6.15067081e+04]), array([ 2.20528763e+01, -4.76761989e+04])]",Success
5026,"[array([-2.99425044e+01,  6.47714135e+04]), array([ 2.12205427e+01, -4.59044530e+04])]",Success
5028,"[array([-2.79664331e+01,  6.05276286e+04]), array([ 2.23295469e+01, -4.83278968e+04])]",Success
5033,[],Success
5012,"[array([-2.95460830e+01,  6.36775966e+04]), array([ 2.14995982e+01, -4.63359514e+04])]",Success
5015,"[array([-2.97568755e+01,  6.41854948e+04]), array([ 2.13346396e+01, -4.60188562e+04])]",Success
5021,"[array([-2.51589153e+01,  5.43580484e+04]), array([ 2.46141356e+01, -5.31815128e+04])]",Success
5025,"[array([-3.09430584e+01,  6.69140976e+04]), array([ 2.07104944e+01, -4.47866003e+04])]",Success
5027,"[array([-2.52545365e+01,  5.46327682e+04]), array([ 2.44912380e+01, -5.29820199e+04])]",Success
5029,"[array([-2.66765253e+01,  5.77491725e+04]), array([ 2.32422929e+01, -5.03150161e+04])]",Success
5030,"[array([-2.67622101e+01,  5.79399529e+04]), array([ 2.31970839e+01, -5.02217386e+04])]",Success
5031,"[array([-2.72583470e+01,  5.90304744e+04]), array([ 2.28093415e+01, -4.93959757e+04])]",Success
5032,"[array([-2.99040632e+01,  6.47838180e+04]), array([ 2.12181909e+01, -4.59672402e+04])]",Success
5034,[],Success
5035,[],Success
5039,[],Success
5040,[],Success
5041,[],Success
5042,[],Success
5043,[],Success
5044,[],Success
5045,[],Success
5046,[],Success
5047,[],Success
5048,[],Success
5049,[],Success
5050,[],Success
5051,[],Success
5052,[],Success
5036,[],Success
5037,[],Success
5038,[],Success
5053,[],Success
5054,[],Success
5055,[],Success
5056,[],Success
5057,[],Success
5058,[],Success
5059,"[array([-3.09256678e+01,  6.68765100e+04]), array([ 2.07065071e+01, -4.47779702e+04])]",Success
5060,"[array([-2.99605159e+01,  6.48103470e+04]), array([ 2.12017737e+01, -4.58638410e+04])]",Success
5061,"[array([-2.52394649e+01,  5.46001431e+04]), array([ 2.44688836e+01, -5.29336251e+04])]",Success
5062,"[array([-2.79427427e+01,  6.04763893e+04]), array([ 2.23270756e+01, -4.83225381e+04])]",Success
5063,"[array([-2.66834901e+01,  5.77642209e+04]), array([ 2.32643129e+01, -5.03627362e+04])]",Success
5064,"[array([-2.67406282e+01,  5.78932581e+04]), array([ 2.31778285e+01, -5.01800364e+04])]",Success
5065,"[array([-2.72660991e+01,  5.90472234e+04]), array([ 2.28173316e+01, -4.94132880e+04])]",Success
5066,"[array([-2.98289054e+01,  6.46210923e+04]), array([ 2.12159781e+01, -4.59624586e+04])]",Success
5067,"[array([-2.40625235e+01,  5.21481222e+04]), array([ 2.56468872e+01, -5.55819769e+04])]",Success
5068,"[array([-2.81999709e+01,  6.11318868e+04]), array([ 2.21392312e+01, -4.79933979e+04])]",Success
5069,"[array([-2.69791930e+01,  5.84934679e+04]), array([ 2.29970243e+01, -4.98599098e+04])]",Success
5073,"[array([-2.70025567e+01,  5.86115636e+04]), array([ 2.29496867e+01, -4.98146166e+04])]",Success
5074,"[array([-2.91160745e+01,  6.32049782e+04]), array([ 2.15973655e+01, -4.68836086e+04])]",Success
5075,"[array([-2.76312193e+01,  6.00038114e+04]), array([ 2.25143268e+01, -4.88921534e+04])]",Success
5076,"[array([-2.80984891e+01,  6.10382688e+04]), array([ 2.21738077e+01, -4.81681224e+04])]",Success
5077,"[array([-2.68570687e+01,  5.83550543e+04]), array([ 2.30345285e+01, -5.00493484e+04])]",Success
5070,"[array([-2.89469916e+01,  6.27653819e+04]), array([ 2.17102437e+01, -4.70744884e+04])]",Success
5071,"[array([-2.53029033e+01,  5.48894356e+04]), array([ 2.43630106e+01, -5.28507536e+04])]",Success
5072,"[array([-2.94951004e+01,  6.39894230e+04]), array([ 2.13750942e+01, -4.63733345e+04])]",Success
5078,"[array([-2.83157935e+01,  6.15273821e+04]), array([ 2.20317403e+01, -4.78726781e+04])]",Success
5079,"[array([-2.83802942e+01,  6.16902372e+04]), array([ 2.19928493e+01, -4.78057859e+04])]",Success
5080,"[array([-2.85755714e+01,  6.21204556e+04]), array([ 2.18578055e+01, -4.75166123e+04])]",Success
5081,"[array([-2.39082578e+01,  5.19980019e+04]), array([ 2.57359552e+01, -5.59731343e+04])]",Success
5082,"[array([-2.90354366e+01,  6.31636281e+04]), array([ 2.15691815e+01, -4.69215707e+04])]",Success
5083,"[array([-2.46058776e+01,  5.35447581e+04]), array([ 2.49760763e+01, -5.43504982e+04])]",Success
5084,"[array([-2.84910161e+01,  6.20191740e+04]), array([ 2.1881501e+01, -4.7631661e+04])]",Success
5085,"[array([-2.58578900e+01,  5.62899622e+04]), array([ 2.37833315e+01, -5.17739815e+04])]",Success
5087,"[array([-2.49397813e+01,  5.43261902e+04]), array([ 2.46190917e+01, -5.36278079e+04])]",Success
5088,"[array([-2.90430592e+01,  6.32789639e+04]), array([ 2.15310569e+01, -4.69118666e+04])]",Success
5089,"[array([-2.64786189e+01,  5.76994502e+04]), array([ 2.32615904e+01, -5.06893993e+04])]",Success
5090,"[array([-2.78722304e+01,  6.07558526e+04]), array([ 2.22429864e+01, -4.84852762e+04])]",Success
5091,"[array([-2.81117207e+01,  6.12890276e+04]), array([ 2.20949137e+01, -4.81713907e+04])]",Success
5092,"[array([-2.98239380e+01,  6.50516575e+04]), array([ 2.10968315e+01, -4.60165771e+04])]",Success
5093,"[array([-2.57486173e+01,  5.61729426e+04]), array([ 2.38477126e+01, -5.20266321e+04])]",Success
5094,"[array([-2.85570198e+01,  6.23082597e+04]), array([ 2.17994428e+01, -4.75643591e+04])]",Success
5095,"[array([-3.67864596e+01,  8.02783707e+04]), array([ 1.85027133e+01, -4.03788436e+04])]",Success
5096,"[array([-2.92905144e+01,  6.39526778e+04]), array([ 2.13823273e+01, -4.66863615e+04])]",Success
5097,"[array([-2.37286705e+01,  5.18158585e+04]), array([ 2.58499446e+01, -5.64488628e+04])]",Success
5099,"[array([-2.96968023e+01,  6.48751380e+04]), array([ 2.11542328e+01, -4.62136825e+04])]",Success
5101,"[array([-2.57194800e+01,  5.62173976e+04]), array([ 2.37979096e+01, -5.20175077e+04])]",Success
5102,"[array([-2.51467790e+01,  5.49782293e+04]), array([ 2.43101934e+01, -5.31494022e+04])]",Success
5086,"[array([-2.85236519e+01,  6.21130493e+04]), array([ 2.18622898e+01, -4.76073649e+04])]",Success
5098,"[array([-2.66984141e+01,  5.83196868e+04]), array([ 2.30363517e+01, -5.03207112e+04])]",Success
5100,"[array([-2.92294325e+01,  6.38836209e+04]), array([ 2.13996707e+01, -4.67712500e+04])]",Success
5104,"[array([-2.95291663e+01,  6.46037835e+04]), array([ 2.12075396e+01, -4.63978886e+04])]",Success
5105,"[array([-2.42994412e+01,  5.31791894e+04]), array([ 2.51356568e+01, -5.50093938e+04])]",Success
5106,"[array([-2.87098600e+01,  6.28487083e+04]), array([ 2.16701823e+01, -4.74381831e+04])]",Success
5107,"[array([-2.68704986e+01,  5.88301991e+04]), array([ 2.28411598e+01, -5.00083984e+04])]",Success
5109,"[array([-3.03524947e+01,  6.64961149e+04]), array([ 2.07768541e+01, -4.55179834e+04])]",Success
5110,"[array([-3.15882197e+01,  6.92064971e+04]), array([ 2.02020673e+01, -4.42607376e+04])]",Success
5112,"[array([-2.76050160e+01,  6.05183869e+04]), array([ 2.23173645e+01, -4.89263965e+04])]",Success
5113,"[array([-2.87498847e+01,  6.30540831e+04]), array([ 2.15936906e+01, -4.73593071e+04])]",Success
5114,"[array([-2.60621329e+01,  5.71594261e+04]), array([ 2.34288485e+01, -5.13841580e+04])]",Success
5115,"[array([-3.20143878e+01,  7.02265712e+04]), array([ 1.99928691e+01, -4.38563502e+04])]",Success
5116,"[array([-2.78151912e+01,  6.10486890e+04]), array([ 2.21528130e+01, -4.86210065e+04])]",Success
5118,"[array([-2.78086828e+01,  6.10594093e+04]), array([ 2.21674219e+01, -4.86730479e+04])]",Success
5119,"[array([-2.67876297e+01,  5.88336129e+04]), array([ 2.28620692e+01, -5.02119812e+04])]",Success
5120,"[array([-3.05861222e+01,  6.71792189e+04]), array([ 2.06195720e+01, -4.52888514e+04])]",Success
5121,"[array([-2.31987544e+01,  5.09698722e+04]), array([ 2.63263996e+01, -5.78417893e+04])]",Success
5122,"[array([-2.89375361e+01,  6.36104189e+04]), array([ 2.14445817e+01, -4.71394972e+04])]",Success
5124,"[array([-2.83746779e+01,  6.23957970e+04]), array([ 2.17999479e+01, -4.79381095e+04])]",Success
5126,"[array([-2.86961532e+01,  6.31286254e+04]), array([ 2.15701507e+01, -4.74521315e+04])]",Success
5131,[],Success
5135,[],Success
5137,[],Success
5139,[],Success
5108,"[array([-2.87365054e+01,  6.29328139e+04]), array([ 2.16463302e+01, -4.74055129e+04])]",Success
5111,"[array([-2.80417055e+01,  6.14532934e+04]), array([ 2.20398840e+01, -4.83004332e+04])]",Success
5123,"[array([-2.29412289e+01,  5.04407435e+04]), array([ 2.66804914e+01, -5.86624634e+04])]",Success
5127,"[array([-2.51455136e+01,  5.53460615e+04]), array([ 2.41726790e+01, -5.32049566e+04])]",Success
5130,[],Success
5132,[],Success
5133,[],Success
5134,[],Success
5136,[],Success
5138,[],Success
5140,[],Success
5141,[],Success
5142,[],Success
5143,[],Success
5144,[],Success
5145,[],Success
5146,[],Success
5147,[],Success
5148,[],Success
5149,[],Success
5150,[],Success
5151,[],Success
5152,[],Success
5153,[],Success
5154,[],Success
5103,"[array([-2.88767778e+01,  6.31735150e+04]), array([ 2.15573167e+01, -4.71609952e+04])]",Success
5117,"[array([-2.15511252e+01,  4.73088982e+04]), array([ 2.88099246e+01, -6.32435963e+04])]",Success
5125,"[array([-2.59074988e+01,  5.69757088e+04]), array([ 2.35385295e+01, -5.17659659e+04])]",Success
5128,"[array([-2.76699014e+01,  6.09089854e+04]), array([ 2.22185027e+01, -4.89092107e+04])]",Success
5129,"[array([-2.97505099e+01,  6.54948689e+04]), array([ 2.09757729e+01, -4.61777359e+04])]",Success
5155,[],Success
5156,[],Success
5157,[],Success
5158,[],Success
5159,[],Success
5160,[],Success
5161,[],Success
5162,[],Success
5163,[],Success
5164,[],Success
5165,"[array([-2.89542114e+01,  6.36470680e+04]), array([ 2.14039696e+01, -4.70501545e+04])]",Success
5166,"[array([-2.29488935e+01,  5.04575744e+04]), array([ 2.66530991e+01, -5.86022188e+04])]",Success
5168,"[array([-2.58714039e+01,  5.68963749e+04]), array([ 2.35150447e+01, -5.17142928e+04])]",Success
5169,"[array([-2.86759673e+01,  6.30842072e+04]), array([ 2.15629364e+01, -4.74362524e+04])]",Success
5171,"[array([-2.76164672e+01,  6.07914418e+04]), array([ 2.22216424e+01, -4.89161385e+04])]",Success
5172,"[array([-2.97580244e+01,  6.55114158e+04]), array([ 2.09776828e+01, -4.61819383e+04])]",Success
5175,"[array([-3.08322115e+01,  6.79383763e+04]), array([ 2.04190203e+01, -4.49937099e+04])]",Success
5176,"[array([-2.56775012e+01,  5.66037372e+04]), array([ 2.36626159e+01, -5.21626026e+04])]",Success
5178,"[array([-2.68484621e+01,  5.92137521e+04]), array([ 2.27274206e+01, -5.01253759e+04])]",Success
5180,"[array([-2.63281235e+01,  5.80836715e+04]), array([ 2.31263873e+01, -5.10205710e+04])]",Success
5167,"[array([-2.82931564e+01,  6.22166291e+04]), array([ 2.17781419e+01, -4.78901302e+04])]",Success
5170,"[array([-2.51254199e+01,  5.53018745e+04]), array([ 2.41766256e+01, -5.32136536e+04])]",Success
5173,"[array([-2.86861179e+01,  6.31823469e+04]), array([ 2.15583554e+01, -4.74831840e+04])]",Success
5174,"[array([-2.49520016e+01,  5.49640871e+04]), array([ 2.43140940e+01, -5.35593968e+04])]",Success
5177,"[array([-2.43140940e+01,  5.35992476e+04]), array([ 2.49520016e+01, -5.50058861e+04])]",Success
5179,"[array([-2.88871888e+01,  6.37119783e+04]), array([ 2.14090334e+01, -4.72190415e+04])]",Success
5181,"[array([-2.94949113e+01,  6.51029819e+04]), array([ 2.10534376e+01, -4.64708998e+04])]",Success
5182,"[array([-2.73415218e+01,  6.03509785e+04]), array([ 2.23478623e+01, -4.93290230e+04])]",Success
5183,"[array([-2.78341618e+01,  6.14427061e+04]), array([ 2.20291762e+01, -4.86286943e+04])]",Success
5184,"[array([-3.07804928e+01,  6.79585672e+04]), array([ 2.04270543e+01, -4.50999559e+04])]",Success
5185,"[array([-2.33176752e+01,  5.15154252e+04]), array([ 2.60176165e+01, -5.74807328e+04])]",Success
5186,"[array([-7.02026463e+01,  1.55152633e+05]), array([ 1.44764684e+01, -3.19941425e+04])]",Success
5187,"[array([-1.90526843e+01,  4.21091880e+04]), array([ 3.42736914e+01, -7.57504086e+04])]",Success
5188,"[array([-2.83386829e+01,  6.26405138e+04]), array([ 2.16956378e+01, -4.79567165e+04])]",Success
5189,"[array([-2.74875767e+01,  6.07690739e+04]), array([ 2.22024542e+01, -4.90851424e+04])]",Success
5190,"[array([-2.91967633e+01,  6.45849858e+04]), array([ 2.11839294e+01, -4.68601592e+04])]",Success
5191,"[array([-3.28463587e+01,  7.26998459e+04]), array([ 1.95415045e+01, -4.32526524e+04])]",Success
5192,"[array([-2.01801158e+01,  4.46699979e+04]), array([ 3.12664073e+01, -6.92107451e+04])]",Success
5194,"[array([-2.86245048e+01,  6.33902438e+04]), array([ 2.14870956e+01, -4.75845011e+04])]",Success
5195,"[array([-2.77104905e+01,  6.14123435e+04]), array([ 2.20148580e+01, -4.87901847e+04])]",Success
5196,"[array([-3.07548391e+01,  6.81596040e+04]), array([ 2.03929024e+01, -4.51960691e+04])]",Success
5197,"[array([-2.31476401e+01,  5.13272262e+04]), array([ 2.61733147e+01, -5.80386665e+04])]",Success
5199,"[array([-3.35396285e+01,  7.44010872e+04]), array([ 1.92479182e+01, -4.26983221e+04])]",Success
5201,"[array([-2.52752437e+01,  5.61159484e+04]), array([ 2.38547358e+01, -5.29626297e+04])]",Success
5205,"[array([-2.51148512e+01,  5.57813544e+04]), array([ 2.39888442e+01, -5.32806848e+04])]",Success
5193,"[array([-2.43534572e+01,  5.39282851e+04]), array([ 2.47944654e+01, -5.49052090e+04])]",Success
5198,"[array([-3.11297337e+01,  6.90401231e+04]), array([ 2.01998518e+01, -4.48005267e+04])]",Success
5200,"[array([-2.22385613e+01,  4.93420117e+04]), array([ 2.73534304e+01, -6.06912825e+04])]",Success
5202,"[array([-2.47916287e+01,  5.50471007e+04]), array([ 2.43021593e+01, -5.39611437e+04])]",Success
5203,"[array([-3.63634968e+01,  8.07429722e+04]), array([ 1.83717070e+01, -4.07938909e+04])]",Success
5204,"[array([-3.00220577e+01,  6.66636603e+04]), array([ 2.06874684e+01, -4.59366146e+04])]",Success
5206,"[array([-2.82515447e+01,  6.27806636e+04]), array([ 2.16421244e+01, -4.80933258e+04])]",Success
5208,"[array([-3.51529934e+01,  7.81431974e+04]), array([ 1.86842030e+01, -4.15340915e+04])]",Success
5209,"[array([-3.35628474e+01,  7.46533945e+04]), array([ 1.92049705e+01, -4.27174515e+04])]",Success
5210,"[array([-1.46929732e+01,  3.26818455e+04]), array([ 6.54149924e+01, -1.45505046e+05])]",Success
5211,"[array([-2.47140749e+01,  5.49760892e+04]), array([ 2.43470342e+01, -5.41600856e+04])]",Success
5212,"[array([-2.7076870e+01,  6.0269764e+04]), array([ 2.23710628e+01, -4.97954941e+04])]",Success
5213,"[array([-2.66368342e+01,  5.92917367e+04]), array([ 2.26806255e+01, -5.04858383e+04])]",Success
5214,"[array([-2.88904794e+01,  6.43267644e+04]), array([ 2.12129405e+01, -4.72324607e+04])]",Success
5215,"[array([-2.68344059e+01,  5.97844586e+04]), array([ 2.25300787e+01, -5.01951562e+04])]",Success
5217,"[array([-2.66249579e+01,  5.93568506e+04]), array([ 2.26705130e+01, -5.05411909e+04])]",Success
5218,"[array([-3.26359046e+01,  7.27577758e+04]), array([ 1.95038382e+01, -4.34816245e+04])]",Success
5220,"[array([-2.37385111e+01,  5.29690636e+04]), array([ 2.52511398e+01, -5.63445599e+04])]",Success
5221,"[array([-3.61846229e+01,  8.07444707e+04]), array([ 1.83353425e+01, -4.09147023e+04])]",Success
5223,"[array([-2.88711621e+01,  6.44738490e+04]), array([ 2.11804819e+01, -4.72994979e+04])]",Success
5224,"[array([-3.06665223e+01,  6.85203589e+04]), array([ 2.02839673e+01, -4.53221710e+04])]",Success
5225,"[array([-1.42730298e+01,  3.18913896e+04]), array([ 7.28898645e+01, -1.62864418e+05])]",Success
5227,"[array([-1.20411198e+02,  2.69189823e+05]), array([ 1.30658959e+01, -2.92103662e+04])]",Success
5228,"[array([-1.86372415e+01,  4.16662447e+04]), array([ 3.50912634e+01, -7.84519877e+04])]",Success
5229,"[array([-3.49834933e+01,  7.82475897e+04]), array([ 1.86472379e+01, -4.17084756e+04])]",Success
5207,"[array([-1.98604483e+01,  4.41485781e+04]), array([ 3.18332412e+01, -7.07637843e+04])]",Success
5216,"[array([-2.96863718e+01,  6.61420598e+04]), array([ 2.08131379e+01, -4.63725012e+04])]",Success
5219,"[array([-2.96797538e+01,  6.61679290e+04]), array([ 2.07908935e+01, -4.63513475e+04])]",Success
5222,"[array([-2.88034689e+01,  6.43180900e+04]), array([ 2.12354010e+01, -4.74186749e+04])]",Success
5226,"[array([-2.94530987e+01,  6.58121941e+04]), array([ 2.08345075e+01, -4.65543364e+04])]",Success
5230,"[array([-2.50596044e+01,  5.60561005e+04]), array([ 2.38662899e+01, -5.33871000e+04])]",Success
5231,"[array([-2.76558697e+01,  6.18651674e+04]), array([ 2.18880680e+01, -4.89631142e+04])]",Success
5232,"[array([-2.49831254e+01,  5.58889663e+04]), array([ 2.39360743e+01, -5.35470515e+04])]",Success
5233,"[array([-2.92296938e+01,  6.54411883e+04]), array([ 2.09317500e+01, -4.68633984e+04])]",Success
5234,"[array([-3.36803056e+01,  7.54209106e+04]), array([ 1.90628438e+01, -4.26891845e+04])]",Success
5235,"[array([-1.89451719e+01,  4.24297823e+04]), array([ 3.40540122e+01, -7.62682429e+04])]",Success
5237,"[array([-1.97688750e+01,  4.42986662e+04]), array([ 3.17221483e+01, -7.10845590e+04])]",Success
5238,"[array([-2.75875761e+01,  6.18337598e+04]), array([ 2.18831932e+01, -4.90481247e+04])]",Success
5239,"[array([-2.43580781e+01,  5.45950261e+04]), array([ 2.45284144e+01, -5.49784533e+04])]",Success
5240,"[array([-1.48054740e+01,  3.31984112e+04]), array([ 6.24617707e+01, -1.40060359e+05])]",Success
5241,"[array([-3.86574424e+01,  8.66879538e+04]), array([ 1.76473587e+01, -3.95739474e+04])]",Success
5242,"[array([-3.28174811e+01,  7.36481991e+04]), array([ 1.93287212e+01, -4.33775793e+04])]",Success
5244,"[array([-3.08316730e+01,  6.92263263e+04]), array([ 2.01164030e+01, -4.51680158e+04])]",Success
5247,"[array([-2.16371696e+01,  4.85999251e+04]), array([ 2.79141642e+01, -6.27000460e+04])]",Success
5248,"[array([-6.11884047e+01,  1.37452200e+05]), array([ 1.48526334e+01, -3.33648849e+04])]",Success
5249,"[array([-1.11252117e+01,  2.50062288e+04])]",Success
5250,"[array([-2.89854159e+01,  6.51565074e+04]), array([ 2.09858566e+01, -4.71742690e+04])]",Success
5251,"[array([-3.80073450e+01,  8.55249295e+04])]",Success
5252,[],Success
5253,[],Success
5236,"[array([-3.02004216e+01,  6.76685509e+04]), array([ 2.04267411e+01, -4.57692165e+04])]",Success
5243,"[array([-2.86434958e+01,  6.42815755e+04]), array([ 2.12164874e+01, -4.76141736e+04])]",Success
5245,"[array([-9.77551805e+01,  2.19555633e+05]), array([ 1.34373222e+01, -3.01806566e+04])]",Success
5246,"[array([-1.75135976e+01,  3.93368836e+04]), array([ 3.93213947e+01, -8.83200032e+04])]",Success
